eof,lat,lon,loading,variance_explained_pct
EOF1,-14.5,0.5,0.013545870780944824,99.758
EOF1,-14.5,1.0,0.013546372763812542,99.758
EOF1,-14.5,1.5,0.013547230511903763,99.758
EOF1,-14.5,2.0,0.013547818176448345,99.758
EOF1,-14.5,2.5,0.013547374866902828,99.758
EOF1,-14.5,3.0,0.013546537607908249,99.758
EOF1,-14.5,3.5,0.01354547031223774,99.758
EOF1,-14.5,4.0,0.013543828390538692,99.758
EOF1,-14.5,4.5,0.01354151964187622,99.758
EOF1,-14.5,5.0,0.013539375737309456,99.758
EOF1,-14.5,5.5,0.013537022285163403,99.758
EOF1,-14.5,6.0,0.013535834848880768,99.758
EOF1,-14.5,6.5,0.01353503204882145,99.758
EOF1,-14.5,7.0,0.013533991761505604,99.758
EOF1,-14.5,7.5,0.01353254821151495,99.758
EOF1,-14.5,8.0,0.013527858071029186,99.758
EOF1,-14.5,8.5,0.013523142784833908,99.758
EOF1,-14.5,9.0,0.013518505729734898,99.758
EOF1,-14.5,9.5,0.013515916652977467,99.758
EOF1,-14.5,10.0,0.013519915752112865,99.758
EOF1,-14.5,10.5,0.013522556982934475,99.758
EOF1,-14.5,11.0,0.013522306457161903,99.758
EOF1,-14.5,11.5,0.013533572666347027,99.758
EOF1,-14.5,12.0,0.013548295013606548,99.758
EOF1,-14.5,12.5,0.013554083183407784,99.758
EOF1,-14.5,13.0,0.013553686439990997,99.758
EOF1,-14.5,13.5,0.013555916026234627,99.758
EOF1,-14.5,14.0,0.01355810184031725,99.758
EOF1,-14.5,14.5,0.013558869250118732,99.758
EOF1,-14.5,15.0,0.013557660393416882,99.758
EOF1,-14.5,15.5,0.01355789229273796,99.758
EOF1,-14.5,16.0,0.01355754118412733,99.758
EOF1,-14.5,16.5,0.013556582853198051,99.758
EOF1,-14.5,17.0,0.013555759564042091,99.758
EOF1,-14.5,17.5,0.013555499725043774,99.758
EOF1,-14.5,18.0,0.013554900884628296,99.758
EOF1,-14.5,18.5,0.013553973287343979,99.758
EOF1,-14.5,19.0,0.013553633354604244,99.758
EOF1,-14.5,19.5,0.013554017059504986,99.758
EOF1,-14.5,20.0,0.013554138131439686,99.758
EOF1,-14.5,20.5,0.013553845696151257,99.758
EOF1,-14.5,21.0,0.013552742078900337,99.758
EOF1,-14.5,21.5,0.013551181182265282,99.758
EOF1,-14.5,22.0,0.013549380004405975,99.758
EOF1,-14.5,22.5,0.013547183014452457,99.758
EOF1,-14.5,23.0,0.013548580929636955,99.758
EOF1,-14.5,23.5,0.013549462892115116,99.758
EOF1,-14.5,24.0,0.013549934141337872,99.758
EOF1,-14.5,24.5,0.013550237752497196,99.758
EOF1,-14.5,25.0,0.013550523668527603,99.758
EOF1,-14.5,25.5,0.013550237752497196,99.758
EOF1,-14.5,26.0,0.0135497460141778,99.758
EOF1,-14.5,26.5,0.013549878261983395,99.758
EOF1,-14.5,27.0,0.013550648465752602,99.758
EOF1,-14.5,27.5,0.013551279902458191,99.758
EOF1,-14.5,28.0,0.013551558367908001,99.758
EOF1,-14.5,28.5,0.013552365824580193,99.758
EOF1,-14.5,29.0,0.013553192839026451,99.758
EOF1,-14.5,29.5,0.013553899712860584,99.758
EOF1,-14.5,30.0,0.013554484583437443,99.758
EOF1,-14.5,30.5,0.013553223572671413,99.758
EOF1,-14.5,31.0,0.013552462682127953,99.758
EOF1,-14.5,31.5,0.013552273623645306,99.758
EOF1,-14.5,32.0,0.013551748357713223,99.758
EOF1,-14.5,32.5,0.013550523668527603,99.758
EOF1,-14.5,33.0,0.013549129478633404,99.758
EOF1,-14.5,33.5,0.013548789545893669,99.758
EOF1,-14.5,34.0,0.01354968175292015,99.758
EOF1,-14.5,34.5,0.013551371172070503,99.758
EOF1,-14.0,0.5,0.013544942252337933,99.758
EOF1,-14.0,1.0,0.013546175323426723,99.758
EOF1,-14.0,1.5,0.013547230511903763,99.758
EOF1,-14.0,2.0,0.01354781910777092,99.758
EOF1,-14.0,2.5,0.013547365553677082,99.758
EOF1,-14.0,3.0,0.013546822592616081,99.758
EOF1,-14.0,3.5,0.013546100817620754,99.758
EOF1,-14.0,4.0,0.013544580899178982,99.758
EOF1,-14.0,4.5,0.013542442582547665,99.758
EOF1,-14.0,5.0,0.013540079817175865,99.758
EOF1,-14.0,5.5,0.013537745922803879,99.758
EOF1,-14.0,6.0,0.013536612503230572,99.758
EOF1,-14.0,6.5,0.013535574078559875,99.758
EOF1,-14.0,7.0,0.013534313067793846,99.758
EOF1,-14.0,7.5,0.013532822020351887,99.758
EOF1,-14.0,8.0,0.013528430834412575,99.758
EOF1,-14.0,8.5,0.013523338362574577,99.758
EOF1,-14.0,9.0,0.013517607003450394,99.758
EOF1,-14.0,9.5,0.013515058904886246,99.758
EOF1,-14.0,10.0,0.01351739838719368,99.758
EOF1,-14.0,10.5,0.013517740182578564,99.758
EOF1,-14.0,11.0,0.013517821207642555,99.758
EOF1,-14.0,11.5,0.013530106283724308,99.758
EOF1,-14.0,12.0,0.013546103611588478,99.758
EOF1,-14.0,12.5,0.013553655706346035,99.758
EOF1,-14.0,13.0,0.013554816134274006,99.758
EOF1,-14.0,13.5,0.01355680264532566,99.758
EOF1,-14.0,14.0,0.013559510931372643,99.758
EOF1,-14.0,14.5,0.013559198938310146,99.758
EOF1,-14.0,15.0,0.01355630625039339,99.758
EOF1,-14.0,15.5,0.013556613586843014,99.758
EOF1,-14.0,16.0,0.013556761667132378,99.758
EOF1,-14.0,16.5,0.013556737452745438,99.758
EOF1,-14.0,17.0,0.013555923476815224,99.758
EOF1,-14.0,17.5,0.013556083664298058,99.758
EOF1,-14.0,18.0,0.013555743731558323,99.758
EOF1,-14.0,18.5,0.013554946519434452,99.758
EOF1,-14.0,19.0,0.01355467177927494,99.758
EOF1,-14.0,19.5,0.01355473231524229,99.758
EOF1,-14.0,20.0,0.013554560951888561,99.758
EOF1,-14.0,20.5,0.013554261066019535,99.758
EOF1,-14.0,21.0,0.013553096912801266,99.758
EOF1,-14.0,21.5,0.013551405631005764,99.758
EOF1,-14.0,22.0,0.01354939490556717,99.758
EOF1,-14.0,22.5,0.013547269627451897,99.758
EOF1,-14.0,23.0,0.013548235408961773,99.758
EOF1,-14.0,23.5,0.01354884821921587,99.758
EOF1,-14.0,24.0,0.013549251481890678,99.758
EOF1,-14.0,24.5,0.013549544848501682,99.758
EOF1,-14.0,25.0,0.013549977913498878,99.758
EOF1,-14.0,25.5,0.013550291769206524,99.758
EOF1,-14.0,26.0,0.01355033740401268,99.758
EOF1,-14.0,26.5,0.013550495728850365,99.758
EOF1,-14.0,27.0,0.013550943695008755,99.758
EOF1,-14.0,27.5,0.013551262207329273,99.758
EOF1,-14.0,28.0,0.013551540672779083,99.758
EOF1,-14.0,28.5,0.013552283868193626,99.758
EOF1,-14.0,29.0,0.013553167693316936,99.758
EOF1,-14.0,29.5,0.013553890399634838,99.758
EOF1,-14.0,30.0,0.013554444536566734,99.758
EOF1,-14.0,30.5,0.013553157448768616,99.758
EOF1,-14.0,31.0,0.013551626354455948,99.758
EOF1,-14.0,31.5,0.013549876399338245,99.758
EOF1,-14.0,32.0,0.01354940701276064,99.758
EOF1,-14.0,32.5,0.013548589311540127,99.758
EOF1,-14.0,33.0,0.013548294082283974,99.758
EOF1,-14.0,33.5,0.013547942973673344,99.758
EOF1,-14.0,34.0,0.013549004681408405,99.758
EOF1,-14.0,34.5,0.013551040552556515,99.758
EOF1,-13.5,0.5,0.013544405810534954,99.758
EOF1,-13.5,1.0,0.013545668683946133,99.758
EOF1,-13.5,1.5,0.01354676391929388,99.758
EOF1,-13.5,2.0,0.013546905480325222,99.758
EOF1,-13.5,2.5,0.013546442613005638,99.758
EOF1,-13.5,3.0,0.013545923866331577,99.758
EOF1,-13.5,3.5,0.013545313850045204,99.758
EOF1,-13.5,4.0,0.01354418508708477,99.758
EOF1,-13.5,4.5,0.01354223769158125,99.758
EOF1,-13.5,5.0,0.013540004380047321,99.758
EOF1,-13.5,5.5,0.013537566177546978,99.758
EOF1,-13.5,6.0,0.013536226004362106,99.758
EOF1,-13.5,6.5,0.013535099104046822,99.758
EOF1,-13.5,7.0,0.01353374682366848,99.758
EOF1,-13.5,7.5,0.01353216078132391,99.758
EOF1,-13.5,8.0,0.01352792140096426,99.758
EOF1,-13.5,8.5,0.013522988185286522,99.758
EOF1,-13.5,9.0,0.013517406769096851,99.758
EOF1,-13.5,9.5,0.013512464240193367,99.758
EOF1,-13.5,10.0,0.013512687757611275,99.758
EOF1,-13.5,10.5,0.013513283804059029,99.758
EOF1,-13.5,11.0,0.013513636775314808,99.758
EOF1,-13.5,11.5,0.013526762835681438,99.758
EOF1,-13.5,12.0,0.013543869368731976,99.758
EOF1,-13.5,12.5,0.013552207499742508,99.758
EOF1,-13.5,13.0,0.013554864563047886,99.758
EOF1,-13.5,13.5,0.013558483682572842,99.758
EOF1,-13.5,14.0,0.013560089282691479,99.758
EOF1,-13.5,14.5,0.01355870719999075,99.758
EOF1,-13.5,15.0,0.013554790057241917,99.758
EOF1,-13.5,15.5,0.013555148616433144,99.758
EOF1,-13.5,16.0,0.013555340468883514,99.758
EOF1,-13.5,16.5,0.013555366545915604,99.758
EOF1,-13.5,17.0,0.01355606596916914,99.758
EOF1,-13.5,17.5,0.013556493446230888,99.758
EOF1,-13.5,18.0,0.013556398451328278,99.758
EOF1,-13.5,18.5,0.013555814512073994,99.758
EOF1,-13.5,19.0,0.013555344194173813,99.758
EOF1,-13.5,19.5,0.013555247336626053,99.758
EOF1,-13.5,20.0,0.013555018231272697,99.758
EOF1,-13.5,20.5,0.01355475839227438,99.758
EOF1,-13.5,21.0,0.013553583063185215,99.758
EOF1,-13.5,21.5,0.013551830314099789,99.758
EOF1,-13.5,22.0,0.013549765571951866,99.758
EOF1,-13.5,22.5,0.013547585345804691,99.758
EOF1,-13.5,23.0,0.013549254275858402,99.758
EOF1,-13.5,23.5,0.013549929484724998,99.758
EOF1,-13.5,24.0,0.01355039793998003,99.758
EOF1,-13.5,24.5,0.013550751842558384,99.758
EOF1,-13.5,25.0,0.01355122309178114,99.758
EOF1,-13.5,25.5,0.013551564887166023,99.758
EOF1,-13.5,26.0,0.013551781885325909,99.758
EOF1,-13.5,26.5,0.01355179212987423,99.758
EOF1,-13.5,27.0,0.013552039861679077,99.758
EOF1,-13.5,27.5,0.013552377931773663,99.758
EOF1,-13.5,28.0,0.01355267595499754,99.758
EOF1,-13.5,28.5,0.013552100397646427,99.758
EOF1,-13.5,29.0,0.013552923686802387,99.758
EOF1,-13.5,29.5,0.01355359610170126,99.758
EOF1,-13.5,30.0,0.013554100878536701,99.758
EOF1,-13.5,30.5,0.013553261756896973,99.758
EOF1,-13.5,31.0,0.013551746495068073,99.758
EOF1,-13.5,31.5,0.013549990020692348,99.758
EOF1,-13.5,32.0,0.013548454269766808,99.758
EOF1,-13.5,32.5,0.013548157177865505,99.758
EOF1,-13.5,33.0,0.013547797687351704,99.758
EOF1,-13.5,33.5,0.013547820970416069,99.758
EOF1,-13.5,34.0,0.013549772091209888,99.758
EOF1,-13.5,34.5,0.013551807962357998,99.758
EOF1,-13.0,0.5,0.01354345865547657,99.758
EOF1,-13.0,1.0,0.013544399291276932,99.758
EOF1,-13.0,1.5,0.01354486495256424,99.758
EOF1,-13.0,2.0,0.0135450828820467,99.758
EOF1,-13.0,2.5,0.013544623740017414,99.758
EOF1,-13.0,3.0,0.013544056564569473,99.758
EOF1,-13.0,3.5,0.013543524779379368,99.758
EOF1,-13.0,4.0,0.013542413711547852,99.758
EOF1,-13.0,4.5,0.013540667481720448,99.758
EOF1,-13.0,5.0,0.013538660481572151,99.758
EOF1,-13.0,5.5,0.013536311686038971,99.758
EOF1,-13.0,6.0,0.01353490725159645,99.758
EOF1,-13.0,6.5,0.013533663004636765,99.758
EOF1,-13.0,7.0,0.013532293029129505,99.758
EOF1,-13.0,7.5,0.013530735857784748,99.758
EOF1,-13.0,8.0,0.013526508584618568,99.758
EOF1,-13.0,8.5,0.013521450571715832,99.758
EOF1,-13.0,9.0,0.013515518978238106,99.758
EOF1,-13.0,9.5,0.013510591350495815,99.758
EOF1,-13.0,10.0,0.013510315679013729,99.758
EOF1,-13.0,10.5,0.013509760610759258,99.758
EOF1,-13.0,11.0,0.013510232791304588,99.758
EOF1,-13.0,11.5,0.013524001464247704,99.758
EOF1,-13.0,12.0,0.013541968539357185,99.758
EOF1,-13.0,12.5,0.01354935858398676,99.758
EOF1,-13.0,13.0,0.013553482480347157,99.758
EOF1,-13.0,13.5,0.01355835236608982,99.758
EOF1,-13.0,14.0,0.013560106046497822,99.758
EOF1,-13.0,14.5,0.0135584007948637,99.758
EOF1,-13.0,15.0,0.013554100878536701,99.758
EOF1,-13.0,15.5,0.013554433360695839,99.758
EOF1,-13.0,16.0,0.013555048033595085,99.758
EOF1,-13.0,16.5,0.013555566780269146,99.758
EOF1,-13.0,17.0,0.013555736280977726,99.758
EOF1,-13.0,17.5,0.013556449674069881,99.758
EOF1,-13.0,18.0,0.013557004742324352,99.758
EOF1,-13.0,18.5,0.013556493446230888,99.758
EOF1,-13.0,19.0,0.013556006364524364,99.758
EOF1,-13.0,19.5,0.013555807061493397,99.758
EOF1,-13.0,20.0,0.013555657118558884,99.758
EOF1,-13.0,20.5,0.01355538796633482,99.758
EOF1,-13.0,21.0,0.013554161414504051,99.758
EOF1,-13.0,21.5,0.013552413322031498,99.758
EOF1,-13.0,22.0,0.0135504687204957,99.758
EOF1,-13.0,22.5,0.013548276387155056,99.758
EOF1,-13.0,23.0,0.01355037558823824,99.758
EOF1,-13.0,23.5,0.013552157208323479,99.758
EOF1,-13.0,24.0,0.013553032651543617,99.758
EOF1,-13.0,24.5,0.013553516939282417,99.758
EOF1,-13.0,25.0,0.013553897850215435,99.758
EOF1,-13.0,25.5,0.013554180040955544,99.758
EOF1,-13.0,26.0,0.013554380275309086,99.758
EOF1,-13.0,26.5,0.013554360717535019,99.758
EOF1,-13.0,27.0,0.013554138131439686,99.758
EOF1,-13.0,27.5,0.013554020784795284,99.758
EOF1,-13.0,28.0,0.013554352335631847,99.758
EOF1,-13.0,28.5,0.0135538000613451,99.758
EOF1,-13.0,29.0,0.013552800752222538,99.758
EOF1,-13.0,29.5,0.013552511110901833,99.758
EOF1,-13.0,30.0,0.013552956283092499,99.758
EOF1,-13.0,30.5,0.013552247546613216,99.758
EOF1,-13.0,31.0,0.013551456853747368,99.758
EOF1,-13.0,31.5,0.01354993972927332,99.758
EOF1,-13.0,32.0,0.013548404909670353,99.758
EOF1,-13.0,32.5,0.013548009097576141,99.758
EOF1,-13.0,33.0,0.013548904098570347,99.758
EOF1,-13.0,33.5,0.013550245203077793,99.758
EOF1,-13.0,34.0,0.01355200819671154,99.758
EOF1,-13.0,34.5,0.01355366688221693,99.758
EOF1,-12.5,0.5,0.013541525229811668,99.758
EOF1,-12.5,1.0,0.013542130589485168,99.758
EOF1,-12.5,1.5,0.013542679138481617,99.758
EOF1,-12.5,2.0,0.01354296039789915,99.758
EOF1,-12.5,2.5,0.013542554341256618,99.758
EOF1,-12.5,3.0,0.013542060740292072,99.758
EOF1,-12.5,3.5,0.01354147307574749,99.758
EOF1,-12.5,4.0,0.01354032102972269,99.758
EOF1,-12.5,4.5,0.013538547791540623,99.758
EOF1,-12.5,5.0,0.01353656966239214,99.758
EOF1,-12.5,5.5,0.013534416444599628,99.758
EOF1,-12.5,6.0,0.013533107005059719,99.758
EOF1,-12.5,6.5,0.013531947508454323,99.758
EOF1,-12.5,7.0,0.013530595228075981,99.758
EOF1,-12.5,7.5,0.013529087416827679,99.758
EOF1,-12.5,8.0,0.013524645939469337,99.758
EOF1,-12.5,8.5,0.013519437052309513,99.758
EOF1,-12.5,9.0,0.013513470068573952,99.758
EOF1,-12.5,9.5,0.013508549891412258,99.758
EOF1,-12.5,10.0,0.013508432544767857,99.758
EOF1,-12.5,10.5,0.013507992029190063,99.758
EOF1,-12.5,11.0,0.013507289811968803,99.758
EOF1,-12.5,11.5,0.013516667298972607,99.758
EOF1,-12.5,12.0,0.013531948439776897,99.758
EOF1,-12.5,12.5,0.013542357832193375,99.758
EOF1,-12.5,13.0,0.013548816554248333,99.758
EOF1,-12.5,13.5,0.013555463403463364,99.758
EOF1,-12.5,14.0,0.013558327220380306,99.758
EOF1,-12.5,14.5,0.013557196594774723,99.758
EOF1,-12.5,15.0,0.01355312205851078,99.758
EOF1,-12.5,15.5,0.013554200530052185,99.758
EOF1,-12.5,16.0,0.013554566539824009,99.758
EOF1,-12.5,16.5,0.013554266653954983,99.758
EOF1,-12.5,17.0,0.013553905300796032,99.758
EOF1,-12.5,17.5,0.013554871082305908,99.758
EOF1,-12.5,18.0,0.013555662706494331,99.758
EOF1,-12.5,18.5,0.013556296937167645,99.758
EOF1,-12.5,19.0,0.013556530699133873,99.758
EOF1,-12.5,19.5,0.013556408695876598,99.758
EOF1,-12.5,20.0,0.013556159101426601,99.758
EOF1,-12.5,20.5,0.013555784709751606,99.758
EOF1,-12.5,21.0,0.013554539531469345,99.758
EOF1,-12.5,21.5,0.013552797958254814,99.758
EOF1,-12.5,22.0,0.013550782576203346,99.758
EOF1,-12.5,22.5,0.013548525050282478,99.758
EOF1,-12.5,23.0,0.013550795614719391,99.758
EOF1,-12.5,23.5,0.013552749529480934,99.758
EOF1,-12.5,24.0,0.013554353266954422,99.758
EOF1,-12.5,24.5,0.013555419631302357,99.758
EOF1,-12.5,25.0,0.013555803336203098,99.758
EOF1,-12.5,25.5,0.013556101359426975,99.758
EOF1,-12.5,26.0,0.013556314632296562,99.758
EOF1,-12.5,26.5,0.013556268997490406,99.758
EOF1,-12.5,27.0,0.01355598121881485,99.758
EOF1,-12.5,27.5,0.013555631041526794,99.758
EOF1,-12.5,28.0,0.013555212877690792,99.758
EOF1,-12.5,28.5,0.013554509729146957,99.758
EOF1,-12.5,29.0,0.01355354767292738,99.758
EOF1,-12.5,29.5,0.013552389107644558,99.758
EOF1,-12.5,30.0,0.013551050797104836,99.758
EOF1,-12.5,30.5,0.01355029921978712,99.758
EOF1,-12.5,31.0,0.013549461960792542,99.758
EOF1,-12.5,31.5,0.013548550195991993,99.758
EOF1,-12.5,32.0,0.013548116199672222,99.758
EOF1,-12.5,32.5,0.013549436815083027,99.758
EOF1,-12.5,33.0,0.013550752773880959,99.758
EOF1,-12.5,33.5,0.0135520463809371,99.758
EOF1,-12.5,34.0,0.013552880845963955,99.758
EOF1,-12.5,34.5,0.013552806340157986,99.758
EOF1,-12.0,0.5,0.013539113104343414,99.758
EOF1,-12.0,1.0,0.013539056293666363,99.758
EOF1,-12.0,1.5,0.013539651408791542,99.758
EOF1,-12.0,2.0,0.013539981096982956,99.758
EOF1,-12.0,2.5,0.013539631851017475,99.758
EOF1,-12.0,3.0,0.013539168983697891,99.758
EOF1,-12.0,3.5,0.013538602739572525,99.758
EOF1,-12.0,4.0,0.013537389226257801,99.758
EOF1,-12.0,4.5,0.013535471633076668,99.758
EOF1,-12.0,5.0,0.013533846475183964,99.758
EOF1,-12.0,5.5,0.01353348046541214,99.758
EOF1,-12.0,6.0,0.013533109799027443,99.758
EOF1,-12.0,6.5,0.013532453216612339,99.758
EOF1,-12.0,7.0,0.013531079515814781,99.758
EOF1,-12.0,7.5,0.01352952141314745,99.758
EOF1,-12.0,8.0,0.01352389995008707,99.758
EOF1,-12.0,8.5,0.013518049381673336,99.758
EOF1,-12.0,9.0,0.013512121513485909,99.758
EOF1,-12.0,9.5,0.013507215306162834,99.758
EOF1,-12.0,10.0,0.013507078401744366,99.758
EOF1,-12.0,10.5,0.013506660237908363,99.758
EOF1,-12.0,11.0,0.013506983406841755,99.758
EOF1,-12.0,11.5,0.013514143414795399,99.758
EOF1,-12.0,12.0,0.013526205904781818,99.758
EOF1,-12.0,12.5,0.013538537546992302,99.758
EOF1,-12.0,13.0,0.01354648731648922,99.758
EOF1,-12.0,13.5,0.013554300181567669,99.758
EOF1,-12.0,14.0,0.013557898811995983,99.758
EOF1,-12.0,14.5,0.013557208701968193,99.758
EOF1,-12.0,15.0,0.01355273462831974,99.758
EOF1,-12.0,15.5,0.01355432067066431,99.758
EOF1,-12.0,16.0,0.013554571196436882,99.758
EOF1,-12.0,16.5,0.013553876429796219,99.758
EOF1,-12.0,17.0,0.013553251512348652,99.758
EOF1,-12.0,17.5,0.01355429645627737,99.758
EOF1,-12.0,18.0,0.013555160723626614,99.758
EOF1,-12.0,18.5,0.013555364683270454,99.758
EOF1,-12.0,19.0,0.013555329293012619,99.758
EOF1,-12.0,19.5,0.013555125333368778,99.758
EOF1,-12.0,20.0,0.013554797507822514,99.758
EOF1,-12.0,20.5,0.01355434488505125,99.758
EOF1,-12.0,21.0,0.013552929274737835,99.758
EOF1,-12.0,21.5,0.013550980016589165,99.758
EOF1,-12.0,22.0,0.013549569062888622,99.758
EOF1,-12.0,22.5,0.013548828661441803,99.758
EOF1,-12.0,23.0,0.013551165349781513,99.758
EOF1,-12.0,23.5,0.013553180731832981,99.758
EOF1,-12.0,24.0,0.013554449193179607,99.758
EOF1,-12.0,24.5,0.013555209152400494,99.758
EOF1,-12.0,25.0,0.013555526733398438,99.758
EOF1,-12.0,25.5,0.013555853627622128,99.758
EOF1,-12.0,26.0,0.013556116260588169,99.758
EOF1,-12.0,26.5,0.01355606596916914,99.758
EOF1,-12.0,27.0,0.013555693440139294,99.758
EOF1,-12.0,27.5,0.013555328361690044,99.758
EOF1,-12.0,28.0,0.013554899953305721,99.758
EOF1,-12.0,28.5,0.013554158620536327,99.758
EOF1,-12.0,29.0,0.013553157448768616,99.758
EOF1,-12.0,29.5,0.013551941141486168,99.758
EOF1,-12.0,30.0,0.01355048269033432,99.758
EOF1,-12.0,30.5,0.013549776747822762,99.758
EOF1,-12.0,31.0,0.013548998162150383,99.758
EOF1,-12.0,31.5,0.013547489419579506,99.758
EOF1,-12.0,32.0,0.013546604663133621,99.758
EOF1,-12.0,32.5,0.013548875227570534,99.758
EOF1,-12.0,33.0,0.013550374656915665,99.758
EOF1,-12.0,33.5,0.013551614247262478,99.758
EOF1,-12.0,34.0,0.013552411459386349,99.758
EOF1,-12.0,34.5,0.013552334159612656,99.758
EOF1,-11.5,0.5,0.013537896797060966,99.758
EOF1,-11.5,1.0,0.013537130318582058,99.758
EOF1,-11.5,1.5,0.01353631354868412,99.758
EOF1,-11.5,2.0,0.013536670245230198,99.758
EOF1,-11.5,2.5,0.013536359183490276,99.758
EOF1,-11.5,3.0,0.013535936363041401,99.758
EOF1,-11.5,3.5,0.013535412028431892,99.758
EOF1,-11.5,4.0,0.013534137979149818,99.758
EOF1,-11.5,4.5,0.013533564284443855,99.758
EOF1,-11.5,5.0,0.013533279299736023,99.758
EOF1,-11.5,5.5,0.013532804325222969,99.758
EOF1,-11.5,6.0,0.013532356359064579,99.758
EOF1,-11.5,6.5,0.013531842269003391,99.758
EOF1,-11.5,7.0,0.013531186617910862,99.758
EOF1,-11.5,7.5,0.013529794290661812,99.758
EOF1,-11.5,8.0,0.013524312525987625,99.758
EOF1,-11.5,8.5,0.013517936691641808,99.758
EOF1,-11.5,9.0,0.01351072359830141,99.758
EOF1,-11.5,9.5,0.013505833223462105,99.758
EOF1,-11.5,10.0,0.01350628212094307,99.758
EOF1,-11.5,10.5,0.013506917282938957,99.758
EOF1,-11.5,11.0,0.013507151044905186,99.758
EOF1,-11.5,11.5,0.013514221645891666,99.758
EOF1,-11.5,12.0,0.013526180759072304,99.758
EOF1,-11.5,12.5,0.013535459525883198,99.758
EOF1,-11.5,13.0,0.013543475419282913,99.758
EOF1,-11.5,13.5,0.013552624732255936,99.758
EOF1,-11.5,14.0,0.013557692058384418,99.758
EOF1,-11.5,14.5,0.01355675421655178,99.758
EOF1,-11.5,15.0,0.013551796786487103,99.758
EOF1,-11.5,15.5,0.013553394936025143,99.758
EOF1,-11.5,16.0,0.01355381403118372,99.758
EOF1,-11.5,16.5,0.01355309970676899,99.758
EOF1,-11.5,17.0,0.013552216812968254,99.758
EOF1,-11.5,17.5,0.013553070835769176,99.758
EOF1,-11.5,18.0,0.013553452678024769,99.758
EOF1,-11.5,18.5,0.013553672470152378,99.758
EOF1,-11.5,19.0,0.013553628697991371,99.758
EOF1,-11.5,19.5,0.013553394004702568,99.758
EOF1,-11.5,20.0,0.013553103432059288,99.758
EOF1,-11.5,20.5,0.013552650809288025,99.758
EOF1,-11.5,21.0,0.013551062904298306,99.758
EOF1,-11.5,21.5,0.013550454750657082,99.758
EOF1,-11.5,22.0,0.013549740426242352,99.758
EOF1,-11.5,22.5,0.013548917137086391,99.758
EOF1,-11.5,23.0,0.013551157899200916,99.758
EOF1,-11.5,23.5,0.013552648946642876,99.758
EOF1,-11.5,24.0,0.013553904369473457,99.758
EOF1,-11.5,24.5,0.013554767705500126,99.758
EOF1,-11.5,25.0,0.013555132783949375,99.758
EOF1,-11.5,25.5,0.013555491343140602,99.758
EOF1,-11.5,26.0,0.013555812649428844,99.758
EOF1,-11.5,26.5,0.013555814512073994,99.758
EOF1,-11.5,27.0,0.013555481098592281,99.758
EOF1,-11.5,27.5,0.013555046170949936,99.758
EOF1,-11.5,28.0,0.013554557226598263,99.758
EOF1,-11.5,28.5,0.013553787022829056,99.758
EOF1,-11.5,29.0,0.013552498072385788,99.758
EOF1,-11.5,29.5,0.013550976291298866,99.758
EOF1,-11.5,30.0,0.013549217954277992,99.758
EOF1,-11.5,30.5,0.013548373244702816,99.758
EOF1,-11.5,31.0,0.013546769507229328,99.758
EOF1,-11.5,31.5,0.013544886372983456,99.758
EOF1,-11.5,32.0,0.01354391872882843,99.758
EOF1,-11.5,32.5,0.013546451926231384,99.758
EOF1,-11.5,33.0,0.013548851013183594,99.758
EOF1,-11.5,33.5,0.013550816103816032,99.758
EOF1,-11.5,34.0,0.013551582582294941,99.758
EOF1,-11.5,34.5,0.013551055453717709,99.758
EOF1,-11.0,0.5,0.01353699155151844,99.758
EOF1,-11.0,1.0,0.013536215759813786,99.758
EOF1,-11.0,1.5,0.01353538129478693,99.758
EOF1,-11.0,2.0,0.013535196892917156,99.758
EOF1,-11.0,2.5,0.013534877449274063,99.758
EOF1,-11.0,3.0,0.01353443693369627,99.758
EOF1,-11.0,3.5,0.013533652760088444,99.758
EOF1,-11.0,4.0,0.013533266261219978,99.758
EOF1,-11.0,4.5,0.01353330910205841,99.758
EOF1,-11.0,5.0,0.013532955199480057,99.758
EOF1,-11.0,5.5,0.013532400131225586,99.758
EOF1,-11.0,6.0,0.013531793840229511,99.758
EOF1,-11.0,6.5,0.013531215488910675,99.758
EOF1,-11.0,7.0,0.013530517928302288,99.758
EOF1,-11.0,7.5,0.013529671356081963,99.758
EOF1,-11.0,8.0,0.013524249196052551,99.758
EOF1,-11.0,8.5,0.013517948798835278,99.758
EOF1,-11.0,9.0,0.013510840013623238,99.758
EOF1,-11.0,9.5,0.0135066919028759,99.758
EOF1,-11.0,10.0,0.013507572002708912,99.758
EOF1,-11.0,10.5,0.013508136384189129,99.758
EOF1,-11.0,11.0,0.013508295640349388,99.758
EOF1,-11.0,11.5,0.01351154688745737,99.758
EOF1,-11.0,12.0,0.013522529043257236,99.758
EOF1,-11.0,12.5,0.013532626442611217,99.758
EOF1,-11.0,13.0,0.013540229760110378,99.758
EOF1,-11.0,13.5,0.013551939278841019,99.758
EOF1,-11.0,14.0,0.013557888567447662,99.758
EOF1,-11.0,14.5,0.013557366095483303,99.758
EOF1,-11.0,15.0,0.01355254091322422,99.758
EOF1,-11.0,15.5,0.01355342473834753,99.758
EOF1,-11.0,16.0,0.013553103432059288,99.758
EOF1,-11.0,16.5,0.013551666401326656,99.758
EOF1,-11.0,17.0,0.013551613315939903,99.758
EOF1,-11.0,17.5,0.013550768606364727,99.758
EOF1,-11.0,18.0,0.013551285490393639,99.758
EOF1,-11.0,18.5,0.013551639392971992,99.758
EOF1,-11.0,19.0,0.013551639392971992,99.758
EOF1,-11.0,19.5,0.01355136651545763,99.758
EOF1,-11.0,20.0,0.013551034964621067,99.758
EOF1,-11.0,20.5,0.013551309704780579,99.758
EOF1,-11.0,21.0,0.0135520463809371,99.758
EOF1,-11.0,21.5,0.013551567681133747,99.758
EOF1,-11.0,22.0,0.013550958596169949,99.758
EOF1,-11.0,22.5,0.013550237752497196,99.758
EOF1,-11.0,23.0,0.01355096884071827,99.758
EOF1,-11.0,23.5,0.013552486896514893,99.758
EOF1,-11.0,24.0,0.013553756289184093,99.758
EOF1,-11.0,24.5,0.013554642908275127,99.758
EOF1,-11.0,25.0,0.013555035926401615,99.758
EOF1,-11.0,25.5,0.013555405661463737,99.758
EOF1,-11.0,26.0,0.01355562824755907,99.758
EOF1,-11.0,26.5,0.013555450364947319,99.758
EOF1,-11.0,27.0,0.013555226847529411,99.758
EOF1,-11.0,27.5,0.013554895296692848,99.758
EOF1,-11.0,28.0,0.013554220087826252,99.758
EOF1,-11.0,28.5,0.01355383638292551,99.758
EOF1,-11.0,29.0,0.01355247013270855,99.758
EOF1,-11.0,29.5,0.013550856150686741,99.758
EOF1,-11.0,30.0,0.01354900375008583,99.758
EOF1,-11.0,30.5,0.01354759931564331,99.758
EOF1,-11.0,31.0,0.013545905239880085,99.758
EOF1,-11.0,31.5,0.013543923385441303,99.758
EOF1,-11.0,32.0,0.013542722910642624,99.758
EOF1,-11.0,32.5,0.013544563204050064,99.758
EOF1,-11.0,33.0,0.013547170907258987,99.758
EOF1,-11.0,33.5,0.013549627736210823,99.758
EOF1,-11.0,34.0,0.013551386073231697,99.758
EOF1,-11.0,34.5,0.013550939969718456,99.758
EOF1,-10.5,0.5,0.013536345213651657,99.758
EOF1,-10.5,1.0,0.013535978272557259,99.758
EOF1,-10.5,1.5,0.013535911217331886,99.758
EOF1,-10.5,2.0,0.013535689562559128,99.758
EOF1,-10.5,2.5,0.013535289093852043,99.758
EOF1,-10.5,3.0,0.013534070923924446,99.758
EOF1,-10.5,3.5,0.013532456010580063,99.758
EOF1,-10.5,4.0,0.013531948439776897,99.758
EOF1,-10.5,4.5,0.013532627373933792,99.758
EOF1,-10.5,5.0,0.013532978482544422,99.758
EOF1,-10.5,5.5,0.013532381504774094,99.758
EOF1,-10.5,6.0,0.013531696051359177,99.758
EOF1,-10.5,6.5,0.01353095006197691,99.758
EOF1,-10.5,7.0,0.013530160300433636,99.758
EOF1,-10.5,7.5,0.01352925505489111,99.758
EOF1,-10.5,8.0,0.013523845002055168,99.758
EOF1,-10.5,8.5,0.01351839303970337,99.758
EOF1,-10.5,9.0,0.013513199985027313,99.758
EOF1,-10.5,9.5,0.013509174808859825,99.758
EOF1,-10.5,10.0,0.01350985374301672,99.758
EOF1,-10.5,10.5,0.01351027563214302,99.758
EOF1,-10.5,11.0,0.013510385528206825,99.758
EOF1,-10.5,11.5,0.013513528741896152,99.758
EOF1,-10.5,12.0,0.013519443571567535,99.758
EOF1,-10.5,12.5,0.01352614350616932,99.758
EOF1,-10.5,13.0,0.013535359874367714,99.758
EOF1,-10.5,13.5,0.013549496419727802,99.758
EOF1,-10.5,14.0,0.013556535355746746,99.758
EOF1,-10.5,14.5,0.01355683896690607,99.758
EOF1,-10.5,15.0,0.013553159311413765,99.758
EOF1,-10.5,15.5,0.013552463613450527,99.758
EOF1,-10.5,16.0,0.01355262566357851,99.758
EOF1,-10.5,16.5,0.013553641736507416,99.758
EOF1,-10.5,17.0,0.013553225435316563,99.758
EOF1,-10.5,17.5,0.013551084324717522,99.758
EOF1,-10.5,18.0,0.013548658229410648,99.758
EOF1,-10.5,18.5,0.013549227267503738,99.758
EOF1,-10.5,19.0,0.013549321331083775,99.758
EOF1,-10.5,19.5,0.013549027033150196,99.758
EOF1,-10.5,20.0,0.013550039380788803,99.758
EOF1,-10.5,20.5,0.013550887815654278,99.758
EOF1,-10.5,21.0,0.01355169340968132,99.758
EOF1,-10.5,21.5,0.013552461750805378,99.758
EOF1,-10.5,22.0,0.013552655465900898,99.758
EOF1,-10.5,22.5,0.013552225194871426,99.758
EOF1,-10.5,23.0,0.013552662916481495,99.758
EOF1,-10.5,23.5,0.01355306152254343,99.758
EOF1,-10.5,24.0,0.013554021716117859,99.758
EOF1,-10.5,24.5,0.013554842211306095,99.758
EOF1,-10.5,25.0,0.013555220328271389,99.758
EOF1,-10.5,25.5,0.013555158860981464,99.758
EOF1,-10.5,26.0,0.013554902747273445,99.758
EOF1,-10.5,26.5,0.013554764911532402,99.758
EOF1,-10.5,27.0,0.013554701581597328,99.758
EOF1,-10.5,27.5,0.01355409063398838,99.758
EOF1,-10.5,28.0,0.01355312392115593,99.758
EOF1,-10.5,28.5,0.01355309970676899,99.758
EOF1,-10.5,29.0,0.013552982360124588,99.758
EOF1,-10.5,29.5,0.01355194766074419,99.758
EOF1,-10.5,30.0,0.01355021446943283,99.758
EOF1,-10.5,30.5,0.013548823073506355,99.758
EOF1,-10.5,31.0,0.013547205366194248,99.758
EOF1,-10.5,31.5,0.013545443303883076,99.758
EOF1,-10.5,32.0,0.013544340617954731,99.758
EOF1,-10.5,32.5,0.013545488938689232,99.758
EOF1,-10.5,33.0,0.013546296395361423,99.758
EOF1,-10.5,33.5,0.013548904098570347,99.758
EOF1,-10.5,34.0,0.01355060376226902,99.758
EOF1,-10.5,34.5,0.013551135547459126,99.758
EOF1,-10.0,0.5,0.013536355458199978,99.758
EOF1,-10.0,1.0,0.013536385260522366,99.758
EOF1,-10.0,1.5,0.013536296784877777,99.758
EOF1,-10.0,2.0,0.013535820879042149,99.758
EOF1,-10.0,2.5,0.01353439036756754,99.758
EOF1,-10.0,3.0,0.013532773591578007,99.758
EOF1,-10.0,3.5,0.01353099849075079,99.758
EOF1,-10.0,4.0,0.013530364260077477,99.758
EOF1,-10.0,4.5,0.013530985452234745,99.758
EOF1,-10.0,5.0,0.013531528413295746,99.758
EOF1,-10.0,5.5,0.013531994074583054,99.758
EOF1,-10.0,6.0,0.013531523756682873,99.758
EOF1,-10.0,6.5,0.013530722819268703,99.758
EOF1,-10.0,7.0,0.01352982223033905,99.758
EOF1,-10.0,7.5,0.013528852723538876,99.758
EOF1,-10.0,8.0,0.013524889945983887,99.758
EOF1,-10.0,8.5,0.013520406559109688,99.758
EOF1,-10.0,9.0,0.013515406288206577,99.758
EOF1,-10.0,9.5,0.013511504977941513,99.758
EOF1,-10.0,10.0,0.01351199485361576,99.758
EOF1,-10.0,10.5,0.013512265868484974,99.758
EOF1,-10.0,11.0,0.01351231336593628,99.758
EOF1,-10.0,11.5,0.013515384867787361,99.758
EOF1,-10.0,12.0,0.013521119952201843,99.758
EOF1,-10.0,12.5,0.013526173308491707,99.758
EOF1,-10.0,13.0,0.013530589640140533,99.758
EOF1,-10.0,13.5,0.013546104542911053,99.758
EOF1,-10.0,14.0,0.013555423356592655,99.758
EOF1,-10.0,14.5,0.01355600357055664,99.758
EOF1,-10.0,15.0,0.013550160452723503,99.758
EOF1,-10.0,15.5,0.013553159311413765,99.758
EOF1,-10.0,16.0,0.013554731383919716,99.758
EOF1,-10.0,16.5,0.013555099256336689,99.758
EOF1,-10.0,17.0,0.013554338365793228,99.758
EOF1,-10.0,17.5,0.01355249248445034,99.758
EOF1,-10.0,18.0,0.01355032343417406,99.758
EOF1,-10.0,18.5,0.013547873124480247,99.758
EOF1,-10.0,19.0,0.013547164388000965,99.758
EOF1,-10.0,19.5,0.013548247516155243,99.758
EOF1,-10.0,20.0,0.013549160212278366,99.758
EOF1,-10.0,20.5,0.01354990154504776,99.758
EOF1,-10.0,21.0,0.013550765812397003,99.758
EOF1,-10.0,21.5,0.013551653362810612,99.758
EOF1,-10.0,22.0,0.013552471995353699,99.758
EOF1,-10.0,22.5,0.013553223572671413,99.758
EOF1,-10.0,23.0,0.013553673401474953,99.758
EOF1,-10.0,23.5,0.013554083183407784,99.758
EOF1,-10.0,24.0,0.013554451987147331,99.758
EOF1,-10.0,24.5,0.01355464942753315,99.758
EOF1,-10.0,25.0,0.013554418459534645,99.758
EOF1,-10.0,25.5,0.013554133474826813,99.758
EOF1,-10.0,26.0,0.013553791679441929,99.758
EOF1,-10.0,26.5,0.013553534634411335,99.758
EOF1,-10.0,27.0,0.013553150929510593,99.758
EOF1,-10.0,27.5,0.01355242170393467,99.758
EOF1,-10.0,28.0,0.013551336713135242,99.758
EOF1,-10.0,28.5,0.013551668263971806,99.758
EOF1,-10.0,29.0,0.013552062213420868,99.758
EOF1,-10.0,29.5,0.013551896438002586,99.758
EOF1,-10.0,30.0,0.01355118677020073,99.758
EOF1,-10.0,30.5,0.01354981865733862,99.758
EOF1,-10.0,31.0,0.013548278249800205,99.758
EOF1,-10.0,31.5,0.013546557165682316,99.758
EOF1,-10.0,32.0,0.013545533642172813,99.758
EOF1,-10.0,32.5,0.013546915724873543,99.758
EOF1,-10.0,33.0,0.013547963462769985,99.758
EOF1,-10.0,33.5,0.01354861631989479,99.758
EOF1,-10.0,34.0,0.01354911271482706,99.758
EOF1,-10.0,34.5,0.013549418188631535,99.758
EOF1,-9.5,0.5,0.013537891209125519,99.758
EOF1,-9.5,1.0,0.01353791356086731,99.758
EOF1,-9.5,1.5,0.013537619262933731,99.758
EOF1,-9.5,2.0,0.01353674940764904,99.758
EOF1,-9.5,2.5,0.013534671626985073,99.758
EOF1,-9.5,3.0,0.013532856479287148,99.758
EOF1,-9.5,3.5,0.013531013391911983,99.758
EOF1,-9.5,4.0,0.013530315831303596,99.758
EOF1,-9.5,4.5,0.013530822470784187,99.758
EOF1,-9.5,5.0,0.013531339354813099,99.758
EOF1,-9.5,5.5,0.013531978242099285,99.758
EOF1,-9.5,6.0,0.013531561009585857,99.758
EOF1,-9.5,6.5,0.013530738651752472,99.758
EOF1,-9.5,7.0,0.01352945901453495,99.758
EOF1,-9.5,7.5,0.013527721166610718,99.758
EOF1,-9.5,8.0,0.013525634072721004,99.758
EOF1,-9.5,8.5,0.013522217981517315,99.758
EOF1,-9.5,9.0,0.013517345301806927,99.758
EOF1,-9.5,9.5,0.013513322919607162,99.758
EOF1,-9.5,10.0,0.013512997888028622,99.758
EOF1,-9.5,10.5,0.01351300161331892,99.758
EOF1,-9.5,11.0,0.013512961566448212,99.758
EOF1,-9.5,11.5,0.013515959493815899,99.758
EOF1,-9.5,12.0,0.013521621935069561,99.758
EOF1,-9.5,12.5,0.013526679016649723,99.758
EOF1,-9.5,13.0,0.013531164266169071,99.758
EOF1,-9.5,13.5,0.013546822592616081,99.758
EOF1,-9.5,14.0,0.013556476682424545,99.758
EOF1,-9.5,14.5,0.013556760735809803,99.758
EOF1,-9.5,15.0,0.01354856789112091,99.758
EOF1,-9.5,15.5,0.0135524682700634,99.758
EOF1,-9.5,16.0,0.013554456643760204,99.758
EOF1,-9.5,16.5,0.013554973527789116,99.758
EOF1,-9.5,17.0,0.013554317876696587,99.758
EOF1,-9.5,17.5,0.013552521355450153,99.758
EOF1,-9.5,18.0,0.013550410978496075,99.758
EOF1,-9.5,18.5,0.013549743220210075,99.758
EOF1,-9.5,19.0,0.013548926450312138,99.758
EOF1,-9.5,19.5,0.013548215851187706,99.758
EOF1,-9.5,20.0,0.01354906428605318,99.758
EOF1,-9.5,20.5,0.013549755327403545,99.758
EOF1,-9.5,21.0,0.01355094276368618,99.758
EOF1,-9.5,21.5,0.013551981188356876,99.758
EOF1,-9.5,22.0,0.013552796095609665,99.758
EOF1,-9.5,22.5,0.013553540222346783,99.758
EOF1,-9.5,23.0,0.013553966768085957,99.758
EOF1,-9.5,23.5,0.01355434488505125,99.758
EOF1,-9.5,24.0,0.013554221019148827,99.758
EOF1,-9.5,24.5,0.013553803786635399,99.758
EOF1,-9.5,25.0,0.013552989810705185,99.758
EOF1,-9.5,25.5,0.013552559539675713,99.758
EOF1,-9.5,26.0,0.013552227057516575,99.758
EOF1,-9.5,26.5,0.013552824966609478,99.758
EOF1,-9.5,27.0,0.013554103672504425,99.758
EOF1,-9.5,27.5,0.013553575612604618,99.758
EOF1,-9.5,28.0,0.013552678748965263,99.758
EOF1,-9.5,28.5,0.013552895747125149,99.758
EOF1,-9.5,29.0,0.01355306152254343,99.758
EOF1,-9.5,29.5,0.013552679680287838,99.758
EOF1,-9.5,30.0,0.01355205848813057,99.758
EOF1,-9.5,30.5,0.013550397008657455,99.758
EOF1,-9.5,31.0,0.013548573479056358,99.758
EOF1,-9.5,31.5,0.013546849600970745,99.758
EOF1,-9.5,32.0,0.013545512221753597,99.758
EOF1,-9.5,32.5,0.013545364141464233,99.758
EOF1,-9.5,33.0,0.01354602724313736,99.758
EOF1,-9.5,33.5,0.013546774163842201,99.758
EOF1,-9.5,34.0,0.013547454960644245,99.758
EOF1,-9.5,34.5,0.013548027724027634,99.758
EOF1,-9.0,0.5,0.013539140112698078,99.758
EOF1,-9.0,1.0,0.013538852334022522,99.758
EOF1,-9.0,1.5,0.013538410887122154,99.758
EOF1,-9.0,2.0,0.01353748980909586,99.758
EOF1,-9.0,2.5,0.013535396195948124,99.758
EOF1,-9.0,3.0,0.013533130288124084,99.758
EOF1,-9.0,3.5,0.013530825264751911,99.758
EOF1,-9.0,4.0,0.013530045747756958,99.758
EOF1,-9.0,4.5,0.013530688360333443,99.758
EOF1,-9.0,5.0,0.013531365431845188,99.758
EOF1,-9.0,5.5,0.013531986624002457,99.758
EOF1,-9.0,6.0,0.013531561940908432,99.758
EOF1,-9.0,6.5,0.013529950752854347,99.758
EOF1,-9.0,7.0,0.01352827437222004,99.758
EOF1,-9.0,7.5,0.01352651696652174,99.758
EOF1,-9.0,8.0,0.013524348847568035,99.758
EOF1,-9.0,8.5,0.01352190412580967,99.758
EOF1,-9.0,9.0,0.013519137166440487,99.758
EOF1,-9.0,9.5,0.013515186496078968,99.758
EOF1,-9.0,10.0,0.013514764606952667,99.758
EOF1,-9.0,10.5,0.013514149002730846,99.758
EOF1,-9.0,11.0,0.013513531535863876,99.758
EOF1,-9.0,11.5,0.013516462408006191,99.758
EOF1,-9.0,12.0,0.013522174209356308,99.758
EOF1,-9.0,12.5,0.013527115806937218,99.758
EOF1,-9.0,13.0,0.013531246222555637,99.758
EOF1,-9.0,13.5,0.013547015376389027,99.758
EOF1,-9.0,14.0,0.01355630625039339,99.758
EOF1,-9.0,14.5,0.013555717654526234,99.758
EOF1,-9.0,15.0,0.013546572998166084,99.758
EOF1,-9.0,15.5,0.013551026582717896,99.758
EOF1,-9.0,16.0,0.013553595170378685,99.758
EOF1,-9.0,16.5,0.013554763980209827,99.758
EOF1,-9.0,17.0,0.013554229401051998,99.758
EOF1,-9.0,17.5,0.01355336606502533,99.758
EOF1,-9.0,18.0,0.013552815653383732,99.758
EOF1,-9.0,18.5,0.013551658019423485,99.758
EOF1,-9.0,19.0,0.01355066243559122,99.758
EOF1,-9.0,19.5,0.01355006080120802,99.758
EOF1,-9.0,20.0,0.013549194671213627,99.758
EOF1,-9.0,20.5,0.013548962771892548,99.758
EOF1,-9.0,21.0,0.01355039980262518,99.758
EOF1,-9.0,21.5,0.013551793992519379,99.758
EOF1,-9.0,22.0,0.01355278491973877,99.758
EOF1,-9.0,22.5,0.013553528115153313,99.758
EOF1,-9.0,23.0,0.013553771190345287,99.758
EOF1,-9.0,23.5,0.013553546741604805,99.758
EOF1,-9.0,24.0,0.01355329155921936,99.758
EOF1,-9.0,24.5,0.01355287991464138,99.758
EOF1,-9.0,25.0,0.013552025891840458,99.758
EOF1,-9.0,25.5,0.013551106676459312,99.758
EOF1,-9.0,26.0,0.013550275936722755,99.758
EOF1,-9.0,26.5,0.013551013544201851,99.758
EOF1,-9.0,27.0,0.013552596792578697,99.758
EOF1,-9.0,27.5,0.013553772121667862,99.758
EOF1,-9.0,28.0,0.013553795404732227,99.758
EOF1,-9.0,28.5,0.013553885743021965,99.758
EOF1,-9.0,29.0,0.01355363242328167,99.758
EOF1,-9.0,29.5,0.013553202152252197,99.758
EOF1,-9.0,30.0,0.01355260144919157,99.758
EOF1,-9.0,30.5,0.013551217503845692,99.758
EOF1,-9.0,31.0,0.013549291528761387,99.758
EOF1,-9.0,31.5,0.013546799309551716,99.758
EOF1,-9.0,32.0,0.013545563444495201,99.758
EOF1,-9.0,32.5,0.013545885682106018,99.758
EOF1,-9.0,33.0,0.013545427471399307,99.758
EOF1,-9.0,33.5,0.013544680550694466,99.758
EOF1,-9.0,34.0,0.013545556925237179,99.758
EOF1,-9.0,34.5,0.013547422364354134,99.758
EOF1,-8.5,0.5,0.013539829291403294,99.758
EOF1,-8.5,1.0,0.013539493083953857,99.758
EOF1,-8.5,1.5,0.013539007864892483,99.758
EOF1,-8.5,2.0,0.013538030907511711,99.758
EOF1,-8.5,2.5,0.013535934500396252,99.758
EOF1,-8.5,3.0,0.013533656485378742,99.758
EOF1,-8.5,3.5,0.013531464152038097,99.758
EOF1,-8.5,4.0,0.013531003147363663,99.758
EOF1,-8.5,4.5,0.013531658798456192,99.758
EOF1,-8.5,5.0,0.013532312586903572,99.758
EOF1,-8.5,5.5,0.013532914221286774,99.758
EOF1,-8.5,6.0,0.013531902804970741,99.758
EOF1,-8.5,6.5,0.013530304655432701,99.758
EOF1,-8.5,7.0,0.013528645969927311,99.758
EOF1,-8.5,7.5,0.01352633349597454,99.758
EOF1,-8.5,8.0,0.013524770736694336,99.758
EOF1,-8.5,8.5,0.013522355817258358,99.758
EOF1,-8.5,9.0,0.013519644737243652,99.758
EOF1,-8.5,9.5,0.01351732574403286,99.758
EOF1,-8.5,10.0,0.01351681537926197,99.758
EOF1,-8.5,10.5,0.013516123406589031,99.758
EOF1,-8.5,11.0,0.013515124097466469,99.758
EOF1,-8.5,11.5,0.01352087315171957,99.758
EOF1,-8.5,12.0,0.013527283445000648,99.758
EOF1,-8.5,12.5,0.013531409204006195,99.758
EOF1,-8.5,13.0,0.013534793630242348,99.758
EOF1,-8.5,13.5,0.013546256348490715,99.758
EOF1,-8.5,14.0,0.01355647947639227,99.758
EOF1,-8.5,14.5,0.013556910678744316,99.758
EOF1,-8.5,15.0,0.01354883797466755,99.758
EOF1,-8.5,15.5,0.013552358373999596,99.758
EOF1,-8.5,16.0,0.013554208911955357,99.758
EOF1,-8.5,16.5,0.013554823584854603,99.758
EOF1,-8.5,17.0,0.013554645702242851,99.758
EOF1,-8.5,17.5,0.013554541394114494,99.758
EOF1,-8.5,18.0,0.0135538624599576,99.758
EOF1,-8.5,18.5,0.013552576303482056,99.758
EOF1,-8.5,19.0,0.01355153601616621,99.758
EOF1,-8.5,19.5,0.013551019132137299,99.758
EOF1,-8.5,20.0,0.013550257310271263,99.758
EOF1,-8.5,20.5,0.01354923378676176,99.758
EOF1,-8.5,21.0,0.013550381176173687,99.758
EOF1,-8.5,21.5,0.013551952317357063,99.758
EOF1,-8.5,22.0,0.013553128577768803,99.758
EOF1,-8.5,22.5,0.013554349541664124,99.758
EOF1,-8.5,23.0,0.013553768396377563,99.758
EOF1,-8.5,23.5,0.013553589582443237,99.758
EOF1,-8.5,24.0,0.013553375378251076,99.758
EOF1,-8.5,24.5,0.013552874326705933,99.758
EOF1,-8.5,25.0,0.013551740907132626,99.758
EOF1,-8.5,25.5,0.013550825417041779,99.758
EOF1,-8.5,26.0,0.01354983914643526,99.758
EOF1,-8.5,26.5,0.013550370931625366,99.758
EOF1,-8.5,27.0,0.013552227057516575,99.758
EOF1,-8.5,27.5,0.013553704135119915,99.758
EOF1,-8.5,28.0,0.013554418459534645,99.758
EOF1,-8.5,28.5,0.01355469599366188,99.758
EOF1,-8.5,29.0,0.013554581440985203,99.758
EOF1,-8.5,29.5,0.01355427410453558,99.758
EOF1,-8.5,30.0,0.013553792610764503,99.758
EOF1,-8.5,30.5,0.013552306219935417,99.758
EOF1,-8.5,31.0,0.01355067826807499,99.758
EOF1,-8.5,31.5,0.01354848314076662,99.758
EOF1,-8.5,32.0,0.013546263799071312,99.758
EOF1,-8.5,32.5,0.013546266593039036,99.758
EOF1,-8.5,33.0,0.013546455651521683,99.758
EOF1,-8.5,33.5,0.013545808382332325,99.758
EOF1,-8.5,34.0,0.013545291498303413,99.758
EOF1,-8.5,34.5,0.01354695949703455,99.758
EOF1,-8.0,0.5,0.01354039553552866,99.758
EOF1,-8.0,1.0,0.013540019281208515,99.758
EOF1,-8.0,1.5,0.013539502397179604,99.758
EOF1,-8.0,2.0,0.013538569211959839,99.758
EOF1,-8.0,2.5,0.013536481186747551,99.758
EOF1,-8.0,3.0,0.013534904457628727,99.758
EOF1,-8.0,3.5,0.013533488847315311,99.758
EOF1,-8.0,4.0,0.013533050194382668,99.758
EOF1,-8.0,4.5,0.013533607125282288,99.758
EOF1,-8.0,5.0,0.013534133322536945,99.758
EOF1,-8.0,5.5,0.013534712605178356,99.758
EOF1,-8.0,6.0,0.013533730059862137,99.758
EOF1,-8.0,6.5,0.013532008975744247,99.758
EOF1,-8.0,7.0,0.013529635034501553,99.758
EOF1,-8.0,7.5,0.013527141883969307,99.758
EOF1,-8.0,8.0,0.01352580264210701,99.758
EOF1,-8.0,8.5,0.013524274341762066,99.758
EOF1,-8.0,9.0,0.013521917164325714,99.758
EOF1,-8.0,9.5,0.013519691303372383,99.758
EOF1,-8.0,10.0,0.01351909339427948,99.758
EOF1,-8.0,10.5,0.013517926447093487,99.758
EOF1,-8.0,11.0,0.013516493141651154,99.758
EOF1,-8.0,11.5,0.01352208573371172,99.758
EOF1,-8.0,12.0,0.01353144459426403,99.758
EOF1,-8.0,12.5,0.013536481186747551,99.758
EOF1,-8.0,13.0,0.013538825325667858,99.758
EOF1,-8.0,13.5,0.013549447990953922,99.758
EOF1,-8.0,14.0,0.013556691817939281,99.758
EOF1,-8.0,14.5,0.01355836819857359,99.758
EOF1,-8.0,15.0,0.013553132303059101,99.758
EOF1,-8.0,15.5,0.013554709032177925,99.758
EOF1,-8.0,16.0,0.013555127196013927,99.758
EOF1,-8.0,16.5,0.0135550107806921,99.758
EOF1,-8.0,17.0,0.013554735109210014,99.758
EOF1,-8.0,17.5,0.013554666191339493,99.758
EOF1,-8.0,18.0,0.013554208911955357,99.758
EOF1,-8.0,18.5,0.013553159311413765,99.758
EOF1,-8.0,19.0,0.013552256859838963,99.758
EOF1,-8.0,19.5,0.013551742769777775,99.758
EOF1,-8.0,20.0,0.013550995849072933,99.758
EOF1,-8.0,20.5,0.013550066389143467,99.758
EOF1,-8.0,21.0,0.013551242649555206,99.758
EOF1,-8.0,21.5,0.013552963733673096,99.758
EOF1,-8.0,22.0,0.013554706238210201,99.758
EOF1,-8.0,22.5,0.013556057587265968,99.758
EOF1,-8.0,23.0,0.013555480167269707,99.758
EOF1,-8.0,23.5,0.01355479285120964,99.758
EOF1,-8.0,24.0,0.01355450227856636,99.758
EOF1,-8.0,24.5,0.01355405617505312,99.758
EOF1,-8.0,25.0,0.013552606105804443,99.758
EOF1,-8.0,25.5,0.013550907373428345,99.758
EOF1,-8.0,26.0,0.013549959287047386,99.758
EOF1,-8.0,26.5,0.013550636358559132,99.758
EOF1,-8.0,27.0,0.013552738353610039,99.758
EOF1,-8.0,27.5,0.01355353370308876,99.758
EOF1,-8.0,28.0,0.013554184697568417,99.758
EOF1,-8.0,28.5,0.013555167242884636,99.758
EOF1,-8.0,29.0,0.013555806130170822,99.758
EOF1,-8.0,29.5,0.013555839657783508,99.758
EOF1,-8.0,30.0,0.013555585406720638,99.758
EOF1,-8.0,30.5,0.013554113917052746,99.758
EOF1,-8.0,31.0,0.013552334159612656,99.758
EOF1,-8.0,31.5,0.013550376519560814,99.758
EOF1,-8.0,32.0,0.013548465445637703,99.758
EOF1,-8.0,32.5,0.013547927141189575,99.758
EOF1,-8.0,33.0,0.01354709267616272,99.758
EOF1,-8.0,33.5,0.01354728452861309,99.758
EOF1,-8.0,34.0,0.013547341339290142,99.758
EOF1,-8.0,34.5,0.013547548092901707,99.758
EOF1,-7.5,0.5,0.013540767133235931,99.758
EOF1,-7.5,1.0,0.013540391810238361,99.758
EOF1,-7.5,1.5,0.013539938256144524,99.758
EOF1,-7.5,2.0,0.013539229519665241,99.758
EOF1,-7.5,2.5,0.013538003899157047,99.758
EOF1,-7.5,3.0,0.013536734506487846,99.758
EOF1,-7.5,3.5,0.013535387814044952,99.758
EOF1,-7.5,4.0,0.013534991070628166,99.758
EOF1,-7.5,4.5,0.013535542413592339,99.758
EOF1,-7.5,5.0,0.013536037877202034,99.758
EOF1,-7.5,5.5,0.01353646069765091,99.758
EOF1,-7.5,6.0,0.013534942641854286,99.758
EOF1,-7.5,6.5,0.013532695360481739,99.758
EOF1,-7.5,7.0,0.013530337251722813,99.758
EOF1,-7.5,7.5,0.013527886942029,99.758
EOF1,-7.5,8.0,0.013526543974876404,99.758
EOF1,-7.5,8.5,0.013525035232305527,99.758
EOF1,-7.5,9.0,0.013523358851671219,99.758
EOF1,-7.5,9.5,0.013521676883101463,99.758
EOF1,-7.5,10.0,0.013520456850528717,99.758
EOF1,-7.5,10.5,0.0135191073641181,99.758
EOF1,-7.5,11.0,0.01351761445403099,99.758
EOF1,-7.5,11.5,0.013523079454898834,99.758
EOF1,-7.5,12.0,0.01353224366903305,99.758
EOF1,-7.5,12.5,0.013537435792386532,99.758
EOF1,-7.5,13.0,0.013539127074182034,99.758
EOF1,-7.5,13.5,0.013548897579312325,99.758
EOF1,-7.5,14.0,0.013555971905589104,99.758
EOF1,-7.5,14.5,0.0135574946179986,99.758
EOF1,-7.5,15.0,0.013554668985307217,99.758
EOF1,-7.5,15.5,0.013555244542658329,99.758
EOF1,-7.5,16.0,0.01355536188930273,99.758
EOF1,-7.5,16.5,0.013555079698562622,99.758
EOF1,-7.5,17.0,0.013554706238210201,99.758
EOF1,-7.5,17.5,0.013554690405726433,99.758
EOF1,-7.5,18.0,0.013554285280406475,99.758
EOF1,-7.5,18.5,0.013553514145314693,99.758
EOF1,-7.5,19.0,0.013552883639931679,99.758
EOF1,-7.5,19.5,0.013552428223192692,99.758
EOF1,-7.5,20.0,0.013551716692745686,99.758
EOF1,-7.5,20.5,0.013550742529332638,99.758
EOF1,-7.5,21.0,0.013552284799516201,99.758
EOF1,-7.5,21.5,0.01355439517647028,99.758
EOF1,-7.5,22.0,0.01355611253529787,99.758
EOF1,-7.5,22.5,0.013557430356740952,99.758
EOF1,-7.5,23.0,0.01355702243745327,99.758
EOF1,-7.5,23.5,0.013556502759456635,99.758
EOF1,-7.5,24.0,0.013555878773331642,99.758
EOF1,-7.5,24.5,0.013555032201111317,99.758
EOF1,-7.5,25.0,0.013553595170378685,99.758
EOF1,-7.5,25.5,0.013551903888583183,99.758
EOF1,-7.5,26.0,0.013549959287047386,99.758
EOF1,-7.5,26.5,0.013549554161727428,99.758
EOF1,-7.5,27.0,0.013550753705203533,99.758
EOF1,-7.5,27.5,0.013551837764680386,99.758
EOF1,-7.5,28.0,0.013552785851061344,99.758
EOF1,-7.5,28.5,0.013554364442825317,99.758
EOF1,-7.5,29.0,0.013555786572396755,99.758
EOF1,-7.5,29.5,0.013556667603552341,99.758
EOF1,-7.5,30.0,0.013556922785937786,99.758
EOF1,-7.5,30.5,0.013555577956140041,99.758
EOF1,-7.5,31.0,0.013553912751376629,99.758
EOF1,-7.5,31.5,0.013551914133131504,99.758
EOF1,-7.5,32.0,0.013550186529755592,99.758
EOF1,-7.5,32.5,0.013549964874982834,99.758
EOF1,-7.5,33.0,0.013549432158470154,99.758
EOF1,-7.5,33.5,0.013548580929636955,99.758
EOF1,-7.5,34.0,0.013548457995057106,99.758
EOF1,-7.5,34.5,0.013548942282795906,99.758
EOF1,-7.0,0.5,0.013542461208999157,99.758
EOF1,-7.0,1.0,0.013542022556066513,99.758
EOF1,-7.0,1.5,0.013541540130972862,99.758
EOF1,-7.0,2.0,0.013540861196815968,99.758
EOF1,-7.0,2.5,0.013539666309952736,99.758
EOF1,-7.0,3.0,0.013538423925638199,99.758
EOF1,-7.0,3.5,0.013537682592868805,99.758
EOF1,-7.0,4.0,0.013537587597966194,99.758
EOF1,-7.0,4.5,0.013538061641156673,99.758
EOF1,-7.0,5.0,0.013538343831896782,99.758
EOF1,-7.0,5.5,0.013538127765059471,99.758
EOF1,-7.0,6.0,0.01353649701923132,99.758
EOF1,-7.0,6.5,0.013534300960600376,99.758
EOF1,-7.0,7.0,0.013532005250453949,99.758
EOF1,-7.0,7.5,0.01352959219366312,99.758
EOF1,-7.0,8.0,0.013528257608413696,99.758
EOF1,-7.0,8.5,0.013526753522455692,99.758
EOF1,-7.0,9.0,0.013524360954761505,99.758
EOF1,-7.0,9.5,0.01352149248123169,99.758
EOF1,-7.0,10.0,0.013518114574253559,99.758
EOF1,-7.0,10.5,0.013516100123524666,99.758
EOF1,-7.0,11.0,0.013514491729438305,99.758
EOF1,-7.0,11.5,0.013520441949367523,99.758
EOF1,-7.0,12.0,0.01353065948933363,99.758
EOF1,-7.0,12.5,0.01353885605931282,99.758
EOF1,-7.0,13.0,0.013538546860218048,99.758
EOF1,-7.0,13.5,0.013543510809540749,99.758
EOF1,-7.0,14.0,0.013548790477216244,99.758
EOF1,-7.0,14.5,0.013554053381085396,99.758
EOF1,-7.0,15.0,0.0135568268597126,99.758
EOF1,-7.0,15.5,0.01355564035475254,99.758
EOF1,-7.0,16.0,0.013554812408983707,99.758
EOF1,-7.0,16.5,0.013554556295275688,99.758
EOF1,-7.0,17.0,0.013554185628890991,99.758
EOF1,-7.0,17.5,0.013554112054407597,99.758
EOF1,-7.0,18.0,0.013553659431636333,99.758
EOF1,-7.0,18.5,0.013554096221923828,99.758
EOF1,-7.0,19.0,0.013554096221923828,99.758
EOF1,-7.0,19.5,0.013553625904023647,99.758
EOF1,-7.0,20.0,0.013553163968026638,99.758
EOF1,-7.0,20.5,0.01355336606502533,99.758
EOF1,-7.0,21.0,0.013553684577345848,99.758
EOF1,-7.0,21.5,0.013554446399211884,99.758
EOF1,-7.0,22.0,0.013556232675909996,99.758
EOF1,-7.0,22.5,0.013557620346546173,99.758
EOF1,-7.0,23.0,0.013557408936321735,99.758
EOF1,-7.0,23.5,0.013557080179452896,99.758
EOF1,-7.0,24.0,0.013557126745581627,99.758
EOF1,-7.0,24.5,0.013556859456002712,99.758
EOF1,-7.0,25.0,0.013555120676755905,99.758
EOF1,-7.0,25.5,0.013553507626056671,99.758
EOF1,-7.0,26.0,0.01355181634426117,99.758
EOF1,-7.0,26.5,0.013551437295973301,99.758
EOF1,-7.0,27.0,0.013552466407418251,99.758
EOF1,-7.0,27.5,0.01355329155921936,99.758
EOF1,-7.0,28.0,0.013553787022829056,99.758
EOF1,-7.0,28.5,0.013555263169109821,99.758
EOF1,-7.0,29.0,0.01355668157339096,99.758
EOF1,-7.0,29.5,0.013557408936321735,99.758
EOF1,-7.0,30.0,0.01355762593448162,99.758
EOF1,-7.0,30.5,0.013557057827711105,99.758
EOF1,-7.0,31.0,0.013555977493524551,99.758
EOF1,-7.0,31.5,0.013554420322179794,99.758
EOF1,-7.0,32.0,0.013553088530898094,99.758
EOF1,-7.0,32.5,0.013553098775446415,99.758
EOF1,-7.0,33.0,0.013552808202803135,99.758
EOF1,-7.0,33.5,0.013550207950174809,99.758
EOF1,-7.0,34.0,0.01354913879185915,99.758
EOF1,-7.0,34.5,0.013549801893532276,99.758
EOF1,-6.5,0.5,0.013544000685214996,99.758
EOF1,-6.5,1.0,0.013543549925088882,99.758
EOF1,-6.5,1.5,0.01354305725544691,99.758
EOF1,-6.5,2.0,0.01354237925261259,99.758
EOF1,-6.5,2.5,0.01354147307574749,99.758
EOF1,-6.5,3.0,0.013540803454816341,99.758
EOF1,-6.5,3.5,0.013540102168917656,99.758
EOF1,-6.5,4.0,0.013539973646402359,99.758
EOF1,-6.5,4.5,0.013539964333176613,99.758
EOF1,-6.5,5.0,0.013539774343371391,99.758
EOF1,-6.5,5.5,0.01353953406214714,99.758
EOF1,-6.5,6.0,0.013537929393351078,99.758
EOF1,-6.5,6.5,0.013535833917558193,99.758
EOF1,-6.5,7.0,0.013533593155443668,99.758
EOF1,-6.5,7.5,0.013531200587749481,99.758
EOF1,-6.5,8.0,0.013529650866985321,99.758
EOF1,-6.5,8.5,0.013527199625968933,99.758
EOF1,-6.5,9.0,0.013524542562663555,99.758
EOF1,-6.5,9.5,0.01352161355316639,99.758
EOF1,-6.5,10.0,0.013518178835511208,99.758
EOF1,-6.5,10.5,0.013514352031052113,99.758
EOF1,-6.5,11.0,0.013510814867913723,99.758
EOF1,-6.5,11.5,0.013517274521291256,99.758
EOF1,-6.5,12.0,0.013538436032831669,99.758
EOF1,-6.5,12.5,0.013541734777390957,99.758
EOF1,-6.5,13.0,0.013528348878026009,99.758
EOF1,-6.5,13.5,0.013529776595532894,99.758
EOF1,-6.5,14.0,0.013547477312386036,99.758
EOF1,-6.5,14.5,0.013556727208197117,99.758
EOF1,-6.5,15.0,0.013558102771639824,99.758
EOF1,-6.5,15.5,0.013557340949773788,99.758
EOF1,-6.5,16.0,0.0135559206828475,99.758
EOF1,-6.5,16.5,0.013553922064602375,99.758
EOF1,-6.5,17.0,0.013553553260862827,99.758
EOF1,-6.5,17.5,0.01355395745486021,99.758
EOF1,-6.5,18.0,0.013554622419178486,99.758
EOF1,-6.5,18.5,0.013555069454014301,99.758
EOF1,-6.5,19.0,0.013555057346820831,99.758
EOF1,-6.5,19.5,0.013555231504142284,99.758
EOF1,-6.5,20.0,0.01355548482388258,99.758
EOF1,-6.5,20.5,0.013555627316236496,99.758
EOF1,-6.5,21.0,0.013555852696299553,99.758
EOF1,-6.5,21.5,0.013556092046201229,99.758
EOF1,-6.5,22.0,0.0135562838986516,99.758
EOF1,-6.5,22.5,0.013557372614741325,99.758
EOF1,-6.5,23.0,0.013557490892708302,99.758
EOF1,-6.5,23.5,0.013557896949350834,99.758
EOF1,-6.5,24.0,0.013558218255639076,99.758
EOF1,-6.5,24.5,0.013558169826865196,99.758
EOF1,-6.5,25.0,0.013556919991970062,99.758
EOF1,-6.5,25.5,0.013555167242884636,99.758
EOF1,-6.5,26.0,0.013553151860833168,99.758
EOF1,-6.5,26.5,0.013552815653383732,99.758
EOF1,-6.5,27.0,0.013553518801927567,99.758
EOF1,-6.5,27.5,0.013554088771343231,99.758
EOF1,-6.5,28.0,0.013554571196436882,99.758
EOF1,-6.5,28.5,0.013556036166846752,99.758
EOF1,-6.5,29.0,0.013556897640228271,99.758
EOF1,-6.5,29.5,0.013557522557675838,99.758
EOF1,-6.5,30.0,0.013557891361415386,99.758
EOF1,-6.5,30.5,0.013557669706642628,99.758
EOF1,-6.5,31.0,0.013557106256484985,99.758
EOF1,-6.5,31.5,0.013556178659200668,99.758
EOF1,-6.5,32.0,0.01355521846562624,99.758
EOF1,-6.5,32.5,0.013554640114307404,99.758
EOF1,-6.5,33.0,0.013552709482610226,99.758
EOF1,-6.5,33.5,0.013550065457820892,99.758
EOF1,-6.5,34.0,0.013549075461924076,99.758
EOF1,-6.5,34.5,0.01355092041194439,99.758
EOF1,-6.0,0.5,0.013544990681111813,99.758
EOF1,-6.0,1.0,0.013544529676437378,99.758
EOF1,-6.0,1.5,0.013544021174311638,99.758
EOF1,-6.0,2.0,0.013543556444346905,99.758
EOF1,-6.0,2.5,0.01354311965405941,99.758
EOF1,-6.0,3.0,0.013542454689741135,99.758
EOF1,-6.0,3.5,0.013541768305003643,99.758
EOF1,-6.0,4.0,0.013541136868298054,99.758
EOF1,-6.0,4.5,0.013540844433009624,99.758
EOF1,-6.0,5.0,0.013540620915591717,99.758
EOF1,-6.0,5.5,0.013540361076593399,99.758
EOF1,-6.0,6.0,0.013538822531700134,99.758
EOF1,-6.0,6.5,0.013536757789552212,99.758
EOF1,-6.0,7.0,0.013534528203308582,99.758
EOF1,-6.0,7.5,0.013532787561416626,99.758
EOF1,-6.0,8.0,0.013530299067497253,99.758
EOF1,-6.0,8.5,0.013527856208384037,99.758
EOF1,-6.0,9.0,0.013525217771530151,99.758
EOF1,-6.0,9.5,0.013522865250706673,99.758
EOF1,-6.0,10.0,0.013520751148462296,99.758
EOF1,-6.0,10.5,0.013517060317099094,99.758
EOF1,-6.0,11.0,0.01351301372051239,99.758
EOF1,-6.0,11.5,0.013528621755540371,99.758
EOF1,-6.0,12.0,0.013543483801186085,99.758
EOF1,-6.0,12.5,0.013538094237446785,99.758
EOF1,-6.0,13.0,0.013531219214200974,99.758
EOF1,-6.0,13.5,0.013532978482544422,99.758
EOF1,-6.0,14.0,0.013549353927373886,99.758
EOF1,-6.0,14.5,0.013557679019868374,99.758
EOF1,-6.0,15.0,0.013558456674218178,99.758
EOF1,-6.0,15.5,0.013558381237089634,99.758
EOF1,-6.0,16.0,0.013557177037000656,99.758
EOF1,-6.0,16.5,0.013555376790463924,99.758
EOF1,-6.0,17.0,0.013553916476666927,99.758
EOF1,-6.0,17.5,0.01355469785630703,99.758
EOF1,-6.0,18.0,0.013555256649851799,99.758
EOF1,-6.0,18.5,0.013555561192333698,99.758
EOF1,-6.0,19.0,0.013555819168686867,99.758
EOF1,-6.0,19.5,0.013556146062910557,99.758
EOF1,-6.0,20.0,0.013556357473134995,99.758
EOF1,-6.0,20.5,0.013556619174778461,99.758
EOF1,-6.0,21.0,0.013556846417486668,99.758
EOF1,-6.0,21.5,0.013557026162743568,99.758
EOF1,-6.0,22.0,0.01355715375393629,99.758
EOF1,-6.0,22.5,0.013557239435613155,99.758
EOF1,-6.0,23.0,0.013557793572545052,99.758
EOF1,-6.0,23.5,0.013558268547058105,99.758
EOF1,-6.0,24.0,0.013558653183281422,99.758
EOF1,-6.0,24.5,0.013558734208345413,99.758
EOF1,-6.0,25.0,0.013557849451899529,99.758
EOF1,-6.0,25.5,0.01355645153671503,99.758
EOF1,-6.0,26.0,0.013554601930081844,99.758
EOF1,-6.0,26.5,0.013553525321185589,99.758
EOF1,-6.0,27.0,0.013553992845118046,99.758
EOF1,-6.0,27.5,0.013554555363953114,99.758
EOF1,-6.0,28.0,0.013555029407143593,99.758
EOF1,-6.0,28.5,0.0135561628267169,99.758
EOF1,-6.0,29.0,0.013557001017034054,99.758
EOF1,-6.0,29.5,0.013557609170675278,99.758
EOF1,-6.0,30.0,0.013557970523834229,99.758
EOF1,-6.0,30.5,0.013557994738221169,99.758
EOF1,-6.0,31.0,0.013557694852352142,99.758
EOF1,-6.0,31.5,0.013557057827711105,99.758
EOF1,-6.0,32.0,0.013556369580328465,99.758
EOF1,-6.0,32.5,0.013555055484175682,99.758
EOF1,-6.0,33.0,0.013553409837186337,99.758
EOF1,-6.0,33.5,0.013551062904298306,99.758
EOF1,-6.0,34.0,0.013550976291298866,99.758
EOF1,-6.0,34.5,0.013552553951740265,99.758
EOF1,-5.5,0.5,0.013545598834753036,99.758
EOF1,-5.5,1.0,0.013544976711273193,99.758
EOF1,-5.5,1.5,0.01354441698640585,99.758
EOF1,-5.5,2.0,0.013543931767344475,99.758
EOF1,-5.5,2.5,0.013543691486120224,99.758
EOF1,-5.5,3.0,0.013543435372412205,99.758
EOF1,-5.5,3.5,0.013542748987674713,99.758
EOF1,-5.5,4.0,0.013542081229388714,99.758
EOF1,-5.5,4.5,0.013541475869715214,99.758
EOF1,-5.5,5.0,0.01354095246642828,99.758
EOF1,-5.5,5.5,0.013540663756430149,99.758
EOF1,-5.5,6.0,0.013539137318730354,99.758
EOF1,-5.5,6.5,0.013537256978452206,99.758
EOF1,-5.5,7.0,0.013535826466977596,99.758
EOF1,-5.5,7.5,0.013534330762922764,99.758
EOF1,-5.5,8.0,0.013531770557165146,99.758
EOF1,-5.5,8.5,0.013529038988053799,99.758
EOF1,-5.5,9.0,0.013526351191103458,99.758
EOF1,-5.5,9.5,0.013524034060537815,99.758
EOF1,-5.5,10.0,0.013523132540285587,99.758
EOF1,-5.5,10.5,0.013522198423743248,99.758
EOF1,-5.5,11.0,0.01351852621883154,99.758
EOF1,-5.5,11.5,0.01353240106254816,99.758
EOF1,-5.5,12.0,0.013544267043471336,99.758
EOF1,-5.5,12.5,0.013550963252782822,99.758
EOF1,-5.5,13.0,0.01355364266782999,99.758
EOF1,-5.5,13.5,0.013554239645600319,99.758
EOF1,-5.5,14.0,0.013554382137954235,99.758
EOF1,-5.5,14.5,0.0135574322193861,99.758
EOF1,-5.5,15.0,0.013558312319219112,99.758
EOF1,-5.5,15.5,0.013558202423155308,99.758
EOF1,-5.5,16.0,0.01355766411870718,99.758
EOF1,-5.5,16.5,0.013556075282394886,99.758
EOF1,-5.5,17.0,0.013554568402469158,99.758
EOF1,-5.5,17.5,0.013555123470723629,99.758
EOF1,-5.5,18.0,0.013555437326431274,99.758
EOF1,-5.5,18.5,0.013555590994656086,99.758
EOF1,-5.5,19.0,0.013555801473557949,99.758
EOF1,-5.5,19.5,0.013556097634136677,99.758
EOF1,-5.5,20.0,0.01355663686990738,99.758
EOF1,-5.5,20.5,0.013556917198002338,99.758
EOF1,-5.5,21.0,0.01355704478919506,99.758
EOF1,-5.5,21.5,0.013557124882936478,99.758
EOF1,-5.5,22.0,0.013557195663452148,99.758
EOF1,-5.5,22.5,0.013557258993387222,99.758
EOF1,-5.5,23.0,0.013557820580899715,99.758
EOF1,-5.5,23.5,0.013558377511799335,99.758
EOF1,-5.5,24.0,0.013558835722506046,99.758
EOF1,-5.5,24.5,0.01355897355824709,99.758
EOF1,-5.5,25.0,0.013558311387896538,99.758
EOF1,-5.5,25.5,0.01355731301009655,99.758
EOF1,-5.5,26.0,0.013555743731558323,99.758
EOF1,-5.5,26.5,0.013554724864661694,99.758
EOF1,-5.5,27.0,0.01355468574911356,99.758
EOF1,-5.5,27.5,0.01355474442243576,99.758
EOF1,-5.5,28.0,0.013555223122239113,99.758
EOF1,-5.5,28.5,0.013556323014199734,99.758
EOF1,-5.5,29.0,0.013557172380387783,99.758
EOF1,-5.5,29.5,0.013557599857449532,99.758
EOF1,-5.5,30.0,0.013557810336351395,99.758
EOF1,-5.5,30.5,0.01355798076838255,99.758
EOF1,-5.5,31.0,0.01355814840644598,99.758
EOF1,-5.5,31.5,0.013558204285800457,99.758
EOF1,-5.5,32.0,0.013557675294578075,99.758
EOF1,-5.5,32.5,0.01355648785829544,99.758
EOF1,-5.5,33.0,0.013554880395531654,99.758
EOF1,-5.5,33.5,0.01355318259447813,99.758
EOF1,-5.5,34.0,0.013553081080317497,99.758
EOF1,-5.5,34.5,0.013553951866924763,99.758
EOF1,-5.0,0.5,0.013546055182814598,99.758
EOF1,-5.0,1.0,0.013545416295528412,99.758
EOF1,-5.0,1.5,0.013544764369726181,99.758
EOF1,-5.0,2.0,0.013544195331633091,99.758
EOF1,-5.0,2.5,0.013543933629989624,99.758
EOF1,-5.0,3.0,0.013543646782636642,99.758
EOF1,-5.0,3.5,0.01354336179792881,99.758
EOF1,-5.0,4.0,0.013542897067964077,99.758
EOF1,-5.0,4.5,0.013542292639613152,99.758
EOF1,-5.0,5.0,0.013541650958359241,99.758
EOF1,-5.0,5.5,0.013540994375944138,99.758
EOF1,-5.0,6.0,0.013539886102080345,99.758
EOF1,-5.0,6.5,0.013538566417992115,99.758
EOF1,-5.0,7.0,0.013537188060581684,99.758
EOF1,-5.0,7.5,0.013535737991333008,99.758
EOF1,-5.0,8.0,0.013533184304833412,99.758
EOF1,-5.0,8.5,0.013530458323657513,99.758
EOF1,-5.0,9.0,0.013527563773095608,99.758
EOF1,-5.0,9.5,0.01352507434785366,99.758
EOF1,-5.0,10.0,0.013524147681891918,99.758
EOF1,-5.0,10.5,0.013523186556994915,99.758
EOF1,-5.0,11.0,0.013522222638130188,99.758
EOF1,-5.0,11.5,0.013531911186873913,99.758
EOF1,-5.0,12.0,0.013546198606491089,99.758
EOF1,-5.0,12.5,0.013554476201534271,99.758
EOF1,-5.0,13.0,0.013558325357735157,99.758
EOF1,-5.0,13.5,0.013559074141085148,99.758
EOF1,-5.0,14.0,0.013559089042246342,99.758
EOF1,-5.0,14.5,0.013558689504861832,99.758
EOF1,-5.0,15.0,0.01355794072151184,99.758
EOF1,-5.0,15.5,0.01355762593448162,99.758
EOF1,-5.0,16.0,0.01355690322816372,99.758
EOF1,-5.0,16.5,0.013555784709751606,99.758
EOF1,-5.0,17.0,0.013554840348660946,99.758
EOF1,-5.0,17.5,0.013555249199271202,99.758
EOF1,-5.0,18.0,0.01355549693107605,99.758
EOF1,-5.0,18.5,0.013555594719946384,99.758
EOF1,-5.0,19.0,0.01355599332600832,99.758
EOF1,-5.0,19.5,0.013556611724197865,99.758
EOF1,-5.0,20.0,0.01355697214603424,99.758
EOF1,-5.0,20.5,0.013557075522840023,99.758
EOF1,-5.0,21.0,0.013557096011936665,99.758
EOF1,-5.0,21.5,0.013557099737226963,99.758
EOF1,-5.0,22.0,0.013557052239775658,99.758
EOF1,-5.0,22.5,0.013556955382227898,99.758
EOF1,-5.0,23.0,0.013557780534029007,99.758
EOF1,-5.0,23.5,0.01355842873454094,99.758
EOF1,-5.0,24.0,0.013558889739215374,99.758
EOF1,-5.0,24.5,0.013559162616729736,99.758
EOF1,-5.0,25.0,0.013558989390730858,99.758
EOF1,-5.0,25.5,0.013558159582316875,99.758
EOF1,-5.0,26.0,0.013556677848100662,99.758
EOF1,-5.0,26.5,0.013555723242461681,99.758
EOF1,-5.0,27.0,0.013555720448493958,99.758
EOF1,-5.0,27.5,0.013555646874010563,99.758
EOF1,-5.0,28.0,0.013555498793721199,99.758
EOF1,-5.0,28.5,0.013556416146457195,99.758
EOF1,-5.0,29.0,0.013557207770645618,99.758
EOF1,-5.0,29.5,0.013557463884353638,99.758
EOF1,-5.0,30.0,0.013557224534451962,99.758
EOF1,-5.0,30.5,0.013558140024542809,99.758
EOF1,-5.0,31.0,0.013558694161474705,99.758
EOF1,-5.0,31.5,0.013558808714151382,99.758
EOF1,-5.0,32.0,0.013558418489992619,99.758
EOF1,-5.0,32.5,0.013557611033320427,99.758
EOF1,-5.0,33.0,0.013556387275457382,99.758
EOF1,-5.0,33.5,0.013554715551435947,99.758
EOF1,-5.0,34.0,0.013553526252508163,99.758
EOF1,-5.0,34.5,0.013552190735936165,99.758
EOF1,-4.5,0.5,0.013544393703341484,99.758
EOF1,-4.5,1.0,0.013543713837862015,99.758
EOF1,-4.5,1.5,0.013543229550123215,99.758
EOF1,-4.5,2.0,0.013542893342673779,99.758
EOF1,-4.5,2.5,0.01354275643825531,99.758
EOF1,-4.5,3.0,0.013542483560740948,99.758
EOF1,-4.5,3.5,0.01354216132313013,99.758
EOF1,-4.5,4.0,0.013541682623326778,99.758
EOF1,-4.5,4.5,0.01354104932397604,99.758
EOF1,-4.5,5.0,0.01354048028588295,99.758
EOF1,-4.5,5.5,0.013540215790271759,99.758
EOF1,-4.5,6.0,0.013539223000407219,99.758
EOF1,-4.5,6.5,0.013537944294512272,99.758
EOF1,-4.5,7.0,0.013536580838263035,99.758
EOF1,-4.5,7.5,0.013535143807530403,99.758
EOF1,-4.5,8.0,0.013532544486224651,99.758
EOF1,-4.5,8.5,0.013529759831726551,99.758
EOF1,-4.5,9.0,0.013528012670576572,99.758
EOF1,-4.5,9.5,0.013526704162359238,99.758
EOF1,-4.5,10.0,0.013525757938623428,99.758
EOF1,-4.5,10.5,0.013524897396564484,99.758
EOF1,-4.5,11.0,0.013536670245230198,99.758
EOF1,-4.5,11.5,0.013546088710427284,99.758
EOF1,-4.5,12.0,0.013552665710449219,99.758
EOF1,-4.5,12.5,0.01355788391083479,99.758
EOF1,-4.5,13.0,0.013559476472437382,99.758
EOF1,-4.5,13.5,0.013559235259890556,99.758
EOF1,-4.5,14.0,0.013558651320636272,99.758
EOF1,-4.5,14.5,0.013557792641222477,99.758
EOF1,-4.5,15.0,0.01355655211955309,99.758
EOF1,-4.5,15.5,0.013555636629462242,99.758
EOF1,-4.5,16.0,0.013554321601986885,99.758
EOF1,-4.5,16.5,0.013554675504565239,99.758
EOF1,-4.5,17.0,0.013555534183979034,99.758
EOF1,-4.5,17.5,0.013556201942265034,99.758
EOF1,-4.5,18.0,0.013556523248553276,99.758
EOF1,-4.5,18.5,0.01355663500726223,99.758
EOF1,-4.5,19.0,0.013556940481066704,99.758
EOF1,-4.5,19.5,0.01355735119432211,99.758
EOF1,-4.5,20.0,0.013557439669966698,99.758
EOF1,-4.5,20.5,0.013557193800807,99.758
EOF1,-4.5,21.0,0.013557187281548977,99.758
EOF1,-4.5,21.5,0.013557222671806812,99.758
EOF1,-4.5,22.0,0.0135570727288723,99.758
EOF1,-4.5,22.5,0.013556734658777714,99.758
EOF1,-4.5,23.0,0.013557279482483864,99.758
EOF1,-4.5,23.5,0.013557860627770424,99.758
EOF1,-4.5,24.0,0.013558411039412022,99.758
EOF1,-4.5,24.5,0.013558754697442055,99.758
EOF1,-4.5,25.0,0.013558566570281982,99.758
EOF1,-4.5,25.5,0.01355772279202938,99.758
EOF1,-4.5,26.0,0.01355803944170475,99.758
EOF1,-4.5,26.5,0.013557672500610352,99.758
EOF1,-4.5,27.0,0.01355681475251913,99.758
EOF1,-4.5,27.5,0.013556670397520065,99.758
EOF1,-4.5,28.0,0.013556458055973053,99.758
EOF1,-4.5,28.5,0.01355720590800047,99.758
EOF1,-4.5,29.0,0.01355780754238367,99.758
EOF1,-4.5,29.5,0.013557606376707554,99.758
EOF1,-4.5,30.0,0.013556797988712788,99.758
EOF1,-4.5,30.5,0.0135573111474514,99.758
EOF1,-4.5,31.0,0.01355741173028946,99.758
EOF1,-4.5,31.5,0.01355825550854206,99.758
EOF1,-4.5,32.0,0.013558904640376568,99.758
EOF1,-4.5,32.5,0.013558215461671352,99.758
EOF1,-4.5,33.0,0.013557059690356255,99.758
EOF1,-4.5,33.5,0.013555459678173065,99.758
EOF1,-4.5,34.0,0.013553142547607422,99.758
EOF1,-4.5,34.5,0.01354969572275877,99.758
EOF1,-4.0,0.5,0.013542666099965572,99.758
EOF1,-4.0,1.0,0.013542244210839272,99.758
EOF1,-4.0,1.5,0.013541808351874352,99.758
EOF1,-4.0,2.0,0.01354143675416708,99.758
EOF1,-4.0,2.5,0.013541284017264843,99.758
EOF1,-4.0,3.0,0.013541114516556263,99.758
EOF1,-4.0,3.5,0.013540901243686676,99.758
EOF1,-4.0,4.0,0.013540398329496384,99.758
EOF1,-4.0,4.5,0.013540023006498814,99.758
EOF1,-4.0,5.0,0.013539750128984451,99.758
EOF1,-4.0,5.5,0.013539479114115238,99.758
EOF1,-4.0,6.0,0.013538473285734653,99.758
EOF1,-4.0,6.5,0.013537180610001087,99.758
EOF1,-4.0,7.0,0.01353585347533226,99.758
EOF1,-4.0,7.5,0.013534437865018845,99.758
EOF1,-4.0,8.0,0.013532157987356186,99.758
EOF1,-4.0,8.5,0.013530883006751537,99.758
EOF1,-4.0,9.0,0.013529538176953793,99.758
EOF1,-4.0,9.5,0.013528240844607353,99.758
EOF1,-4.0,10.0,0.013533897697925568,99.758
EOF1,-4.0,10.5,0.013543530367314816,99.758
EOF1,-4.0,11.0,0.013550187461078167,99.758
EOF1,-4.0,11.5,0.01355538610368967,99.758
EOF1,-4.0,12.0,0.013558782637119293,99.758
EOF1,-4.0,12.5,0.013559781946241856,99.758
EOF1,-4.0,13.0,0.013559132814407349,99.758
EOF1,-4.0,13.5,0.013558105565607548,99.758
EOF1,-4.0,14.0,0.013557211495935917,99.758
EOF1,-4.0,14.5,0.013555810786783695,99.758
EOF1,-4.0,15.0,0.013553934171795845,99.758
EOF1,-4.0,15.5,0.013553138822317123,99.758
EOF1,-4.0,16.0,0.013554257340729237,99.758
EOF1,-4.0,16.5,0.013555231504142284,99.758
EOF1,-4.0,17.0,0.01355605386197567,99.758
EOF1,-4.0,17.5,0.013556689023971558,99.758
EOF1,-4.0,18.0,0.013557151891291142,99.758
EOF1,-4.0,18.5,0.01355740986764431,99.758
EOF1,-4.0,19.0,0.013557623140513897,99.758
EOF1,-4.0,19.5,0.013557609170675278,99.758
EOF1,-4.0,20.0,0.01355744805186987,99.758
EOF1,-4.0,20.5,0.013557222671806812,99.758
EOF1,-4.0,21.0,0.01355724222958088,99.758
EOF1,-4.0,21.5,0.01355703454464674,99.758
EOF1,-4.0,22.0,0.01355675794184208,99.758
EOF1,-4.0,22.5,0.013556425459682941,99.758
EOF1,-4.0,23.0,0.01355696190148592,99.758
EOF1,-4.0,23.5,0.01355739962309599,99.758
EOF1,-4.0,24.0,0.013557730242609978,99.758
EOF1,-4.0,24.5,0.013558133505284786,99.758
EOF1,-4.0,25.0,0.013558601960539818,99.758
EOF1,-4.0,25.5,0.013559220358729362,99.758
EOF1,-4.0,26.0,0.013559347949922085,99.758
EOF1,-4.0,26.5,0.01355903223156929,99.758
EOF1,-4.0,27.0,0.013558492064476013,99.758
EOF1,-4.0,27.5,0.013557741418480873,99.758
EOF1,-4.0,28.0,0.013557128608226776,99.758
EOF1,-4.0,28.5,0.013557707890868187,99.758
EOF1,-4.0,29.0,0.013557160273194313,99.758
EOF1,-4.0,29.5,0.013556323945522308,99.758
EOF1,-4.0,30.0,0.013555222190916538,99.758
EOF1,-4.0,30.5,0.013555672951042652,99.758
EOF1,-4.0,31.0,0.013557073660194874,99.758
EOF1,-4.0,31.5,0.013558250851929188,99.758
EOF1,-4.0,32.0,0.01355889905244112,99.758
EOF1,-4.0,32.5,0.013558357022702694,99.758
EOF1,-4.0,33.0,0.013557353988289833,99.758
EOF1,-4.0,33.5,0.01355587039142847,99.758
EOF1,-4.0,34.0,0.013553580269217491,99.758
EOF1,-4.0,34.5,0.013550124131143093,99.758
EOF1,-3.5,0.5,0.013540998101234436,99.758
EOF1,-3.5,1.0,0.013540535233914852,99.758
EOF1,-3.5,1.5,0.013540077954530716,99.758
EOF1,-3.5,2.0,0.013540062122046947,99.758
EOF1,-3.5,2.5,0.013540069572627544,99.758
EOF1,-3.5,3.0,0.013539901934564114,99.758
EOF1,-3.5,3.5,0.013539728708565235,99.758
EOF1,-3.5,4.0,0.013539504259824753,99.758
EOF1,-3.5,4.5,0.013539223931729794,99.758
EOF1,-3.5,5.0,0.013538943603634834,99.758
EOF1,-3.5,5.5,0.013538735918700695,99.758
EOF1,-3.5,6.0,0.013537737540900707,99.758
EOF1,-3.5,6.5,0.013536428101360798,99.758
EOF1,-3.5,7.0,0.013535073958337307,99.758
EOF1,-3.5,7.5,0.013534772209823132,99.758
EOF1,-3.5,8.0,0.01353358756750822,99.758
EOF1,-3.5,8.5,0.013532325625419617,99.758
EOF1,-3.5,9.0,0.013531040400266647,99.758
EOF1,-3.5,9.5,0.013539317063987255,99.758
EOF1,-3.5,10.0,0.013548789545893669,99.758
EOF1,-3.5,10.5,0.013554224744439125,99.758
EOF1,-3.5,11.0,0.013557414524257183,99.758
EOF1,-3.5,11.5,0.013559547252953053,99.758
EOF1,-3.5,12.0,0.013560370542109013,99.758
EOF1,-3.5,12.5,0.013559432700276375,99.758
EOF1,-3.5,13.0,0.013558086939156055,99.758
EOF1,-3.5,13.5,0.01355749275535345,99.758
EOF1,-3.5,14.0,0.013556229881942272,99.758
EOF1,-3.5,14.5,0.013554465025663376,99.758
EOF1,-3.5,15.0,0.01355223823338747,99.758
EOF1,-3.5,15.5,0.013553324155509472,99.758
EOF1,-3.5,16.0,0.013554462231695652,99.758
EOF1,-3.5,16.5,0.013555450364947319,99.758
EOF1,-3.5,17.0,0.01355625968426466,99.758
EOF1,-3.5,17.5,0.013556797057390213,99.758
EOF1,-3.5,18.0,0.013557161204516888,99.758
EOF1,-3.5,18.5,0.01355748064815998,99.758
EOF1,-3.5,19.0,0.013557596132159233,99.758
EOF1,-3.5,19.5,0.013557430356740952,99.758
EOF1,-3.5,20.0,0.013557284139096737,99.758
EOF1,-3.5,20.5,0.013557075522840023,99.758
EOF1,-3.5,21.0,0.013557042926549911,99.758
EOF1,-3.5,21.5,0.01355685479938984,99.758
EOF1,-3.5,22.0,0.013556601479649544,99.758
EOF1,-3.5,22.5,0.013556286692619324,99.758
EOF1,-3.5,23.0,0.013556787744164467,99.758
EOF1,-3.5,23.5,0.013557183556258678,99.758
EOF1,-3.5,24.0,0.013557467609643936,99.758
EOF1,-3.5,24.5,0.01355761382728815,99.758
EOF1,-3.5,25.0,0.013558751903474331,99.758
EOF1,-3.5,25.5,0.013559400103986263,99.758
EOF1,-3.5,26.0,0.013559525832533836,99.758
EOF1,-3.5,26.5,0.013559224084019661,99.758
EOF1,-3.5,27.0,0.013558648526668549,99.758
EOF1,-3.5,27.5,0.013557855039834976,99.758
EOF1,-3.5,28.0,0.013557407073676586,99.758
EOF1,-3.5,28.5,0.013556617312133312,99.758
EOF1,-3.5,29.0,0.013555957935750484,99.758
EOF1,-3.5,29.5,0.01355502288788557,99.758
EOF1,-3.5,30.0,0.013553832657635212,99.758
EOF1,-3.5,30.5,0.013555413112044334,99.758
EOF1,-3.5,31.0,0.013556824997067451,99.758
EOF1,-3.5,31.5,0.013558004051446915,99.758
EOF1,-3.5,32.0,0.013558530248701572,99.758
EOF1,-3.5,32.5,0.013558155857026577,99.758
EOF1,-3.5,33.0,0.013557338155806065,99.758
EOF1,-3.5,33.5,0.013556254096329212,99.758
EOF1,-3.5,34.0,0.01355467364192009,99.758
EOF1,-3.5,34.5,0.013551532290875912,99.758
EOF1,-3.0,0.5,0.013539019040763378,99.758
EOF1,-3.0,1.0,0.01353874895721674,99.758
EOF1,-3.0,1.5,0.013538658618927002,99.758
EOF1,-3.0,2.0,0.013538644649088383,99.758
EOF1,-3.0,2.5,0.013538849540054798,99.758
EOF1,-3.0,3.0,0.013539033941924572,99.758
EOF1,-3.0,3.5,0.013538869097828865,99.758
EOF1,-3.0,4.0,0.01353863999247551,99.758
EOF1,-3.0,4.5,0.013538355007767677,99.758
EOF1,-3.0,5.0,0.013538209721446037,99.758
EOF1,-3.0,5.5,0.013538041152060032,99.758
EOF1,-3.0,6.0,0.013537029735744,99.758
EOF1,-3.0,6.5,0.013536043465137482,99.758
EOF1,-3.0,7.0,0.013536101207137108,99.758
EOF1,-3.0,7.5,0.013536140322685242,99.758
EOF1,-3.0,8.0,0.013534958474338055,99.758
EOF1,-3.0,8.5,0.01353745348751545,99.758
EOF1,-3.0,9.0,0.013542951084673405,99.758
EOF1,-3.0,9.5,0.01354884635657072,99.758
EOF1,-3.0,10.0,0.01355571299791336,99.758
EOF1,-3.0,10.5,0.013559306971728802,99.758
EOF1,-3.0,11.0,0.013560470193624496,99.758
EOF1,-3.0,11.5,0.013560466468334198,99.758
EOF1,-3.0,12.0,0.01355923805385828,99.758
EOF1,-3.0,12.5,0.013558697886765003,99.758
EOF1,-3.0,13.0,0.013557969592511654,99.758
EOF1,-3.0,13.5,0.01355742383748293,99.758
EOF1,-3.0,14.0,0.013556328602135181,99.758
EOF1,-3.0,14.5,0.013554509729146957,99.758
EOF1,-3.0,15.0,0.013552186079323292,99.758
EOF1,-3.0,15.5,0.013553240336477757,99.758
EOF1,-3.0,16.0,0.013554176315665245,99.758
EOF1,-3.0,16.5,0.01355517003685236,99.758
EOF1,-3.0,17.0,0.013555992394685745,99.758
EOF1,-3.0,17.5,0.01355635654181242,99.758
EOF1,-3.0,18.0,0.013556959107518196,99.758
EOF1,-3.0,18.5,0.01355756912380457,99.758
EOF1,-3.0,19.0,0.01355765387415886,99.758
EOF1,-3.0,19.5,0.0135572524741292,99.758
EOF1,-3.0,20.0,0.013556873425841331,99.758
EOF1,-3.0,20.5,0.013556675985455513,99.758
EOF1,-3.0,21.0,0.013556664809584618,99.758
EOF1,-3.0,21.5,0.01355669554322958,99.758
EOF1,-3.0,22.0,0.013556580990552902,99.758
EOF1,-3.0,22.5,0.013556301593780518,99.758
EOF1,-3.0,23.0,0.013556730933487415,99.758
EOF1,-3.0,23.5,0.013556762598454952,99.758
EOF1,-3.0,24.0,0.013556446880102158,99.758
EOF1,-3.0,24.5,0.01355661265552044,99.758
EOF1,-3.0,25.0,0.013558033853769302,99.758
EOF1,-3.0,25.5,0.013558515347540379,99.758
EOF1,-3.0,26.0,0.013558676466345787,99.758
EOF1,-3.0,26.5,0.013558298349380493,99.758
EOF1,-3.0,27.0,0.013557310216128826,99.758
EOF1,-3.0,27.5,0.013557536527514458,99.758
EOF1,-3.0,28.0,0.013557630591094494,99.758
EOF1,-3.0,28.5,0.013556850142776966,99.758
EOF1,-3.0,29.0,0.0135556161403656,99.758
EOF1,-3.0,29.5,0.013554459437727928,99.758
EOF1,-3.0,30.0,0.013553356751799583,99.758
EOF1,-3.0,30.5,0.013555004261434078,99.758
EOF1,-3.0,31.0,0.013556523248553276,99.758
EOF1,-3.0,31.5,0.013557575643062592,99.758
EOF1,-3.0,32.0,0.013557955622673035,99.758
EOF1,-3.0,32.5,0.013557778671383858,99.758
EOF1,-3.0,33.0,0.013557488098740578,99.758
EOF1,-3.0,33.5,0.013557114638388157,99.758
EOF1,-3.0,34.0,0.013555929996073246,99.758
EOF1,-3.0,34.5,0.013553371652960777,99.758
EOF1,-2.5,0.5,0.013537393882870674,99.758
EOF1,-2.5,1.0,0.013537312857806683,99.758
EOF1,-2.5,1.5,0.013537210412323475,99.758
EOF1,-2.5,2.0,0.013537186197936535,99.758
EOF1,-2.5,2.5,0.013537414371967316,99.758
EOF1,-2.5,3.0,0.013537607155740261,99.758
EOF1,-2.5,3.5,0.01353780273348093,99.758
EOF1,-2.5,4.0,0.013537823222577572,99.758
EOF1,-2.5,4.5,0.013537668623030186,99.758
EOF1,-2.5,5.0,0.013537490740418434,99.758
EOF1,-2.5,5.5,0.01353730820119381,99.758
EOF1,-2.5,6.0,0.013537314720451832,99.758
EOF1,-2.5,6.5,0.013537358492612839,99.758
EOF1,-2.5,7.0,0.01353739108890295,99.758
EOF1,-2.5,7.5,0.013537434861063957,99.758
EOF1,-2.5,8.0,0.013542929664254189,99.758
EOF1,-2.5,8.5,0.013547555543482304,99.758
EOF1,-2.5,9.0,0.013551334850490093,99.758
EOF1,-2.5,9.5,0.013555175624787807,99.758
EOF1,-2.5,10.0,0.013559208251535892,99.758
EOF1,-2.5,10.5,0.013560650870203972,99.758
EOF1,-2.5,11.0,0.01356024295091629,99.758
EOF1,-2.5,11.5,0.013559410348534584,99.758
EOF1,-2.5,12.0,0.013559035025537014,99.758
EOF1,-2.5,12.5,0.013558446429669857,99.758
EOF1,-2.5,13.0,0.013557661324739456,99.758
EOF1,-2.5,13.5,0.01355715747922659,99.758
EOF1,-2.5,14.0,0.013556147925555706,99.758
EOF1,-2.5,14.5,0.01355438306927681,99.758
EOF1,-2.5,15.0,0.013551885262131691,99.758
EOF1,-2.5,15.5,0.013552974909543991,99.758
EOF1,-2.5,16.0,0.013553941622376442,99.758
EOF1,-2.5,16.5,0.013554777018725872,99.758
EOF1,-2.5,17.0,0.013555538840591908,99.758
EOF1,-2.5,17.5,0.013556357473134995,99.758
EOF1,-2.5,18.0,0.01355704851448536,99.758
EOF1,-2.5,18.5,0.013557616621255875,99.758
EOF1,-2.5,19.0,0.013557672500610352,99.758
EOF1,-2.5,19.5,0.0135572524741292,99.758
EOF1,-2.5,20.0,0.013556767255067825,99.758
EOF1,-2.5,20.5,0.01355620939284563,99.758
EOF1,-2.5,21.0,0.013556125573813915,99.758
EOF1,-2.5,21.5,0.013556180521845818,99.758
EOF1,-2.5,22.0,0.013556200079619884,99.758
EOF1,-2.5,22.5,0.013556183315813541,99.758
EOF1,-2.5,23.0,0.013555895537137985,99.758
EOF1,-2.5,23.5,0.0135555574670434,99.758
EOF1,-2.5,24.0,0.013555174693465233,99.758
EOF1,-2.5,24.5,0.013555054552853107,99.758
EOF1,-2.5,25.0,0.013555722311139107,99.758
EOF1,-2.5,25.5,0.013556266203522682,99.758
EOF1,-2.5,26.0,0.013556686230003834,99.758
EOF1,-2.5,26.5,0.01355707086622715,99.758
EOF1,-2.5,27.0,0.013557437807321548,99.758
EOF1,-2.5,27.5,0.013557667843997478,99.758
EOF1,-2.5,28.0,0.013557765632867813,99.758
EOF1,-2.5,28.5,0.013557001948356628,99.758
EOF1,-2.5,29.0,0.013555784709751606,99.758
EOF1,-2.5,29.5,0.013554345816373825,99.758
EOF1,-2.5,30.0,0.013552714139223099,99.758
EOF1,-2.5,30.5,0.013554688543081284,99.758
EOF1,-2.5,31.0,0.013556106016039848,99.758
EOF1,-2.5,31.5,0.013556907884776592,99.758
EOF1,-2.5,32.0,0.013557135127484798,99.758
EOF1,-2.5,32.5,0.01355727482587099,99.758
EOF1,-2.5,33.0,0.013557272031903267,99.758
EOF1,-2.5,33.5,0.013557109981775284,99.758
EOF1,-2.5,34.0,0.013556672260165215,99.758
EOF1,-2.5,34.5,0.013554973527789116,99.758
EOF1,-2.0,0.5,0.013538208790123463,99.758
EOF1,-2.0,1.0,0.013538112863898277,99.758
EOF1,-2.0,1.5,0.013538273051381111,99.758
EOF1,-2.0,2.0,0.01353861391544342,99.758
EOF1,-2.0,2.5,0.013539276085793972,99.758
EOF1,-2.0,3.0,0.013539568521082401,99.758
EOF1,-2.0,3.5,0.013539747335016727,99.758
EOF1,-2.0,4.0,0.013539756648242474,99.758
EOF1,-2.0,4.5,0.013539602980017662,99.758
EOF1,-2.0,5.0,0.013539592735469341,99.758
EOF1,-2.0,5.5,0.013540109619498253,99.758
EOF1,-2.0,6.0,0.013540428131818771,99.758
EOF1,-2.0,6.5,0.013540626503527164,99.758
EOF1,-2.0,7.0,0.013540627434849739,99.758
EOF1,-2.0,7.5,0.013540646992623806,99.758
EOF1,-2.0,8.0,0.013549271039664745,99.758
EOF1,-2.0,8.5,0.013554071076214314,99.758
EOF1,-2.0,9.0,0.013556556776165962,99.758
EOF1,-2.0,9.5,0.013558805920183659,99.758
EOF1,-2.0,10.0,0.013560513034462929,99.758
EOF1,-2.0,10.5,0.013560152612626553,99.758
EOF1,-2.0,11.0,0.013559585437178612,99.758
EOF1,-2.0,11.5,0.013559411279857159,99.758
EOF1,-2.0,12.0,0.013559743762016296,99.758
EOF1,-2.0,12.5,0.013559356331825256,99.758
EOF1,-2.0,13.0,0.013558752834796906,99.758
EOF1,-2.0,13.5,0.013558192178606987,99.758
EOF1,-2.0,14.0,0.013557021506130695,99.758
EOF1,-2.0,14.5,0.013555256649851799,99.758
EOF1,-2.0,15.0,0.013553069904446602,99.758
EOF1,-2.0,15.5,0.013553988188505173,99.758
EOF1,-2.0,16.0,0.01355479285120964,99.758
EOF1,-2.0,16.5,0.013555366545915604,99.758
EOF1,-2.0,17.0,0.013555657118558884,99.758
EOF1,-2.0,17.5,0.013555480167269707,99.758
EOF1,-2.0,18.0,0.01355600357055664,99.758
EOF1,-2.0,18.5,0.01355664525181055,99.758
EOF1,-2.0,19.0,0.013556701131165028,99.758
EOF1,-2.0,19.5,0.013556207530200481,99.758
EOF1,-2.0,20.0,0.013555684126913548,99.758
EOF1,-2.0,20.5,0.01355518028140068,99.758
EOF1,-2.0,21.0,0.013555062934756279,99.758
EOF1,-2.0,21.5,0.013555077835917473,99.758
EOF1,-2.0,22.0,0.013554945588111877,99.758
EOF1,-2.0,22.5,0.013554670847952366,99.758
EOF1,-2.0,23.0,0.013554874807596207,99.758
EOF1,-2.0,23.5,0.01355479285120964,99.758
EOF1,-2.0,24.0,0.013554421253502369,99.758
EOF1,-2.0,24.5,0.013554392382502556,99.758
EOF1,-2.0,25.0,0.013555381447076797,99.758
EOF1,-2.0,25.5,0.013556012883782387,99.758
EOF1,-2.0,26.0,0.013556458987295628,99.758
EOF1,-2.0,26.5,0.013556912541389465,99.758
EOF1,-2.0,27.0,0.013557353988289833,99.758
EOF1,-2.0,27.5,0.013557618483901024,99.758
EOF1,-2.0,28.0,0.01355769019573927,99.758
EOF1,-2.0,28.5,0.013556997291743755,99.758
EOF1,-2.0,29.0,0.013555853627622128,99.758
EOF1,-2.0,29.5,0.013554345816373825,99.758
EOF1,-2.0,30.0,0.013552314601838589,99.758
EOF1,-2.0,30.5,0.013554955832660198,99.758
EOF1,-2.0,31.0,0.013556839898228645,99.758
EOF1,-2.0,31.5,0.01355788018554449,99.758
EOF1,-2.0,32.0,0.013558228500187397,99.758
EOF1,-2.0,32.5,0.013558320701122284,99.758
EOF1,-2.0,33.0,0.013558240607380867,99.758
EOF1,-2.0,33.5,0.01355725061148405,99.758
EOF1,-2.0,34.0,0.013556309044361115,99.758
EOF1,-2.0,34.5,0.013554787263274193,99.758
EOF1,-1.5,0.5,0.013539080508053303,99.758
EOF1,-1.5,1.0,0.013539310544729233,99.758
EOF1,-1.5,1.5,0.013539541512727737,99.758
EOF1,-1.5,2.0,0.013539865612983704,99.758
EOF1,-1.5,2.5,0.013540493324398994,99.758
EOF1,-1.5,3.0,0.013541104272007942,99.758
EOF1,-1.5,3.5,0.013541576452553272,99.758
EOF1,-1.5,4.0,0.013541581109166145,99.758
EOF1,-1.5,4.5,0.013541909866034985,99.758
EOF1,-1.5,5.0,0.013542402535676956,99.758
EOF1,-1.5,5.5,0.01354286726564169,99.758
EOF1,-1.5,6.0,0.013543140143156052,99.758
EOF1,-1.5,6.5,0.013543348759412766,99.758
EOF1,-1.5,7.0,0.013543534092605114,99.758
EOF1,-1.5,7.5,0.013543577864766121,99.758
EOF1,-1.5,8.0,0.013551411218941212,99.758
EOF1,-1.5,8.5,0.013556594029068947,99.758
EOF1,-1.5,9.0,0.013559417799115181,99.758
EOF1,-1.5,9.5,0.013560250401496887,99.758
EOF1,-1.5,10.0,0.013560307212173939,99.758
EOF1,-1.5,10.5,0.01355990581214428,99.758
EOF1,-1.5,11.0,0.01355917938053608,99.758
EOF1,-1.5,11.5,0.013558960519731045,99.758
EOF1,-1.5,12.0,0.013559354469180107,99.758
EOF1,-1.5,12.5,0.013559654355049133,99.758
EOF1,-1.5,13.0,0.013559539802372456,99.758
EOF1,-1.5,13.5,0.01355891302227974,99.758
EOF1,-1.5,14.0,0.013557801954448223,99.758
EOF1,-1.5,14.5,0.013556146062910557,99.758
EOF1,-1.5,15.0,0.013553963042795658,99.758
EOF1,-1.5,15.5,0.013554688543081284,99.758
EOF1,-1.5,16.0,0.013555215671658516,99.758
EOF1,-1.5,16.5,0.01355564221739769,99.758
EOF1,-1.5,17.0,0.013555852696299553,99.758
EOF1,-1.5,17.5,0.013555672019720078,99.758
EOF1,-1.5,18.0,0.01355548482388258,99.758
EOF1,-1.5,18.5,0.013555510900914669,99.758
EOF1,-1.5,19.0,0.01355556771159172,99.758
EOF1,-1.5,19.5,0.013555142097175121,99.758
EOF1,-1.5,20.0,0.013554628938436508,99.758
EOF1,-1.5,20.5,0.013553975149989128,99.758
EOF1,-1.5,21.0,0.013553786091506481,99.758
EOF1,-1.5,21.5,0.013553506694734097,99.758
EOF1,-1.5,22.0,0.013553186319768429,99.758
EOF1,-1.5,22.5,0.013552828691899776,99.758
EOF1,-1.5,23.0,0.013553081080317497,99.758
EOF1,-1.5,23.5,0.013553302735090256,99.758
EOF1,-1.5,24.0,0.013553481549024582,99.758
EOF1,-1.5,24.5,0.013553498312830925,99.758
EOF1,-1.5,25.0,0.013554614037275314,99.758
EOF1,-1.5,25.5,0.013555525802075863,99.758
EOF1,-1.5,26.0,0.013556175865232944,99.758
EOF1,-1.5,26.5,0.01355668157339096,99.758
EOF1,-1.5,27.0,0.013556880876421928,99.758
EOF1,-1.5,27.5,0.013556946069002151,99.758
EOF1,-1.5,28.0,0.013557004742324352,99.758
EOF1,-1.5,28.5,0.013556377030909061,99.758
EOF1,-1.5,29.0,0.013555258512496948,99.758
EOF1,-1.5,29.5,0.013553657568991184,99.758
EOF1,-1.5,30.0,0.013551579788327217,99.758
EOF1,-1.5,30.5,0.013554586097598076,99.758
EOF1,-1.5,31.0,0.013557007536292076,99.758
EOF1,-1.5,31.5,0.013558652251958847,99.758
EOF1,-1.5,32.0,0.013559147715568542,99.758
EOF1,-1.5,32.5,0.013558770529925823,99.758
EOF1,-1.5,33.0,0.013557754456996918,99.758
EOF1,-1.5,33.5,0.01355655025690794,99.758
EOF1,-1.5,34.0,0.013555536977946758,99.758
EOF1,-1.5,34.5,0.01355406828224659,99.758
EOF1,-1.0,0.5,0.013541392050683498,99.758
EOF1,-1.0,1.0,0.013541610911488533,99.758
EOF1,-1.0,1.5,0.013541820459067822,99.758
EOF1,-1.0,2.0,0.013542123138904572,99.758
EOF1,-1.0,2.5,0.013542684726417065,99.758
EOF1,-1.0,3.0,0.013543229550123215,99.758
EOF1,-1.0,3.5,0.013543788343667984,99.758
EOF1,-1.0,4.0,0.013544391840696335,99.758
EOF1,-1.0,4.5,0.013544867746531963,99.758
EOF1,-1.0,5.0,0.013545308262109756,99.758
EOF1,-1.0,5.5,0.013545721769332886,99.758
EOF1,-1.0,6.0,0.013546055182814598,99.758
EOF1,-1.0,6.5,0.013546206057071686,99.758
EOF1,-1.0,7.0,0.013546353206038475,99.758
EOF1,-1.0,7.5,0.013546501286327839,99.758
EOF1,-1.0,8.0,0.013552514836192131,99.758
EOF1,-1.0,8.5,0.013557297177612782,99.758
EOF1,-1.0,9.0,0.013559742830693722,99.758
EOF1,-1.0,9.5,0.013560349121689796,99.758
EOF1,-1.0,10.0,0.01356049720197916,99.758
EOF1,-1.0,10.5,0.013560095801949501,99.758
EOF1,-1.0,11.0,0.013559368439018726,99.758
EOF1,-1.0,11.5,0.013559137471020222,99.758
EOF1,-1.0,12.0,0.013559513725340366,99.758
EOF1,-1.0,12.5,0.01355979684740305,99.758
EOF1,-1.0,13.0,0.013559814542531967,99.758
EOF1,-1.0,13.5,0.013559660874307156,99.758
EOF1,-1.0,14.0,0.013558747246861458,99.758
EOF1,-1.0,14.5,0.013557294383645058,99.758
EOF1,-1.0,15.0,0.013555317185819149,99.758
EOF1,-1.0,15.5,0.013555819168686867,99.758
EOF1,-1.0,16.0,0.01355623546987772,99.758
EOF1,-1.0,16.5,0.013556535355746746,99.758
EOF1,-1.0,17.0,0.013556203804910183,99.758
EOF1,-1.0,17.5,0.013556030578911304,99.758
EOF1,-1.0,18.0,0.013555855490267277,99.758
EOF1,-1.0,18.5,0.013555523939430714,99.758
EOF1,-1.0,19.0,0.013554738834500313,99.758
EOF1,-1.0,19.5,0.013554162345826626,99.758
EOF1,-1.0,20.0,0.013553536497056484,99.758
EOF1,-1.0,20.5,0.013552764430642128,99.758
EOF1,-1.0,21.0,0.01355273462831974,99.758
EOF1,-1.0,21.5,0.013552417978644371,99.758
EOF1,-1.0,22.0,0.013552055694162846,99.758
EOF1,-1.0,22.5,0.01355165895074606,99.758
EOF1,-1.0,23.0,0.013551991432905197,99.758
EOF1,-1.0,23.5,0.013552257791161537,99.758
EOF1,-1.0,24.0,0.013552493415772915,99.758
EOF1,-1.0,24.5,0.01355298887938261,99.758
EOF1,-1.0,25.0,0.013554224744439125,99.758
EOF1,-1.0,25.5,0.013555251061916351,99.758
EOF1,-1.0,26.0,0.013555959798395634,99.758
EOF1,-1.0,26.5,0.013556066900491714,99.758
EOF1,-1.0,27.0,0.013556097634136677,99.758
EOF1,-1.0,27.5,0.013556149788200855,99.758
EOF1,-1.0,28.0,0.013556184247136116,99.758
EOF1,-1.0,28.5,0.013555755838751793,99.758
EOF1,-1.0,29.0,0.013554749079048634,99.758
EOF1,-1.0,29.5,0.013553249649703503,99.758
EOF1,-1.0,30.0,0.013552913442254066,99.758
EOF1,-1.0,30.5,0.013555794954299927,99.758
EOF1,-1.0,31.0,0.01355803944170475,99.758
EOF1,-1.0,31.5,0.013559449464082718,99.758
EOF1,-1.0,32.0,0.013559503480792046,99.758
EOF1,-1.0,32.5,0.013559012673795223,99.758
EOF1,-1.0,33.0,0.013558000326156616,99.758
EOF1,-1.0,33.5,0.013556795194745064,99.758
EOF1,-1.0,34.0,0.013555777259171009,99.758
EOF1,-1.0,34.5,0.013554295524954796,99.758
EOF1,-0.5,0.5,0.013543986715376377,99.758
EOF1,-0.5,1.0,0.013544532470405102,99.758
EOF1,-0.5,1.5,0.013544810004532337,99.758
EOF1,-0.5,2.0,0.013545074500143528,99.758
EOF1,-0.5,2.5,0.013545542024075985,99.758
EOF1,-0.5,3.0,0.013546119444072247,99.758
EOF1,-0.5,3.5,0.013546716421842575,99.758
EOF1,-0.5,4.0,0.013547267764806747,99.758
EOF1,-0.5,4.5,0.013547765091061592,99.758
EOF1,-0.5,5.0,0.013548208400607109,99.758
EOF1,-0.5,5.5,0.01354856975376606,99.758
EOF1,-0.5,6.0,0.013548851013183594,99.758
EOF1,-0.5,6.5,0.01354908011853695,99.758
EOF1,-0.5,7.0,0.01354923378676176,99.758
EOF1,-0.5,7.5,0.01354934275150299,99.758
EOF1,-0.5,8.0,0.013554275035858154,99.758
EOF1,-0.5,8.5,0.013557437807321548,99.758
EOF1,-0.5,9.0,0.013559548184275627,99.758
EOF1,-0.5,9.5,0.013560125604271889,99.758
EOF1,-0.5,10.0,0.013560513034462929,99.758
EOF1,-0.5,10.5,0.013560561463236809,99.758
EOF1,-0.5,11.0,0.01356001477688551,99.758
EOF1,-0.5,11.5,0.013559809885919094,99.758
EOF1,-0.5,12.0,0.013560095801949501,99.758
EOF1,-0.5,12.5,0.013560077175498009,99.758
EOF1,-0.5,13.0,0.01355984341353178,99.758
EOF1,-0.5,13.5,0.013559707440435886,99.758
EOF1,-0.5,14.0,0.013559453189373016,99.758
EOF1,-0.5,14.5,0.013558645732700825,99.758
EOF1,-0.5,15.0,0.013557052239775658,99.758
EOF1,-0.5,15.5,0.013557437807321548,99.758
EOF1,-0.5,16.0,0.013557442463934422,99.758
EOF1,-0.5,16.5,0.01355709321796894,99.758
EOF1,-0.5,17.0,0.0135567681863904,99.758
EOF1,-0.5,17.5,0.013556617312133312,99.758
EOF1,-0.5,18.0,0.013556023128330708,99.758
EOF1,-0.5,18.5,0.013555189594626427,99.758
EOF1,-0.5,19.0,0.013554330915212631,99.758
EOF1,-0.5,19.5,0.013553430326282978,99.758
EOF1,-0.5,20.0,0.013552484102547169,99.758
EOF1,-0.5,20.5,0.013551633805036545,99.758
EOF1,-0.5,21.0,0.013551613315939903,99.758
EOF1,-0.5,21.5,0.01355185266584158,99.758
EOF1,-0.5,22.0,0.013551768846809864,99.758
EOF1,-0.5,22.5,0.013551371172070503,99.758
EOF1,-0.5,23.0,0.013551725074648857,99.758
EOF1,-0.5,23.5,0.013552035205066204,99.758
EOF1,-0.5,24.0,0.013552313670516014,99.758
EOF1,-0.5,24.5,0.013552868738770485,99.758
EOF1,-0.5,25.0,0.01355421170592308,99.758
EOF1,-0.5,25.5,0.013554995879530907,99.758
EOF1,-0.5,26.0,0.013555501587688923,99.758
EOF1,-0.5,26.5,0.013555704616010189,99.758
EOF1,-0.5,27.0,0.013555663637816906,99.758
EOF1,-0.5,27.5,0.013555595651268959,99.758
EOF1,-0.5,28.0,0.01355561800301075,99.758
EOF1,-0.5,28.5,0.013555333018302917,99.758
EOF1,-0.5,29.0,0.013555062003433704,99.758
EOF1,-0.5,29.5,0.013555791229009628,99.758
EOF1,-0.5,30.0,0.013555904850363731,99.758
EOF1,-0.5,30.5,0.013558106496930122,99.758
EOF1,-0.5,31.0,0.013559027574956417,99.758
EOF1,-0.5,31.5,0.013559060171246529,99.758
EOF1,-0.5,32.0,0.013559062965214252,99.758
EOF1,-0.5,32.5,0.013559289276599884,99.758
EOF1,-0.5,33.0,0.013559134677052498,99.758
EOF1,-0.5,33.5,0.013558132573962212,99.758
EOF1,-0.5,34.0,0.013557172380387783,99.758
EOF1,-0.5,34.5,0.013555622659623623,99.758
EOF1,0.0,0.5,0.013546092435717583,99.758
EOF1,0.0,1.0,0.013546595349907875,99.758
EOF1,0.0,1.5,0.013547085225582123,99.758
EOF1,0.0,2.0,0.013547579757869244,99.758
EOF1,0.0,2.5,0.013548155315220356,99.758
EOF1,0.0,3.0,0.013548710383474827,99.758
EOF1,0.0,3.5,0.0135492580011487,99.758
EOF1,0.0,4.0,0.013549762777984142,99.758
EOF1,0.0,4.5,0.013550205156207085,99.758
EOF1,0.0,5.0,0.01355062983930111,99.758
EOF1,0.0,5.5,0.013551044277846813,99.758
EOF1,0.0,6.0,0.013551289215683937,99.758
EOF1,0.0,6.5,0.01355146523565054,99.758
EOF1,0.0,7.0,0.013551619835197926,99.758
EOF1,0.0,7.5,0.013551762327551842,99.758
EOF1,0.0,8.0,0.013555992394685745,99.758
EOF1,0.0,8.5,0.013558486476540565,99.758
EOF1,0.0,9.0,0.013559455052018166,99.758
EOF1,0.0,9.5,0.013559510931372643,99.758
EOF1,0.0,10.0,0.01356005109846592,99.758
EOF1,0.0,10.5,0.013560225255787373,99.758
EOF1,0.0,11.0,0.01356013398617506,99.758
EOF1,0.0,11.5,0.013560141436755657,99.758
EOF1,0.0,12.0,0.013560225255787373,99.758
EOF1,0.0,12.5,0.013560094870626926,99.758
EOF1,0.0,13.0,0.013559751212596893,99.758
EOF1,0.0,13.5,0.013559628278017044,99.758
EOF1,0.0,14.0,0.013559429906308651,99.758
EOF1,0.0,14.5,0.01355902012437582,99.758
EOF1,0.0,15.0,0.013558407314121723,99.758
EOF1,0.0,15.5,0.013558163307607174,99.758
EOF1,0.0,16.0,0.013557875528931618,99.758
EOF1,0.0,16.5,0.013557537458837032,99.758
EOF1,0.0,17.0,0.013557090424001217,99.758
EOF1,0.0,17.5,0.013556364923715591,99.758
EOF1,0.0,18.0,0.013555534183979034,99.758
EOF1,0.0,18.5,0.013554594479501247,99.758
EOF1,0.0,19.0,0.013553661294281483,99.758
EOF1,0.0,19.5,0.013552716933190823,99.758
EOF1,0.0,20.0,0.013551641255617142,99.758
EOF1,0.0,20.5,0.013550439849495888,99.758
EOF1,0.0,21.0,0.01355037558823824,99.758
EOF1,0.0,21.5,0.013550657778978348,99.758
EOF1,0.0,22.0,0.01355088222771883,99.758
EOF1,0.0,22.5,0.013551049865782261,99.758
EOF1,0.0,23.0,0.013551419600844383,99.758
EOF1,0.0,23.5,0.013551740907132626,99.758
EOF1,0.0,24.0,0.013552009128034115,99.758
EOF1,0.0,24.5,0.013552439399063587,99.758
EOF1,0.0,25.0,0.013553395867347717,99.758
EOF1,0.0,25.5,0.01355420146137476,99.758
EOF1,0.0,26.0,0.013554851524531841,99.758
EOF1,0.0,26.5,0.013555148616433144,99.758
EOF1,0.0,27.0,0.013555150479078293,99.758
EOF1,0.0,27.5,0.013555078767240047,99.758
EOF1,0.0,28.0,0.013554943725466728,99.758
EOF1,0.0,28.5,0.013556181453168392,99.758
EOF1,0.0,29.0,0.013557392172515392,99.758
EOF1,0.0,29.5,0.013557994738221169,99.758
EOF1,0.0,30.0,0.013557972386479378,99.758
EOF1,0.0,30.5,0.013558137230575085,99.758
EOF1,0.0,31.0,0.013558127917349339,99.758
EOF1,0.0,31.5,0.013557909056544304,99.758
EOF1,0.0,32.0,0.013557834550738335,99.758
EOF1,0.0,32.5,0.013558563776314259,99.758
EOF1,0.0,33.0,0.013558867387473583,99.758
EOF1,0.0,33.5,0.013558807782828808,99.758
EOF1,0.0,34.0,0.01355831976979971,99.758
EOF1,0.0,34.5,0.01355725433677435,99.758
EOF1,0.5,0.5,0.013549678027629852,99.758
EOF1,0.5,1.0,0.013550158590078354,99.758
EOF1,0.5,1.5,0.013550583273172379,99.758
EOF1,0.5,2.0,0.013550938107073307,99.758
EOF1,0.5,2.5,0.01355113834142685,99.758
EOF1,0.5,3.0,0.013551536947488785,99.758
EOF1,0.5,3.5,0.013551999814808369,99.758
EOF1,0.5,4.0,0.013552413322031498,99.758
EOF1,0.5,4.5,0.013552774675190449,99.758
EOF1,0.5,5.0,0.013553082942962646,99.758
EOF1,0.5,5.5,0.013553294353187084,99.758
EOF1,0.5,6.0,0.013553475961089134,99.758
EOF1,0.5,6.5,0.013553624041378498,99.758
EOF1,0.5,7.0,0.013553707860410213,99.758
EOF1,0.5,7.5,0.013553747907280922,99.758
EOF1,0.5,8.0,0.013557299971580505,99.758
EOF1,0.5,8.5,0.013559164479374886,99.758
EOF1,0.5,9.0,0.013559437356889248,99.758
EOF1,0.5,9.5,0.013558860868215561,99.758
EOF1,0.5,10.0,0.013559387065470219,99.758
EOF1,0.5,10.5,0.013559558428823948,99.758
EOF1,0.5,11.0,0.01356014609336853,99.758
EOF1,0.5,11.5,0.013560227118432522,99.758
EOF1,0.5,12.0,0.013560245744884014,99.758
EOF1,0.5,12.5,0.013560275547206402,99.758
EOF1,0.5,13.0,0.013560092076659203,99.758
EOF1,0.5,13.5,0.013559933751821518,99.758
EOF1,0.5,14.0,0.013559636659920216,99.758
EOF1,0.5,14.5,0.013559331186115742,99.758
EOF1,0.5,15.0,0.01355914305895567,99.758
EOF1,0.5,15.5,0.013558299280703068,99.758
EOF1,0.5,16.0,0.013557623140513897,99.758
EOF1,0.5,16.5,0.013557279482483864,99.758
EOF1,0.5,17.0,0.013556811027228832,99.758
EOF1,0.5,17.5,0.013556043617427349,99.758
EOF1,0.5,18.0,0.013555164448916912,99.758
EOF1,0.5,18.5,0.01355462521314621,99.758
EOF1,0.5,19.0,0.013553847558796406,99.758
EOF1,0.5,19.5,0.013552832417190075,99.758
EOF1,0.5,20.0,0.01355185266584158,99.758
EOF1,0.5,20.5,0.013551276177167892,99.758
EOF1,0.5,21.0,0.01355133205652237,99.758
EOF1,0.5,21.5,0.013551551848649979,99.758
EOF1,0.5,22.0,0.01355176791548729,99.758
EOF1,0.5,22.5,0.013552007265388966,99.758
EOF1,0.5,23.0,0.013552306219935417,99.758
EOF1,0.5,23.5,0.013552550226449966,99.758
EOF1,0.5,24.0,0.013552889227867126,99.758
EOF1,0.5,24.5,0.013553235679864883,99.758
EOF1,0.5,25.0,0.013553500175476074,99.758
EOF1,0.5,25.5,0.013554203324019909,99.758
EOF1,0.5,26.0,0.013554929755628109,99.758
EOF1,0.5,26.5,0.013555261306464672,99.758
EOF1,0.5,27.0,0.013555259443819523,99.758
EOF1,0.5,27.5,0.013555565848946571,99.758
EOF1,0.5,28.0,0.013556793332099915,99.758
EOF1,0.5,28.5,0.013557308353483677,99.758
EOF1,0.5,29.0,0.013557825237512589,99.758
EOF1,0.5,29.5,0.013558709993958473,99.758
EOF1,0.5,30.0,0.01355897355824709,99.758
EOF1,0.5,30.5,0.013557784259319305,99.758
EOF1,0.5,31.0,0.01355720590800047,99.758
EOF1,0.5,31.5,0.013557414524257183,99.758
EOF1,0.5,32.0,0.013557624071836472,99.758
EOF1,0.5,32.5,0.013558031991124153,99.758
EOF1,0.5,33.0,0.013558085076510906,99.758
EOF1,0.5,33.5,0.013558393344283104,99.758
EOF1,0.5,34.0,0.013558936305344105,99.758
EOF1,0.5,34.5,0.013559632003307343,99.758
EOF1,1.0,0.5,0.013552608899772167,99.758
EOF1,1.0,1.0,0.013553052209317684,99.758
EOF1,1.0,1.5,0.013553477823734283,99.758
EOF1,1.0,2.0,0.013553773984313011,99.758
EOF1,1.0,2.5,0.013553925789892673,99.758
EOF1,1.0,3.0,0.01355406641960144,99.758
EOF1,1.0,3.5,0.013554264791309834,99.758
EOF1,1.0,4.0,0.013554594479501247,99.758
EOF1,1.0,4.5,0.01355480495840311,99.758
EOF1,1.0,5.0,0.013554991222918034,99.758
EOF1,1.0,5.5,0.01355517003685236,99.758
EOF1,1.0,6.0,0.013555315323174,99.758
EOF1,1.0,6.5,0.013555390760302544,99.758
EOF1,1.0,7.0,0.013555421493947506,99.758
EOF1,1.0,7.5,0.013555439189076424,99.758
EOF1,1.0,8.0,0.013558326289057732,99.758
EOF1,1.0,8.5,0.013559435494244099,99.758
EOF1,1.0,9.0,0.01355891302227974,99.758
EOF1,1.0,9.5,0.013557802885770798,99.758
EOF1,1.0,10.0,0.013559001497924328,99.758
EOF1,1.0,10.5,0.013560013845562935,99.758
EOF1,1.0,11.0,0.01356029137969017,99.758
EOF1,1.0,11.5,0.01356025505810976,99.758
EOF1,1.0,12.0,0.013560296036303043,99.758
EOF1,1.0,12.5,0.01356031745672226,99.758
EOF1,1.0,13.0,0.013560283929109573,99.758
EOF1,1.0,13.5,0.013560090214014053,99.758
EOF1,1.0,14.0,0.01356000080704689,99.758
EOF1,1.0,14.5,0.013559870421886444,99.758
EOF1,1.0,15.0,0.013559705577790737,99.758
EOF1,1.0,15.5,0.013559027574956417,99.758
EOF1,1.0,16.0,0.013558094389736652,99.758
EOF1,1.0,16.5,0.01355691347271204,99.758
EOF1,1.0,17.0,0.013556426391005516,99.758
EOF1,1.0,17.5,0.013555842451751232,99.758
EOF1,1.0,18.0,0.013555358164012432,99.758
EOF1,1.0,18.5,0.013554726727306843,99.758
EOF1,1.0,19.0,0.013553869910538197,99.758
EOF1,1.0,19.5,0.013553226366639137,99.758
EOF1,1.0,20.0,0.01355267595499754,99.758
EOF1,1.0,20.5,0.013552102260291576,99.758
EOF1,1.0,21.0,0.013552112504839897,99.758
EOF1,1.0,21.5,0.013552355580031872,99.758
EOF1,1.0,22.0,0.0135525893419981,99.758
EOF1,1.0,22.5,0.013552812859416008,99.758
EOF1,1.0,23.0,0.013553078286349773,99.758
EOF1,1.0,23.5,0.013553455471992493,99.758
EOF1,1.0,24.0,0.013553818687796593,99.758
EOF1,1.0,24.5,0.01355415303260088,99.758
EOF1,1.0,25.0,0.013554388657212257,99.758
EOF1,1.0,25.5,0.01355459913611412,99.758
EOF1,1.0,26.0,0.013554916717112064,99.758
EOF1,1.0,26.5,0.013555283658206463,99.758
EOF1,1.0,27.0,0.013556405901908875,99.758
EOF1,1.0,27.5,0.013557624071836472,99.758
EOF1,1.0,28.0,0.013558533042669296,99.758
EOF1,1.0,28.5,0.013558885082602501,99.758
EOF1,1.0,29.0,0.013559036888182163,99.758
EOF1,1.0,29.5,0.013559096492826939,99.758
EOF1,1.0,30.0,0.013559447601437569,99.758
EOF1,1.0,30.5,0.013558505102992058,99.758
EOF1,1.0,31.0,0.013557188212871552,99.758
EOF1,1.0,31.5,0.013555501587688923,99.758
EOF1,1.0,32.0,0.013555883429944515,99.758
EOF1,1.0,32.5,0.013556452468037605,99.758
EOF1,1.0,33.0,0.013556813821196556,99.758
EOF1,1.0,33.5,0.013556549325585365,99.758
EOF1,1.0,34.0,0.013557040132582188,99.758
EOF1,1.0,34.5,0.013558224774897099,99.758
EOF1,1.5,0.5,0.013555045239627361,99.758
EOF1,1.5,1.0,0.013555406592786312,99.758
EOF1,1.5,1.5,0.013555755838751793,99.758
EOF1,1.5,2.0,0.013556020334362984,99.758
EOF1,1.5,2.5,0.013556119054555893,99.758
EOF1,1.5,3.0,0.013556217774748802,99.758
EOF1,1.5,3.5,0.013556239195168018,99.758
EOF1,1.5,4.0,0.013556177727878094,99.758
EOF1,1.5,4.5,0.013556319288909435,99.758
EOF1,1.5,5.0,0.013556481339037418,99.758
EOF1,1.5,5.5,0.013556637801229954,99.758
EOF1,1.5,6.0,0.013556641526520252,99.758
EOF1,1.5,6.5,0.0135567095130682,99.758
EOF1,1.5,7.0,0.013556738384068012,99.758
EOF1,1.5,7.5,0.01355674583464861,99.758
EOF1,1.5,8.0,0.013558115810155869,99.758
EOF1,1.5,8.5,0.013559429906308651,99.758
EOF1,1.5,9.0,0.013559050858020782,99.758
EOF1,1.5,9.5,0.013557925820350647,99.758
EOF1,1.5,10.0,0.013558913953602314,99.758
EOF1,1.5,10.5,0.013559912331402302,99.758
EOF1,1.5,11.0,0.013560169376432896,99.758
EOF1,1.5,11.5,0.013560129329562187,99.758
EOF1,1.5,12.0,0.01356019638478756,99.758
EOF1,1.5,12.5,0.013560240156948566,99.758
EOF1,1.5,13.0,0.013560269959270954,99.758
EOF1,1.5,13.5,0.013560221530497074,99.758
EOF1,1.5,14.0,0.013560120016336441,99.758
EOF1,1.5,14.5,0.0135599784553051,99.758
EOF1,1.5,15.0,0.013559908606112003,99.758
EOF1,1.5,15.5,0.013559229671955109,99.758
EOF1,1.5,16.0,0.013558301143348217,99.758
EOF1,1.5,16.5,0.01355712115764618,99.758
EOF1,1.5,17.0,0.01355657633394003,99.758
EOF1,1.5,17.5,0.013555961661040783,99.758
EOF1,1.5,18.0,0.013555411249399185,99.758
EOF1,1.5,18.5,0.01355472020804882,99.758
EOF1,1.5,19.0,0.013554314151406288,99.758
EOF1,1.5,19.5,0.013553925789892673,99.758
EOF1,1.5,20.0,0.01355339027941227,99.758
EOF1,1.5,20.5,0.013552817516028881,99.758
EOF1,1.5,21.0,0.013552851043641567,99.758
EOF1,1.5,21.5,0.013553081080317497,99.758
EOF1,1.5,22.0,0.013553299941122532,99.758
EOF1,1.5,22.5,0.013553633354604244,99.758
EOF1,1.5,23.0,0.013553916476666927,99.758
EOF1,1.5,23.5,0.013554273173213005,99.758
EOF1,1.5,24.0,0.013554622419178486,99.758
EOF1,1.5,24.5,0.013554934412240982,99.758
EOF1,1.5,25.0,0.013555154204368591,99.758
EOF1,1.5,25.5,0.01355533953756094,99.758
EOF1,1.5,26.0,0.013555631041526794,99.758
EOF1,1.5,26.5,0.013556382618844509,99.758
EOF1,1.5,27.0,0.01355756539851427,99.758
EOF1,1.5,27.5,0.013558599166572094,99.758
EOF1,1.5,28.0,0.013559320010244846,99.758
EOF1,1.5,28.5,0.013559587299823761,99.758
EOF1,1.5,29.0,0.01355968788266182,99.758
EOF1,1.5,29.5,0.013559695333242416,99.758
EOF1,1.5,30.0,0.013559136539697647,99.758
EOF1,1.5,30.5,0.013558324426412582,99.758
EOF1,1.5,31.0,0.013557151891291142,99.758
EOF1,1.5,31.5,0.013555600307881832,99.758
EOF1,1.5,32.0,0.013554994016885757,99.758
EOF1,1.5,32.5,0.013555306941270828,99.758
EOF1,1.5,33.0,0.013555453158915043,99.758
EOF1,1.5,33.5,0.013554982841014862,99.758
EOF1,1.5,34.0,0.013555340468883514,99.758
EOF1,1.5,34.5,0.013556469231843948,99.758
EOF1,2.0,0.5,0.01355703454464674,99.758
EOF1,2.0,1.0,0.01355730276554823,99.758
EOF1,2.0,1.5,0.013557549566030502,99.758
EOF1,2.0,2.0,0.013557740487158298,99.758
EOF1,2.0,2.5,0.013557798229157925,99.758
EOF1,2.0,3.0,0.013557694852352142,99.758
EOF1,2.0,3.5,0.013557530008256435,99.758
EOF1,2.0,4.0,0.013557478785514832,99.758
EOF1,2.0,4.5,0.013557537458837032,99.758
EOF1,2.0,5.0,0.013557600788772106,99.758
EOF1,2.0,5.5,0.01355773862451315,99.758
EOF1,2.0,6.0,0.013557747937738895,99.758
EOF1,2.0,6.5,0.013557704165577888,99.758
EOF1,2.0,7.0,0.013557706959545612,99.758
EOF1,2.0,7.5,0.01355772651731968,99.758
EOF1,2.0,8.0,0.013558503240346909,99.758
EOF1,2.0,8.5,0.013559088110923767,99.758
EOF1,2.0,9.0,0.013559632003307343,99.758
EOF1,2.0,9.5,0.013559294864535332,99.758
EOF1,2.0,10.0,0.01355948019772768,99.758
EOF1,2.0,10.5,0.013559216633439064,99.758
EOF1,2.0,11.0,0.013559749349951744,99.758
EOF1,2.0,11.5,0.013559835962951183,99.758
EOF1,2.0,12.0,0.013559924438595772,99.758
EOF1,2.0,12.5,0.013559984974563122,99.758
EOF1,2.0,13.0,0.01355993002653122,99.758
EOF1,2.0,13.5,0.013559817336499691,99.758
EOF1,2.0,14.0,0.013559729792177677,99.758
EOF1,2.0,14.5,0.013559751212596893,99.758
EOF1,2.0,15.0,0.01355969998985529,99.758
EOF1,2.0,15.5,0.013558861799538136,99.758
EOF1,2.0,16.0,0.013558156788349152,99.758
EOF1,2.0,16.5,0.013557715341448784,99.758
EOF1,2.0,17.0,0.013557162135839462,99.758
EOF1,2.0,17.5,0.013556350022554398,99.758
EOF1,2.0,18.0,0.013555360957980156,99.758
EOF1,2.0,18.5,0.013554632663726807,99.758
EOF1,2.0,19.0,0.013554217293858528,99.758
EOF1,2.0,19.5,0.01355419959872961,99.758
EOF1,2.0,20.0,0.013554036617279053,99.758
EOF1,2.0,20.5,0.013553478755056858,99.758
EOF1,2.0,21.0,0.013553510420024395,99.758
EOF1,2.0,21.5,0.01355377584695816,99.758
EOF1,2.0,22.0,0.013554142788052559,99.758
EOF1,2.0,22.5,0.013554499484598637,99.758
EOF1,2.0,23.0,0.013554759323596954,99.758
EOF1,2.0,23.5,0.013555004261434078,99.758
EOF1,2.0,24.0,0.013555310666561127,99.758
EOF1,2.0,24.5,0.013555607758462429,99.758
EOF1,2.0,25.0,0.013555804267525673,99.758
EOF1,2.0,25.5,0.013556336984038353,99.758
EOF1,2.0,26.0,0.013556943275034428,99.758
EOF1,2.0,26.5,0.013557584956288338,99.758
EOF1,2.0,27.0,0.013558217324316502,99.758
EOF1,2.0,27.5,0.013558830134570599,99.758
EOF1,2.0,28.0,0.01355950441211462,99.758
EOF1,2.0,28.5,0.013559766113758087,99.758
EOF1,2.0,29.0,0.013559717684984207,99.758
EOF1,2.0,29.5,0.013559029437601566,99.758
EOF1,2.0,30.0,0.013558100908994675,99.758
EOF1,2.0,30.5,0.013557328842580318,99.758
EOF1,2.0,31.0,0.013556583784520626,99.758
EOF1,2.0,31.5,0.013556012883782387,99.758
EOF1,2.0,32.0,0.013555547222495079,99.758
EOF1,2.0,32.5,0.0135553739964962,99.758
EOF1,2.0,33.0,0.013554454781115055,99.758
EOF1,2.0,33.5,0.013554126024246216,99.758
EOF1,2.0,34.0,0.013554282486438751,99.758
EOF1,2.0,34.5,0.013554838486015797,99.758
EOF1,2.5,0.5,0.013558479957282543,99.758
EOF1,2.5,1.0,0.013558663427829742,99.758
EOF1,2.5,1.5,0.013558825477957726,99.758
EOF1,2.5,2.0,0.013558905571699142,99.758
EOF1,2.5,2.5,0.013558793812990189,99.758
EOF1,2.5,3.0,0.013558673672378063,99.758
EOF1,2.5,3.5,0.013558540493249893,99.758
EOF1,2.5,4.0,0.013558503240346909,99.758
EOF1,2.5,4.5,0.013558543287217617,99.758
EOF1,2.5,5.0,0.013558568432927132,99.758
EOF1,2.5,5.5,0.01355857215821743,99.758
EOF1,2.5,6.0,0.013558550737798214,99.758
EOF1,2.5,6.5,0.013558527454733849,99.758
EOF1,2.5,7.0,0.013558495789766312,99.758
EOF1,2.5,7.5,0.013558461330831051,99.758
EOF1,2.5,8.0,0.013559048064053059,99.758
EOF1,2.5,8.5,0.013559450395405293,99.758
EOF1,2.5,9.0,0.013559686951339245,99.758
EOF1,2.5,9.5,0.013559951446950436,99.758
EOF1,2.5,10.0,0.013560301624238491,99.758
EOF1,2.5,10.5,0.01356013398617506,99.758
EOF1,2.5,11.0,0.013559610582888126,99.758
EOF1,2.5,11.5,0.013559341430664062,99.758
EOF1,2.5,12.0,0.013559399172663689,99.758
EOF1,2.5,12.5,0.013559341430664062,99.758
EOF1,2.5,13.0,0.013559186831116676,99.758
EOF1,2.5,13.5,0.013559240847826004,99.758
EOF1,2.5,14.0,0.013559320010244846,99.758
EOF1,2.5,14.5,0.01355932280421257,99.758
EOF1,2.5,15.0,0.013559249229729176,99.758
EOF1,2.5,15.5,0.013558943755924702,99.758
EOF1,2.5,16.0,0.013558556325733662,99.758
EOF1,2.5,16.5,0.013558095321059227,99.758
EOF1,2.5,17.0,0.013557531870901585,99.758
EOF1,2.5,17.5,0.01355674397200346,99.758
EOF1,2.5,18.0,0.013555779121816158,99.758
EOF1,2.5,18.5,0.013554634526371956,99.758
EOF1,2.5,19.0,0.013554004952311516,99.758
EOF1,2.5,19.5,0.01355400588363409,99.758
EOF1,2.5,20.0,0.013553975149989128,99.758
EOF1,2.5,20.5,0.0135539211332798,99.758
EOF1,2.5,21.0,0.013554184697568417,99.758
EOF1,2.5,21.5,0.013554548844695091,99.758
EOF1,2.5,22.0,0.013554892502725124,99.758
EOF1,2.5,22.5,0.01355522871017456,99.758
EOF1,2.5,23.0,0.013555503450334072,99.758
EOF1,2.5,23.5,0.013555758632719517,99.758
EOF1,2.5,24.0,0.013555997051298618,99.758
EOF1,2.5,24.5,0.013556325808167458,99.758
EOF1,2.5,25.0,0.013556943275034428,99.758
EOF1,2.5,25.5,0.01355751696974039,99.758
EOF1,2.5,26.0,0.013558038510382175,99.758
EOF1,2.5,26.5,0.013558568432927132,99.758
EOF1,2.5,27.0,0.013559063896536827,99.758
EOF1,2.5,27.5,0.013559442944824696,99.758
EOF1,2.5,28.0,0.013559708371758461,99.758
EOF1,2.5,28.5,0.013559400103986263,99.758
EOF1,2.5,29.0,0.01355871930718422,99.758
EOF1,2.5,29.5,0.0135577954351902,99.758
EOF1,2.5,30.0,0.01355662476271391,99.758
EOF1,2.5,30.5,0.013556563295423985,99.758
EOF1,2.5,31.0,0.013556347228586674,99.758
EOF1,2.5,31.5,0.013555954210460186,99.758
EOF1,2.5,32.0,0.01355563011020422,99.758
EOF1,2.5,32.5,0.013555465266108513,99.758
EOF1,2.5,33.0,0.013554543256759644,99.758
EOF1,2.5,33.5,0.013552912510931492,99.758
EOF1,2.5,34.0,0.013551455922424793,99.758
EOF1,2.5,34.5,0.013550471514463425,99.758
EOF1,3.0,0.5,0.013559361919760704,99.758
EOF1,3.0,1.0,0.013559368439018726,99.758
EOF1,3.0,1.5,0.013559483923017979,99.758
EOF1,3.0,2.0,0.013559532351791859,99.758
EOF1,3.0,2.5,0.013559435494244099,99.758
EOF1,3.0,3.0,0.013559333980083466,99.758
EOF1,3.0,3.5,0.01355902012437582,99.758
EOF1,3.0,4.0,0.013558842241764069,99.758
EOF1,3.0,4.5,0.013558793812990189,99.758
EOF1,3.0,5.0,0.0135587677359581,99.758
EOF1,3.0,5.5,0.013558726757764816,99.758
EOF1,3.0,6.0,0.013558701612055302,99.758
EOF1,3.0,6.5,0.01355868298560381,99.758
EOF1,3.0,7.0,0.013558701612055302,99.758
EOF1,3.0,7.5,0.013558732345700264,99.758
EOF1,3.0,8.0,0.013559243641793728,99.758
EOF1,3.0,8.5,0.013559572398662567,99.758
EOF1,3.0,9.0,0.013559783808887005,99.758
EOF1,3.0,9.5,0.013559912331402302,99.758
EOF1,3.0,10.0,0.013560134917497635,99.758
EOF1,3.0,10.5,0.013559889048337936,99.758
EOF1,3.0,11.0,0.013559861108660698,99.758
EOF1,3.0,11.5,0.013559763319790363,99.758
EOF1,3.0,12.0,0.013559570536017418,99.758
EOF1,3.0,12.5,0.013559417799115181,99.758
EOF1,3.0,13.0,0.013559174723923206,99.758
EOF1,3.0,13.5,0.013559172861278057,99.758
EOF1,3.0,14.0,0.013559205457568169,99.758
EOF1,3.0,14.5,0.01355916727334261,99.758
EOF1,3.0,15.0,0.01355903223156929,99.758
EOF1,3.0,15.5,0.013558702543377876,99.758
EOF1,3.0,16.0,0.013558287173509598,99.758
EOF1,3.0,16.5,0.013557951897382736,99.758
EOF1,3.0,17.0,0.013557449914515018,99.758
EOF1,3.0,17.5,0.013556177727878094,99.758
EOF1,3.0,18.0,0.013555045239627361,99.758
EOF1,3.0,18.5,0.01355387456715107,99.758
EOF1,3.0,19.0,0.01355323102325201,99.758
EOF1,3.0,19.5,0.013553237542510033,99.758
EOF1,3.0,20.0,0.013553253374993801,99.758
EOF1,3.0,20.5,0.013553272932767868,99.758
EOF1,3.0,21.0,0.013553859665989876,99.758
EOF1,3.0,21.5,0.013554497621953487,99.758
EOF1,3.0,22.0,0.013554847799241543,99.758
EOF1,3.0,22.5,0.013555183075368404,99.758
EOF1,3.0,23.0,0.013556254096329212,99.758
EOF1,3.0,23.5,0.013556856662034988,99.758
EOF1,3.0,24.0,0.013557073660194874,99.758
EOF1,3.0,24.5,0.013557367958128452,99.758
EOF1,3.0,25.0,0.013557903468608856,99.758
EOF1,3.0,25.5,0.013558384962379932,99.758
EOF1,3.0,26.0,0.013558337464928627,99.758
EOF1,3.0,26.5,0.013558563776314259,99.758
EOF1,3.0,27.0,0.013559024780988693,99.758
EOF1,3.0,27.5,0.013559208251535892,99.758
EOF1,3.0,28.0,0.013558825477957726,99.758
EOF1,3.0,28.5,0.013558235950767994,99.758
EOF1,3.0,29.0,0.013557328842580318,99.758
EOF1,3.0,29.5,0.013556231744587421,99.758
EOF1,3.0,30.0,0.0135548897087574,99.758
EOF1,3.0,30.5,0.013555406592786312,99.758
EOF1,3.0,31.0,0.013555365614593029,99.758
EOF1,3.0,31.5,0.013554940931499004,99.758
EOF1,3.0,32.0,0.013554675504565239,99.758
EOF1,3.0,32.5,0.013554835692048073,99.758
EOF1,3.0,33.0,0.013554262928664684,99.758
EOF1,3.0,33.5,0.013551116921007633,99.758
EOF1,3.0,34.0,0.013550183735787868,99.758
EOF1,3.0,34.5,0.013553277589380741,99.758
EOF1,3.5,0.5,0.013560140505433083,99.758
EOF1,3.5,1.0,0.01356005109846592,99.758
EOF1,3.5,1.5,0.013559947721660137,99.758
EOF1,3.5,2.0,0.013559963554143906,99.758
EOF1,3.5,2.5,0.013559835962951183,99.758
EOF1,3.5,3.0,0.013559592887759209,99.758
EOF1,3.5,3.5,0.013559280894696712,99.758
EOF1,3.5,4.0,0.013559081591665745,99.758
EOF1,3.5,4.5,0.013558994047343731,99.758
EOF1,3.5,5.0,0.013558818958699703,99.758
EOF1,3.5,5.5,0.01355865877121687,99.758
EOF1,3.5,6.0,0.013558633625507355,99.758
EOF1,3.5,6.5,0.013558772392570972,99.758
EOF1,3.5,7.0,0.013558870181441307,99.758
EOF1,3.5,7.5,0.01355893537402153,99.758
EOF1,3.5,8.0,0.013559422455728054,99.758
EOF1,3.5,8.5,0.013559756800532341,99.758
EOF1,3.5,9.0,0.013559755869209766,99.758
EOF1,3.5,9.5,0.013559690676629543,99.758
EOF1,3.5,10.0,0.01355993002653122,99.758
EOF1,3.5,10.5,0.013560057617723942,99.758
EOF1,3.5,11.0,0.013560086488723755,99.758
EOF1,3.5,11.5,0.013559962622821331,99.758
EOF1,3.5,12.0,0.013559679500758648,99.758
EOF1,3.5,12.5,0.01355932466685772,99.758
EOF1,3.5,13.0,0.013558950275182724,99.758
EOF1,3.5,13.5,0.01355889905244112,99.758
EOF1,3.5,14.0,0.01355896145105362,99.758
EOF1,3.5,14.5,0.013558915816247463,99.758
EOF1,3.5,15.0,0.013558756560087204,99.758
EOF1,3.5,15.5,0.013558437116444111,99.758
EOF1,3.5,16.0,0.013558176346123219,99.758
EOF1,3.5,16.5,0.013557875528931618,99.758
EOF1,3.5,17.0,0.01355738751590252,99.758
EOF1,3.5,17.5,0.01355620939284563,99.758
EOF1,3.5,18.0,0.013554688543081284,99.758
EOF1,3.5,18.5,0.013553018681704998,99.758
EOF1,3.5,19.0,0.013552364893257618,99.758
EOF1,3.5,19.5,0.013552526943385601,99.758
EOF1,3.5,20.0,0.01355259120464325,99.758
EOF1,3.5,20.5,0.013552495278418064,99.758
EOF1,3.5,21.0,0.013553119264543056,99.758
EOF1,3.5,21.5,0.013553940691053867,99.758
EOF1,3.5,22.0,0.01355467364192009,99.758
EOF1,3.5,22.5,0.013555090874433517,99.758
EOF1,3.5,23.0,0.013556170277297497,99.758
EOF1,3.5,23.5,0.013557116501033306,99.758
EOF1,3.5,24.0,0.013557922095060349,99.758
EOF1,3.5,24.5,0.01355818659067154,99.758
EOF1,3.5,25.0,0.013558425940573215,99.758
EOF1,3.5,25.5,0.013558405451476574,99.758
EOF1,3.5,26.0,0.013558332808315754,99.758
EOF1,3.5,26.5,0.0135585255920887,99.758
EOF1,3.5,27.0,0.013558337464928627,99.758
EOF1,3.5,27.5,0.013557882979512215,99.758
EOF1,3.5,28.0,0.013557367026805878,99.758
EOF1,3.5,28.5,0.01355662290006876,99.758
EOF1,3.5,29.0,0.013555529527366161,99.758
EOF1,3.5,29.5,0.013554088771343231,99.758
EOF1,3.5,30.0,0.013552505522966385,99.758
EOF1,3.5,30.5,0.013553292490541935,99.758
EOF1,3.5,31.0,0.013553685508668423,99.758
EOF1,3.5,31.5,0.013553678058087826,99.758
EOF1,3.5,32.0,0.013553467579185963,99.758
EOF1,3.5,32.5,0.013554428704082966,99.758
EOF1,3.5,33.0,0.013552526943385601,99.758
EOF1,3.5,33.5,0.013546096161007881,99.758
EOF1,3.5,34.0,0.013544557616114616,99.758
EOF1,3.5,34.5,0.013550045900046825,99.758
EOF1,4.0,0.5,0.013560133054852486,99.758
EOF1,4.0,1.0,0.013560025952756405,99.758
EOF1,4.0,1.5,0.01355990581214428,99.758
EOF1,4.0,2.0,0.013560079969465733,99.758
EOF1,4.0,2.5,0.013559934683144093,99.758
EOF1,4.0,3.0,0.013559657149016857,99.758
EOF1,4.0,3.5,0.013559309765696526,99.758
EOF1,4.0,4.0,0.013559108600020409,99.758
EOF1,4.0,4.5,0.013559047132730484,99.758
EOF1,4.0,5.0,0.013558906503021717,99.758
EOF1,4.0,5.5,0.013558920472860336,99.758
EOF1,4.0,6.0,0.013558642938733101,99.758
EOF1,4.0,6.5,0.013558844104409218,99.758
EOF1,4.0,7.0,0.0135590098798275,99.758
EOF1,4.0,7.5,0.013559145852923393,99.758
EOF1,4.0,8.0,0.013559547252953053,99.758
EOF1,4.0,8.5,0.01355963945388794,99.758
EOF1,4.0,9.0,0.013559442944824696,99.758
EOF1,4.0,9.5,0.013558910228312016,99.758
EOF1,4.0,10.0,0.013558599166572094,99.758
EOF1,4.0,10.5,0.013558928854763508,99.758
EOF1,4.0,11.0,0.013559127226471901,99.758
EOF1,4.0,11.5,0.013559019193053246,99.758
EOF1,4.0,12.0,0.013558627106249332,99.758
EOF1,4.0,12.5,0.013558164238929749,99.758
EOF1,4.0,13.0,0.013558357954025269,99.758
EOF1,4.0,13.5,0.013556843623518944,99.758
EOF1,4.0,14.0,0.013556918129324913,99.758
EOF1,4.0,14.5,0.013556896708905697,99.758
EOF1,4.0,15.0,0.013556771911680698,99.758
EOF1,4.0,15.5,0.013557881116867065,99.758
EOF1,4.0,16.0,0.013557584956288338,99.758
EOF1,4.0,16.5,0.013557248748838902,99.758
EOF1,4.0,17.0,0.013556716032326221,99.758
EOF1,4.0,17.5,0.013555465266108513,99.758
EOF1,4.0,18.0,0.013553867116570473,99.758
EOF1,4.0,18.5,0.01355234906077385,99.758
EOF1,4.0,19.0,0.013552295975387096,99.758
EOF1,4.0,19.5,0.013552491553127766,99.758
EOF1,4.0,20.0,0.013552533462643623,99.758
EOF1,4.0,20.5,0.013552465476095676,99.758
EOF1,4.0,21.0,0.013553109019994736,99.758
EOF1,4.0,21.5,0.013553938828408718,99.758
EOF1,4.0,22.0,0.013554682955145836,99.758
EOF1,4.0,22.5,0.013555144891142845,99.758
EOF1,4.0,23.0,0.013556222431361675,99.758
EOF1,4.0,23.5,0.013557164929807186,99.758
EOF1,4.0,24.0,0.01355796866118908,99.758
EOF1,4.0,24.5,0.013557926751673222,99.758
EOF1,4.0,25.0,0.013557814992964268,99.758
EOF1,4.0,25.5,0.01355776283890009,99.758
EOF1,4.0,26.0,0.013557656668126583,99.758
EOF1,4.0,26.5,0.013556563295423985,99.758
EOF1,4.0,27.0,0.013555546291172504,99.758
EOF1,4.0,27.5,0.0135548897087574,99.758
EOF1,4.0,28.0,0.013554174453020096,99.758
EOF1,4.0,28.5,0.01355307549238205,99.758
EOF1,4.0,29.0,0.013551576063036919,99.758
EOF1,4.0,29.5,0.01354973204433918,99.758
EOF1,4.0,30.0,0.013551192358136177,99.758
EOF1,4.0,30.5,0.013552049174904823,99.758
EOF1,4.0,31.0,0.013552499935030937,99.758
EOF1,4.0,31.5,0.013552566058933735,99.758
EOF1,4.0,32.0,0.013552692718803883,99.758
EOF1,4.0,32.5,0.013552658259868622,99.758
EOF1,4.0,33.0,0.013550068251788616,99.758
EOF1,4.0,33.5,0.013542847707867622,99.758
EOF1,4.0,34.0,0.013541228137910366,99.758
EOF1,4.0,34.5,0.013547453097999096,99.758
EOF1,4.5,0.5,0.013559260405600071,99.758
EOF1,4.5,1.0,0.013559386134147644,99.758
EOF1,4.5,1.5,0.013559688813984394,99.758
EOF1,4.5,2.0,0.013559779152274132,99.758
EOF1,4.5,2.5,0.013559641316533089,99.758
EOF1,4.5,3.0,0.01355945784598589,99.758
EOF1,4.5,3.5,0.013559042476117611,99.758
EOF1,4.5,4.0,0.013558856211602688,99.758
EOF1,4.5,4.5,0.013558892533183098,99.758
EOF1,4.5,5.0,0.01355940941721201,99.758
EOF1,4.5,5.5,0.01355960126966238,99.758
EOF1,4.5,6.0,0.01355933677405119,99.758
EOF1,4.5,6.5,0.01355885248631239,99.758
EOF1,4.5,7.0,0.013558678328990936,99.758
EOF1,4.5,7.5,0.01355889905244112,99.758
EOF1,4.5,8.0,0.013559111393988132,99.758
EOF1,4.5,8.5,0.013558994978666306,99.758
EOF1,4.5,9.0,0.013558662496507168,99.758
EOF1,4.5,9.5,0.013558000326156616,99.758
EOF1,4.5,10.0,0.013556637801229954,99.758
EOF1,4.5,10.5,0.013554982841014862,99.758
EOF1,4.5,11.0,0.013555623590946198,99.758
EOF1,4.5,11.5,0.013555658981204033,99.758
EOF1,4.5,12.0,0.01355516817420721,99.758
EOF1,4.5,12.5,0.01355668343603611,99.758
EOF1,4.5,13.0,0.013557763770222664,99.758
EOF1,4.5,13.5,0.013556228950619698,99.758
EOF1,4.5,14.0,0.013552838005125523,99.758
EOF1,4.5,14.5,0.013550661504268646,99.758
EOF1,4.5,15.0,0.01355061400681734,99.758
EOF1,4.5,15.5,0.013553628697991371,99.758
EOF1,4.5,16.0,0.013555781915783882,99.758
EOF1,4.5,16.5,0.013555895537137985,99.758
EOF1,4.5,17.0,0.013555255718529224,99.758
EOF1,4.5,17.5,0.013553756289184093,99.758
EOF1,4.5,18.0,0.013553084805607796,99.758
EOF1,4.5,18.5,0.01355268806219101,99.758
EOF1,4.5,19.0,0.013552650809288025,99.758
EOF1,4.5,19.5,0.013552908785641193,99.758
EOF1,4.5,20.0,0.013553174212574959,99.758
EOF1,4.5,20.5,0.013553230091929436,99.758
EOF1,4.5,21.0,0.013553844764828682,99.758
EOF1,4.5,21.5,0.013554534874856472,99.758
EOF1,4.5,22.0,0.01355496421456337,99.758
EOF1,4.5,22.5,0.013555345125496387,99.758
EOF1,4.5,23.0,0.013556404039263725,99.758
EOF1,4.5,23.5,0.01355690322816372,99.758
EOF1,4.5,24.0,0.01355692744255066,99.758
EOF1,4.5,24.5,0.013556902296841145,99.758
EOF1,4.5,25.0,0.013556640595197678,99.758
EOF1,4.5,25.5,0.013556216843426228,99.758
EOF1,4.5,26.0,0.013556062243878841,99.758
EOF1,4.5,26.5,0.013554757460951805,99.758
EOF1,4.5,27.0,0.013551856391131878,99.758
EOF1,4.5,27.5,0.013549034483730793,99.758
EOF1,4.5,28.0,0.013548037968575954,99.758
EOF1,4.5,28.5,0.013546396978199482,99.758
EOF1,4.5,29.0,0.013545695692300797,99.758
EOF1,4.5,29.5,0.01354882214218378,99.758
EOF1,4.5,30.0,0.013551399111747742,99.758
EOF1,4.5,30.5,0.013552093878388405,99.758
EOF1,4.5,31.0,0.01355249434709549,99.758
EOF1,4.5,31.5,0.013552585616707802,99.758
EOF1,4.5,32.0,0.013552413322031498,99.758
EOF1,4.5,32.5,0.013551026582717896,99.758
EOF1,4.5,33.0,0.01354700606316328,99.758
EOF1,4.5,33.5,0.013541609048843384,99.758
EOF1,4.5,34.0,0.01354046631604433,99.758
EOF1,4.5,34.5,0.013545691035687923,99.758
EOF1,5.0,0.5,0.013558617793023586,99.758
EOF1,5.0,1.0,0.013558989390730858,99.758
EOF1,5.0,1.5,0.013559197075664997,99.758
EOF1,5.0,2.0,0.013559200800955296,99.758
EOF1,5.0,2.5,0.013559007085859776,99.758
EOF1,5.0,3.0,0.013558766804635525,99.758
EOF1,5.0,3.5,0.013558479025959969,99.758
EOF1,5.0,4.0,0.013558815233409405,99.758
EOF1,5.0,4.5,0.013559545390307903,99.758
EOF1,5.0,5.0,0.013559933751821518,99.758
EOF1,5.0,5.5,0.013560020364820957,99.758
EOF1,5.0,6.0,0.01355978474020958,99.758
EOF1,5.0,6.5,0.013559366576373577,99.758
EOF1,5.0,7.0,0.013558815233409405,99.758
EOF1,5.0,7.5,0.013558153994381428,99.758
EOF1,5.0,8.0,0.01355824526399374,99.758
EOF1,5.0,8.5,0.01355805341154337,99.758
EOF1,5.0,9.0,0.013557612895965576,99.758
EOF1,5.0,9.5,0.013556817546486855,99.758
EOF1,5.0,10.0,0.013555324636399746,99.758
EOF1,5.0,10.5,0.013553574681282043,99.758
EOF1,5.0,11.0,0.013551623560488224,99.758
EOF1,5.0,11.5,0.013551819138228893,99.758
EOF1,5.0,12.0,0.0135539211332798,99.758
EOF1,5.0,12.5,0.013555544428527355,99.758
EOF1,5.0,13.0,0.013556716032326221,99.758
EOF1,5.0,13.5,0.013555162586271763,99.758
EOF1,5.0,14.0,0.013551714830100536,99.758
EOF1,5.0,14.5,0.013546912930905819,99.758
EOF1,5.0,15.0,0.013540715910494328,99.758
EOF1,5.0,15.5,0.013545531779527664,99.758
EOF1,5.0,16.0,0.01354935858398676,99.758
EOF1,5.0,16.5,0.013552242890000343,99.758
EOF1,5.0,17.0,0.013553769327700138,99.758
EOF1,5.0,17.5,0.01355352159589529,99.758
EOF1,5.0,18.0,0.01355318259447813,99.758
EOF1,5.0,18.5,0.013552763499319553,99.758
EOF1,5.0,19.0,0.013552871532738209,99.758
EOF1,5.0,19.5,0.013553416356444359,99.758
EOF1,5.0,20.0,0.013553746975958347,99.758
EOF1,5.0,20.5,0.013553864322602749,99.758
EOF1,5.0,21.0,0.013554247096180916,99.758
EOF1,5.0,21.5,0.013554715551435947,99.758
EOF1,5.0,22.0,0.01355513371527195,99.758
EOF1,5.0,22.5,0.013555504381656647,99.758
EOF1,5.0,23.0,0.013555587269365788,99.758
EOF1,5.0,23.5,0.013555653393268585,99.758
EOF1,5.0,24.0,0.013555705547332764,99.758
EOF1,5.0,24.5,0.01355567667633295,99.758
EOF1,5.0,25.0,0.013555408455431461,99.758
EOF1,5.0,25.5,0.013554971665143967,99.758
EOF1,5.0,26.0,0.013554364442825317,99.758
EOF1,5.0,26.5,0.013552595861256123,99.758
EOF1,5.0,27.0,0.013549307361245155,99.758
EOF1,5.0,27.5,0.013545403257012367,99.758
EOF1,5.0,28.0,0.01354087796062231,99.758
EOF1,5.0,28.5,0.01354259718209505,99.758
EOF1,5.0,29.0,0.013546106405556202,99.758
EOF1,5.0,29.5,0.01354909036308527,99.758
EOF1,5.0,30.0,0.013551529496908188,99.758
EOF1,5.0,30.5,0.013552076183259487,99.758
EOF1,5.0,31.0,0.01355221401900053,99.758
EOF1,5.0,31.5,0.01355194952338934,99.758
EOF1,5.0,32.0,0.013551503419876099,99.758
EOF1,5.0,32.5,0.013550049625337124,99.758
EOF1,5.0,33.0,0.013546021655201912,99.758
EOF1,5.0,33.5,0.013539035804569721,99.758
EOF1,5.0,34.0,0.01353850495070219,99.758
EOF1,5.0,34.5,0.013545420952141285,99.758
EOF1,5.5,0.5,0.013558129779994488,99.758
EOF1,5.5,1.0,0.013558333739638329,99.758
EOF1,5.5,1.5,0.013558996841311455,99.758
EOF1,5.5,2.0,0.013559346087276936,99.758
EOF1,5.5,2.5,0.013559136539697647,99.758
EOF1,5.5,3.0,0.013558885082602501,99.758
EOF1,5.5,3.5,0.013558500446379185,99.758
EOF1,5.5,4.0,0.013558512553572655,99.758
EOF1,5.5,4.5,0.013558806851506233,99.758
EOF1,5.5,5.0,0.013558709993958473,99.758
EOF1,5.5,5.5,0.013557984493672848,99.758
EOF1,5.5,6.0,0.01355748064815998,99.758
EOF1,5.5,6.5,0.013556884601712227,99.758
EOF1,5.5,7.0,0.013556204736232758,99.758
EOF1,5.5,7.5,0.013555437326431274,99.758
EOF1,5.5,8.0,0.013555886223912239,99.758
EOF1,5.5,8.5,0.013556057587265968,99.758
EOF1,5.5,9.0,0.013555865734815598,99.758
EOF1,5.5,9.5,0.0135551942512393,99.758
EOF1,5.5,10.0,0.013555536977946758,99.758
EOF1,5.5,10.5,0.013554278761148453,99.758
EOF1,5.5,11.0,0.013552323915064335,99.758
EOF1,5.5,11.5,0.013552358373999596,99.758
EOF1,5.5,12.0,0.013554148375988007,99.758
EOF1,5.5,12.5,0.013555319048464298,99.758
EOF1,5.5,13.0,0.013555682264268398,99.758
EOF1,5.5,13.5,0.013553822413086891,99.758
EOF1,5.5,14.0,0.013550154864788055,99.758
EOF1,5.5,14.5,0.013547935523092747,99.758
EOF1,5.5,15.0,0.013548052869737148,99.758
EOF1,5.5,15.5,0.013548952527344227,99.758
EOF1,5.5,16.0,0.013550975359976292,99.758
EOF1,5.5,16.5,0.013553529046475887,99.758
EOF1,5.5,17.0,0.013554860837757587,99.758
EOF1,5.5,17.5,0.013554660603404045,99.758
EOF1,5.5,18.0,0.01355436909943819,99.758
EOF1,5.5,18.5,0.01355419959872961,99.758
EOF1,5.5,19.0,0.013553923927247524,99.758
EOF1,5.5,19.5,0.013553495518863201,99.758
EOF1,5.5,20.0,0.01355401799082756,99.758
EOF1,5.5,20.5,0.013554341159760952,99.758
EOF1,5.5,21.0,0.013554723933339119,99.758
EOF1,5.5,21.5,0.013555130921304226,99.758
EOF1,5.5,22.0,0.013555529527366161,99.758
EOF1,5.5,22.5,0.013555718585848808,99.758
EOF1,5.5,23.0,0.013555796816945076,99.758
EOF1,5.5,23.5,0.013555858284235,99.758
EOF1,5.5,24.0,0.013555659912526608,99.758
EOF1,5.5,24.5,0.013555113226175308,99.758
EOF1,5.5,25.0,0.013553798198699951,99.758
EOF1,5.5,25.5,0.013553105294704437,99.758
EOF1,5.5,26.0,0.013552527874708176,99.758
EOF1,5.5,26.5,0.013550606556236744,99.758
EOF1,5.5,27.0,0.013547003269195557,99.758
EOF1,5.5,27.5,0.01354441698640585,99.758
EOF1,5.5,28.0,0.013546330854296684,99.758
EOF1,5.5,28.5,0.013545146211981773,99.758
EOF1,5.5,29.0,0.013544268906116486,99.758
EOF1,5.5,29.5,0.013547533191740513,99.758
EOF1,5.5,30.0,0.013550256378948689,99.758
EOF1,5.5,30.5,0.01355077512562275,99.758
EOF1,5.5,31.0,0.013551171869039536,99.758
EOF1,5.5,31.5,0.013551258482038975,99.758
EOF1,5.5,32.0,0.01355146337300539,99.758
EOF1,5.5,32.5,0.013552832417190075,99.758
EOF1,5.5,33.0,0.01355214137583971,99.758
EOF1,5.5,33.5,0.013548634946346283,99.758
EOF1,5.5,34.0,0.013548612594604492,99.758
EOF1,5.5,34.5,0.013552743010222912,99.758
EOF1,6.0,0.5,0.01355735119432211,99.758
EOF1,6.0,1.0,0.013557258993387222,99.758
EOF1,6.0,1.5,0.013557011261582375,99.758
EOF1,6.0,2.0,0.013557652942836285,99.758
EOF1,6.0,2.5,0.01355751696974039,99.758
EOF1,6.0,3.0,0.01355734746903181,99.758
EOF1,6.0,3.5,0.013557015918195248,99.758
EOF1,6.0,4.0,0.013556874357163906,99.758
EOF1,6.0,4.5,0.013556379824876785,99.758
EOF1,6.0,5.0,0.013555442914366722,99.758
EOF1,6.0,5.5,0.013554251752793789,99.758
EOF1,6.0,6.0,0.013553730212152004,99.758
EOF1,6.0,6.5,0.013553238473832607,99.758
EOF1,6.0,7.0,0.013552512973546982,99.758
EOF1,6.0,7.5,0.013551699928939342,99.758
EOF1,6.0,8.0,0.01355257909744978,99.758
EOF1,6.0,8.5,0.01355314813554287,99.758
EOF1,6.0,9.0,0.013552775606513023,99.758
EOF1,6.0,9.5,0.013551909476518631,99.758
EOF1,6.0,10.0,0.013552197255194187,99.758
EOF1,6.0,10.5,0.013552381657063961,99.758
EOF1,6.0,11.0,0.013551957905292511,99.758
EOF1,6.0,11.5,0.013551858253777027,99.758
EOF1,6.0,12.0,0.01355283334851265,99.758
EOF1,6.0,12.5,0.013553231954574585,99.758
EOF1,6.0,13.0,0.013553258962929249,99.758
EOF1,6.0,13.5,0.013551178388297558,99.758
EOF1,6.0,14.0,0.013552010990679264,99.758
EOF1,6.0,14.5,0.013552624732255936,99.758
EOF1,6.0,15.0,0.013553009368479252,99.758
EOF1,6.0,15.5,0.013553671538829803,99.758
EOF1,6.0,16.0,0.013554231263697147,99.758
EOF1,6.0,16.5,0.013554691337049007,99.758
EOF1,6.0,17.0,0.0135557996109128,99.758
EOF1,6.0,17.5,0.013555633835494518,99.758
EOF1,6.0,18.0,0.013555421493947506,99.758
EOF1,6.0,18.5,0.013555207289755344,99.758
EOF1,6.0,19.0,0.013554961420595646,99.758
EOF1,6.0,19.5,0.013554632663726807,99.758
EOF1,6.0,20.0,0.013554234057664871,99.758
EOF1,6.0,20.5,0.013554243370890617,99.758
EOF1,6.0,21.0,0.01355463732033968,99.758
EOF1,6.0,21.5,0.013555368408560753,99.758
EOF1,6.0,22.0,0.013555796816945076,99.758
EOF1,6.0,22.5,0.01355590857565403,99.758
EOF1,6.0,23.0,0.013555903919041157,99.758
EOF1,6.0,23.5,0.013555610552430153,99.758
EOF1,6.0,24.0,0.01355522871017456,99.758
EOF1,6.0,24.5,0.013554589822888374,99.758
EOF1,6.0,25.0,0.013553263619542122,99.758
EOF1,6.0,25.5,0.013551686890423298,99.758
EOF1,6.0,26.0,0.013550183735787868,99.758
EOF1,6.0,26.5,0.013548115268349648,99.758
EOF1,6.0,27.0,0.013548672199249268,99.758
EOF1,6.0,27.5,0.013550398871302605,99.758
EOF1,6.0,28.0,0.013551841489970684,99.758
EOF1,6.0,28.5,0.013550904579460621,99.758
EOF1,6.0,29.0,0.013549011200666428,99.758
EOF1,6.0,29.5,0.013546847738325596,99.758
EOF1,6.0,30.0,0.013548463582992554,99.758
EOF1,6.0,30.5,0.013549159280955791,99.758
EOF1,6.0,31.0,0.013549678958952427,99.758
EOF1,6.0,31.5,0.013550028204917908,99.758
EOF1,6.0,32.0,0.013550550676882267,99.758
EOF1,6.0,32.5,0.013552099466323853,99.758
EOF1,6.0,33.0,0.013553274795413017,99.758
EOF1,6.0,33.5,0.013553543016314507,99.758
EOF1,6.0,34.0,0.013553855009377003,99.758
EOF1,6.0,34.5,0.013555704616010189,99.758
EOF1,6.5,0.5,0.013556298799812794,99.758
EOF1,6.5,1.0,0.013556310907006264,99.758
EOF1,6.5,1.5,0.013556193560361862,99.758
EOF1,6.5,2.0,0.013555499725043774,99.758
EOF1,6.5,2.5,0.013555027544498444,99.758
EOF1,6.5,3.0,0.01355519238859415,99.758
EOF1,6.5,3.5,0.013555217534303665,99.758
EOF1,6.5,4.0,0.013554603792726994,99.758
EOF1,6.5,4.5,0.013553295284509659,99.758
EOF1,6.5,5.0,0.013551812618970871,99.758
EOF1,6.5,5.5,0.013551251031458378,99.758
EOF1,6.5,6.0,0.013551129028201103,99.758
EOF1,6.5,6.5,0.013550609350204468,99.758
EOF1,6.5,7.0,0.013549882918596268,99.758
EOF1,6.5,7.5,0.013548607937991619,99.758
EOF1,6.5,8.0,0.013550177216529846,99.758
EOF1,6.5,8.5,0.013550928793847561,99.758
EOF1,6.5,9.0,0.013550760224461555,99.758
EOF1,6.5,9.5,0.013550393283367157,99.758
EOF1,6.5,10.0,0.013550584204494953,99.758
EOF1,6.5,10.5,0.01355066616088152,99.758
EOF1,6.5,11.0,0.013549499213695526,99.758
EOF1,6.5,11.5,0.013550704345107079,99.758
EOF1,6.5,12.0,0.013552837073802948,99.758
EOF1,6.5,12.5,0.013553117401897907,99.758
EOF1,6.5,13.0,0.0135530149564147,99.758
EOF1,6.5,13.5,0.013552898541092873,99.758
EOF1,6.5,14.0,0.013553873635828495,99.758
EOF1,6.5,14.5,0.013554604724049568,99.758
EOF1,6.5,15.0,0.013555110432207584,99.758
EOF1,6.5,15.5,0.013555597513914108,99.758
EOF1,6.5,16.0,0.013555984944105148,99.758
EOF1,6.5,16.5,0.013556263409554958,99.758
EOF1,6.5,17.0,0.01355534978210926,99.758
EOF1,6.5,17.5,0.01355401985347271,99.758
EOF1,6.5,18.0,0.013553791679441929,99.758
EOF1,6.5,18.5,0.0135535579174757,99.758
EOF1,6.5,19.0,0.013554025441408157,99.758
EOF1,6.5,19.5,0.013554081320762634,99.758
EOF1,6.5,20.0,0.013553758151829243,99.758
EOF1,6.5,20.5,0.01355335395783186,99.758
EOF1,6.5,21.0,0.013554015196859837,99.758
EOF1,6.5,21.5,0.013554763980209827,99.758
EOF1,6.5,22.0,0.01355520449578762,99.758
EOF1,6.5,22.5,0.013555893674492836,99.758
EOF1,6.5,23.0,0.013555707409977913,99.758
EOF1,6.5,23.5,0.013555358164012432,99.758
EOF1,6.5,24.0,0.013554919511079788,99.758
EOF1,6.5,24.5,0.013554228469729424,99.758
EOF1,6.5,25.0,0.013552856631577015,99.758
EOF1,6.5,25.5,0.013551230542361736,99.758
EOF1,6.5,26.0,0.0135488985106349,99.758
EOF1,6.5,26.5,0.013549258932471275,99.758
EOF1,6.5,27.0,0.013551568612456322,99.758
EOF1,6.5,27.5,0.013552960008382797,99.758
EOF1,6.5,28.0,0.013554089702665806,99.758
EOF1,6.5,28.5,0.013553304597735405,99.758
EOF1,6.5,29.0,0.013551658019423485,99.758
EOF1,6.5,29.5,0.013549773022532463,99.758
EOF1,6.5,30.0,0.013547626323997974,99.758
EOF1,6.5,30.5,0.013548343442380428,99.758
EOF1,6.5,31.0,0.01354889664798975,99.758
EOF1,6.5,31.5,0.013549275696277618,99.758
EOF1,6.5,32.0,0.01354822888970375,99.758
EOF1,6.5,32.5,0.013549803756177425,99.758
EOF1,6.5,33.0,0.013551006093621254,99.758
EOF1,6.5,33.5,0.013552216812968254,99.758
EOF1,6.5,34.0,0.013555283658206463,99.758
EOF1,6.5,34.5,0.013557296246290207,99.758
EOF1,7.0,0.5,0.013555477373301983,99.758
EOF1,7.0,1.0,0.01355520449578762,99.758
EOF1,7.0,1.5,0.013554567471146584,99.758
EOF1,7.0,2.0,0.013553791679441929,99.758
EOF1,7.0,2.5,0.013552475720643997,99.758
EOF1,7.0,3.0,0.013550649397075176,99.758
EOF1,7.0,3.5,0.013551151379942894,99.758
EOF1,7.0,4.0,0.013550515286624432,99.758
EOF1,7.0,4.5,0.013548738323152065,99.758
EOF1,7.0,5.0,0.013549312017858028,99.758
EOF1,7.0,5.5,0.013549821451306343,99.758
EOF1,7.0,6.0,0.01354956440627575,99.758
EOF1,7.0,6.5,0.013548784889280796,99.758
EOF1,7.0,7.0,0.013547523878514767,99.758
EOF1,7.0,7.5,0.013546092435717583,99.758
EOF1,7.0,8.0,0.013548197224736214,99.758
EOF1,7.0,8.5,0.013549575582146645,99.758
EOF1,7.0,9.0,0.013550245203077793,99.758
EOF1,7.0,9.5,0.013550314120948315,99.758
EOF1,7.0,10.0,0.013550360687077045,99.758
EOF1,7.0,10.5,0.013546962291002274,99.758
EOF1,7.0,11.0,0.01354100089520216,99.758
EOF1,7.0,11.5,0.01354263722896576,99.758
EOF1,7.0,12.0,0.013550994917750359,99.758
EOF1,7.0,12.5,0.013555532321333885,99.758
EOF1,7.0,13.0,0.013555526733398438,99.758
EOF1,7.0,13.5,0.013555326499044895,99.758
EOF1,7.0,14.0,0.013555042445659637,99.758
EOF1,7.0,14.5,0.01355518214404583,99.758
EOF1,7.0,15.0,0.013555651530623436,99.758
EOF1,7.0,15.5,0.013555990532040596,99.758
EOF1,7.0,16.0,0.013555977493524551,99.758
EOF1,7.0,16.5,0.01355556957423687,99.758
EOF1,7.0,17.0,0.013554568402469158,99.758
EOF1,7.0,17.5,0.013551751151680946,99.758
EOF1,7.0,18.0,0.013548280112445354,99.758
EOF1,7.0,18.5,0.013548074290156364,99.758
EOF1,7.0,19.0,0.01354899350553751,99.758
EOF1,7.0,19.5,0.013550697825849056,99.758
EOF1,7.0,20.0,0.013551630079746246,99.758
EOF1,7.0,20.5,0.013551268726587296,99.758
EOF1,7.0,21.0,0.01355201005935669,99.758
EOF1,7.0,21.5,0.013553177006542683,99.758
EOF1,7.0,22.0,0.01355473417788744,99.758
EOF1,7.0,22.5,0.013555600307881832,99.758
EOF1,7.0,23.0,0.013555429875850677,99.758
EOF1,7.0,23.5,0.013555234298110008,99.758
EOF1,7.0,24.0,0.013554850593209267,99.758
EOF1,7.0,24.5,0.013554144650697708,99.758
EOF1,7.0,25.0,0.013552687130868435,99.758
EOF1,7.0,25.5,0.013549653813242912,99.758
EOF1,7.0,26.0,0.01354555319994688,99.758
EOF1,7.0,26.5,0.013545946218073368,99.758
EOF1,7.0,27.0,0.01355034951120615,99.758
EOF1,7.0,27.5,0.013553036376833916,99.758
EOF1,7.0,28.0,0.013553964905440807,99.758
EOF1,7.0,28.5,0.0135531947016716,99.758
EOF1,7.0,29.0,0.01355174370110035,99.758
EOF1,7.0,29.5,0.0135499844327569,99.758
EOF1,7.0,30.0,0.013547894544899464,99.758
EOF1,7.0,30.5,0.013548515737056732,99.758
EOF1,7.0,31.0,0.013547677546739578,99.758
EOF1,7.0,31.5,0.013545231893658638,99.758
EOF1,7.0,32.0,0.013543572276830673,99.758
EOF1,7.0,32.5,0.013545013032853603,99.758
EOF1,7.0,33.0,0.013547814451158047,99.758
EOF1,7.0,33.5,0.013550410978496075,99.758
EOF1,7.0,34.0,0.013553800992667675,99.758
EOF1,7.0,34.5,0.013557435013353825,99.758
EOF1,7.5,0.5,0.01355375349521637,99.758
EOF1,7.5,1.0,0.01355310995131731,99.758
EOF1,7.5,1.5,0.013552396558225155,99.758
EOF1,7.5,2.0,0.013551569543778896,99.758
EOF1,7.5,2.5,0.013550277799367905,99.758
EOF1,7.5,3.0,0.013548538088798523,99.758
EOF1,7.5,3.5,0.013546338304877281,99.758
EOF1,7.5,4.0,0.01354540791362524,99.758
EOF1,7.5,4.5,0.013546066358685493,99.758
EOF1,7.5,5.0,0.0135466568171978,99.758
EOF1,7.5,5.5,0.013547170907258987,99.758
EOF1,7.5,6.0,0.013546621426939964,99.758
EOF1,7.5,6.5,0.01354554109275341,99.758
EOF1,7.5,7.0,0.01354425959289074,99.758
EOF1,7.5,7.5,0.013542822562158108,99.758
EOF1,7.5,8.0,0.013545311987400055,99.758
EOF1,7.5,8.5,0.013547160662710667,99.758
EOF1,7.5,9.0,0.013548354618251324,99.758
EOF1,7.5,9.5,0.013547937385737896,99.758
EOF1,7.5,10.0,0.013543359935283661,99.758
EOF1,7.5,10.5,0.013537156395614147,99.758
EOF1,7.5,11.0,0.013529273681342602,99.758
EOF1,7.5,11.5,0.01353139616549015,99.758
EOF1,7.5,12.0,0.013542478904128075,99.758
EOF1,7.5,12.5,0.013550758361816406,99.758
EOF1,7.5,13.0,0.013556381687521935,99.758
EOF1,7.5,13.5,0.013557110913097858,99.758
EOF1,7.5,14.0,0.013556720688939095,99.758
EOF1,7.5,14.5,0.013556234538555145,99.758
EOF1,7.5,15.0,0.01355566643178463,99.758
EOF1,7.5,15.5,0.013555525802075863,99.758
EOF1,7.5,16.0,0.013555226847529411,99.758
EOF1,7.5,16.5,0.013554777018725872,99.758
EOF1,7.5,17.0,0.013553704135119915,99.758
EOF1,7.5,17.5,0.013550697825849056,99.758
EOF1,7.5,18.0,0.01354703214019537,99.758
EOF1,7.5,18.5,0.013542722910642624,99.758
EOF1,7.5,19.0,0.013541797176003456,99.758
EOF1,7.5,19.5,0.013544373214244843,99.758
EOF1,7.5,20.0,0.013546522706747055,99.758
EOF1,7.5,20.5,0.013548257760703564,99.758
EOF1,7.5,21.0,0.013550681993365288,99.758
EOF1,7.5,21.5,0.013552853837609291,99.758
EOF1,7.5,22.0,0.013554352335631847,99.758
EOF1,7.5,22.5,0.01355517003685236,99.758
EOF1,7.5,23.0,0.013554985634982586,99.758
EOF1,7.5,23.5,0.013554774224758148,99.758
EOF1,7.5,24.0,0.013554545119404793,99.758
EOF1,7.5,24.5,0.013553673401474953,99.758
EOF1,7.5,25.0,0.013550377450883389,99.758
EOF1,7.5,25.5,0.01354640256613493,99.758
EOF1,7.5,26.0,0.013541758060455322,99.758
EOF1,7.5,26.5,0.013542168773710728,99.758
EOF1,7.5,27.0,0.013547178357839584,99.758
EOF1,7.5,27.5,0.013550850562751293,99.758
EOF1,7.5,28.0,0.013553167693316936,99.758
EOF1,7.5,28.5,0.01355263963341713,99.758
EOF1,7.5,29.0,0.013551280833780766,99.758
EOF1,7.5,29.5,0.013549700379371643,99.758
EOF1,7.5,30.0,0.013547910377383232,99.758
EOF1,7.5,30.5,0.013545457273721695,99.758
EOF1,7.5,31.0,0.013542619533836842,99.758
EOF1,7.5,31.5,0.013539397157728672,99.758
EOF1,7.5,32.0,0.013537916354835033,99.758
EOF1,7.5,32.5,0.013542204163968563,99.758
EOF1,7.5,33.0,0.013545641675591469,99.758
EOF1,7.5,33.5,0.013548227027058601,99.758
EOF1,7.5,34.0,0.013551943935453892,99.758
EOF1,7.5,34.5,0.013556268066167831,99.758
EOF1,8.0,0.5,0.013556231744587421,99.758
EOF1,8.0,1.0,0.01355547271668911,99.758
EOF1,8.0,1.5,0.013554895296692848,99.758
EOF1,8.0,2.0,0.01355418935418129,99.758
EOF1,8.0,2.5,0.01355300098657608,99.758
EOF1,8.0,3.0,0.013551375828683376,99.758
EOF1,8.0,3.5,0.013548823073506355,99.758
EOF1,8.0,4.0,0.01354701817035675,99.758
EOF1,8.0,4.5,0.01354627963155508,99.758
EOF1,8.0,5.0,0.013546918518841267,99.758
EOF1,8.0,5.5,0.013547495938837528,99.758
EOF1,8.0,6.0,0.013546982780098915,99.758
EOF1,8.0,6.5,0.013545932248234749,99.758
EOF1,8.0,7.0,0.01354379765689373,99.758
EOF1,8.0,7.5,0.01354022603482008,99.758
EOF1,8.0,8.0,0.013547822833061218,99.758
EOF1,8.0,8.5,0.013551408424973488,99.758
EOF1,8.0,9.0,0.013552815653383732,99.758
EOF1,8.0,9.5,0.013552741147577763,99.758
EOF1,8.0,10.0,0.013548982329666615,99.758
EOF1,8.0,10.5,0.013543669134378433,99.758
EOF1,8.0,11.0,0.013543635606765747,99.758
EOF1,8.0,11.5,0.013547723181545734,99.758
EOF1,8.0,12.0,0.01355403009802103,99.758
EOF1,8.0,12.5,0.013557030819356441,99.758
EOF1,8.0,13.0,0.013556460849940777,99.758
EOF1,8.0,13.5,0.013555939309298992,99.758
EOF1,8.0,14.0,0.013555406592786312,99.758
EOF1,8.0,14.5,0.013554764911532402,99.758
EOF1,8.0,15.0,0.013553941622376442,99.758
EOF1,8.0,15.5,0.013552313670516014,99.758
EOF1,8.0,16.0,0.013551025651395321,99.758
EOF1,8.0,16.5,0.013550322502851486,99.758
EOF1,8.0,17.0,0.01354900561273098,99.758
EOF1,8.0,17.5,0.013545644469559193,99.758
EOF1,8.0,18.0,0.01354091428220272,99.758
EOF1,8.0,18.5,0.01353529468178749,99.758
EOF1,8.0,19.0,0.01353419292718172,99.758
EOF1,8.0,19.5,0.013537765480577946,99.758
EOF1,8.0,20.0,0.013540412299335003,99.758
EOF1,8.0,20.5,0.013541256077587605,99.758
EOF1,8.0,21.0,0.013546840287744999,99.758
EOF1,8.0,21.5,0.013551595620810986,99.758
EOF1,8.0,22.0,0.013553513213992119,99.758
EOF1,8.0,22.5,0.013554759323596954,99.758
EOF1,8.0,23.0,0.013554587960243225,99.758
EOF1,8.0,23.5,0.01355439331382513,99.758
EOF1,8.0,24.0,0.013552692718803883,99.758
EOF1,8.0,24.5,0.013551910407841206,99.758
EOF1,8.0,25.0,0.013555657118558884,99.758
EOF1,8.0,25.5,0.013554465025663376,99.758
EOF1,8.0,26.0,0.013551296666264534,99.758
EOF1,8.0,26.5,0.0135514996945858,99.758
EOF1,8.0,27.0,0.0135545888915658,99.758
EOF1,8.0,27.5,0.013555849902331829,99.758
EOF1,8.0,28.0,0.01355508528649807,99.758
EOF1,8.0,28.5,0.013554063625633717,99.758
EOF1,8.0,29.0,0.01355280727148056,99.758
EOF1,8.0,29.5,0.013552146963775158,99.758
EOF1,8.0,30.0,0.01355212926864624,99.758
EOF1,8.0,30.5,0.013546905480325222,99.758
EOF1,8.0,31.0,0.013542364351451397,99.758
EOF1,8.0,31.5,0.013539311476051807,99.758
EOF1,8.0,32.0,0.013537892140448093,99.758
EOF1,8.0,32.5,0.013541865162551403,99.758
EOF1,8.0,33.0,0.013544985093176365,99.758
EOF1,8.0,33.5,0.013549139723181725,99.758
EOF1,8.0,34.0,0.013552838936448097,99.758
EOF1,8.0,34.5,0.013555729761719704,99.758
EOF1,8.5,0.5,0.013558127917349339,99.758
EOF1,8.5,1.0,0.013557490892708302,99.758
EOF1,8.5,1.5,0.013556509278714657,99.758
EOF1,8.5,2.0,0.013555911369621754,99.758
EOF1,8.5,2.5,0.013554695062339306,99.758
EOF1,8.5,3.0,0.013552911579608917,99.758
EOF1,8.5,3.5,0.013550659641623497,99.758
EOF1,8.5,4.0,0.013549071736633778,99.758
EOF1,8.5,4.5,0.013548461720347404,99.758
EOF1,8.5,5.0,0.013547765091061592,99.758
EOF1,8.5,5.5,0.013547688722610474,99.758
EOF1,8.5,6.0,0.013547196984291077,99.758
EOF1,8.5,6.5,0.013543800450861454,99.758
EOF1,8.5,7.0,0.013539629057049751,99.758
EOF1,8.5,7.5,0.013534768484532833,99.758
EOF1,8.5,8.0,0.01354474388062954,99.758
EOF1,8.5,8.5,0.013551526702940464,99.758
EOF1,8.5,9.0,0.013555147685110569,99.758
EOF1,8.5,9.5,0.01355542428791523,99.758
EOF1,8.5,10.0,0.013554038479924202,99.758
EOF1,8.5,10.5,0.013553759083151817,99.758
EOF1,8.5,11.0,0.013553371652960777,99.758
EOF1,8.5,11.5,0.01355509739369154,99.758
EOF1,8.5,12.0,0.013555679470300674,99.758
EOF1,8.5,12.5,0.013555212877690792,99.758
EOF1,8.5,13.0,0.013554508797824383,99.758
EOF1,8.5,13.5,0.013553868047893047,99.758
EOF1,8.5,14.0,0.01355321891605854,99.758
EOF1,8.5,14.5,0.01355239748954773,99.758
EOF1,8.5,15.0,0.013551386073231697,99.758
EOF1,8.5,15.5,0.013549376279115677,99.758
EOF1,8.5,16.0,0.013546868227422237,99.758
EOF1,8.5,16.5,0.01354381162673235,99.758
EOF1,8.5,17.0,0.013542015105485916,99.758
EOF1,8.5,17.5,0.013537476770579815,99.758
EOF1,8.5,18.0,0.013531818054616451,99.758
EOF1,8.5,18.5,0.013524899259209633,99.758
EOF1,8.5,19.0,0.01352362334728241,99.758
EOF1,8.5,19.5,0.013526460155844688,99.758
EOF1,8.5,20.0,0.013527963310480118,99.758
EOF1,8.5,20.5,0.013528929091989994,99.758
EOF1,8.5,21.0,0.013537082821130753,99.758
EOF1,8.5,21.5,0.013545509427785873,99.758
EOF1,8.5,22.0,0.013551615178585052,99.758
EOF1,8.5,22.5,0.013553985394537449,99.758
EOF1,8.5,23.0,0.013553342781960964,99.758
EOF1,8.5,23.5,0.013550925068557262,99.758
EOF1,8.5,24.0,0.01354803517460823,99.758
EOF1,8.5,24.5,0.013546987436711788,99.758
EOF1,8.5,25.0,0.013551978394389153,99.758
EOF1,8.5,25.5,0.013555697165429592,99.758
EOF1,8.5,26.0,0.0135571900755167,99.758
EOF1,8.5,26.5,0.013557176105678082,99.758
EOF1,8.5,27.0,0.013557271100580692,99.758
EOF1,8.5,27.5,0.013556736521422863,99.758
EOF1,8.5,28.0,0.013556085526943207,99.758
EOF1,8.5,28.5,0.013555170968174934,99.758
EOF1,8.5,29.0,0.013555274344980717,99.758
EOF1,8.5,29.5,0.013555253855884075,99.758
EOF1,8.5,30.0,0.013555070385336876,99.758
EOF1,8.5,30.5,0.013551106676459312,99.758
EOF1,8.5,31.0,0.01354563981294632,99.758
EOF1,8.5,31.5,0.013538721017539501,99.758
EOF1,8.5,32.0,0.013537321239709854,99.758
EOF1,8.5,32.5,0.013542190194129944,99.758
EOF1,8.5,33.0,0.013546887785196304,99.758
EOF1,8.5,33.5,0.013550044037401676,99.758
EOF1,8.5,34.0,0.013553566299378872,99.758
EOF1,8.5,34.5,0.013557085767388344,99.758
EOF1,9.0,0.5,0.013557063415646553,99.758
EOF1,9.0,1.0,0.013556410558521748,99.758
EOF1,9.0,1.5,0.013555416837334633,99.758
EOF1,9.0,2.0,0.013556360267102718,99.758
EOF1,9.0,2.5,0.013556192629039288,99.758
EOF1,9.0,3.0,0.013554543256759644,99.758
EOF1,9.0,3.5,0.013552431017160416,99.758
EOF1,9.0,4.0,0.013550917617976665,99.758
EOF1,9.0,4.5,0.013550307601690292,99.758
EOF1,9.0,5.0,0.013549611903727055,99.758
EOF1,9.0,5.5,0.013548847287893295,99.758
EOF1,9.0,6.0,0.013551352545619011,99.758
EOF1,9.0,6.5,0.01354849711060524,99.758
EOF1,9.0,7.0,0.013544827699661255,99.758
EOF1,9.0,7.5,0.013540462590754032,99.758
EOF1,9.0,8.0,0.013549106195569038,99.758
EOF1,9.0,8.5,0.013554553501307964,99.758
EOF1,9.0,9.0,0.013556862249970436,99.758
EOF1,9.0,9.5,0.013555783778429031,99.758
EOF1,9.0,10.0,0.013554003089666367,99.758
EOF1,9.0,10.5,0.013553704135119915,99.758
EOF1,9.0,11.0,0.013553297147154808,99.758
EOF1,9.0,11.5,0.013553059659898281,99.758
EOF1,9.0,12.0,0.013552635908126831,99.758
EOF1,9.0,12.5,0.013551951386034489,99.758
EOF1,9.0,13.0,0.013551020994782448,99.758
EOF1,9.0,13.5,0.01354908011853695,99.758
EOF1,9.0,14.0,0.013547910377383232,99.758
EOF1,9.0,14.5,0.013546537607908249,99.758
EOF1,9.0,15.0,0.013544948771595955,99.758
EOF1,9.0,15.5,0.013542034663259983,99.758
EOF1,9.0,16.0,0.013538525439798832,99.758
EOF1,9.0,16.5,0.013534399680793285,99.758
EOF1,9.0,17.0,0.013530404306948185,99.758
EOF1,9.0,17.5,0.013523937202990055,99.758
EOF1,9.0,18.0,0.01351618766784668,99.758
EOF1,9.0,18.5,0.013505004346370697,99.758
EOF1,9.0,19.0,0.013504400849342346,99.758
EOF1,9.0,19.5,0.013510978780686855,99.758
EOF1,9.0,20.0,0.013513455167412758,99.758
EOF1,9.0,20.5,0.013515268452465534,99.758
EOF1,9.0,21.0,0.013525852933526039,99.758
EOF1,9.0,21.5,0.013536987826228142,99.758
EOF1,9.0,22.0,0.013545517809689045,99.758
EOF1,9.0,22.5,0.013551579788327217,99.758
EOF1,9.0,23.0,0.013552692718803883,99.758
EOF1,9.0,23.5,0.01355016976594925,99.758
EOF1,9.0,24.0,0.013547164388000965,99.758
EOF1,9.0,24.5,0.013546052388846874,99.758
EOF1,9.0,25.0,0.013551149517297745,99.758
EOF1,9.0,25.5,0.013554967939853668,99.758
EOF1,9.0,26.0,0.013556400313973427,99.758
EOF1,9.0,26.5,0.013556639663875103,99.758
EOF1,9.0,27.0,0.01355709508061409,99.758
EOF1,9.0,27.5,0.013556703925132751,99.758
EOF1,9.0,28.0,0.013556201010942459,99.758
EOF1,9.0,28.5,0.013556042686104774,99.758
EOF1,9.0,29.0,0.013555903919041157,99.758
EOF1,9.0,29.5,0.013555612415075302,99.758
EOF1,9.0,30.0,0.013555388897657394,99.758
EOF1,9.0,30.5,0.013551706448197365,99.758
EOF1,9.0,31.0,0.01354653388261795,99.758
EOF1,9.0,31.5,0.013539926148951054,99.758
EOF1,9.0,32.0,0.013541224412620068,99.758
EOF1,9.0,32.5,0.013545514084398746,99.758
EOF1,9.0,33.0,0.013549594208598137,99.758
EOF1,9.0,33.5,0.013552150689065456,99.758
EOF1,9.0,34.0,0.013555185869336128,99.758
EOF1,9.0,34.5,0.013558337464928627,99.758
EOF1,9.5,0.5,0.013551952317357063,99.758
EOF1,9.5,1.0,0.013551979325711727,99.758
EOF1,9.5,1.5,0.013552933931350708,99.758
EOF1,9.5,2.0,0.013553842902183533,99.758
EOF1,9.5,2.5,0.013554802164435387,99.758
EOF1,9.5,3.0,0.013555295765399933,99.758
EOF1,9.5,3.5,0.013553149998188019,99.758
EOF1,9.5,4.0,0.013551551848649979,99.758
EOF1,9.5,4.5,0.013550817966461182,99.758
EOF1,9.5,5.0,0.013550509698688984,99.758
EOF1,9.5,5.5,0.013549747876822948,99.758
EOF1,9.5,6.0,0.013552394695580006,99.758
EOF1,9.5,6.5,0.013555251061916351,99.758
EOF1,9.5,7.0,0.01355548296123743,99.758
EOF1,9.5,7.5,0.013553420081734657,99.758
EOF1,9.5,8.0,0.013557055965065956,99.758
EOF1,9.5,8.5,0.013557561673223972,99.758
EOF1,9.5,9.0,0.013556764461100101,99.758
EOF1,9.5,9.5,0.013554882258176804,99.758
EOF1,9.5,10.0,0.01355034951120615,99.758
EOF1,9.5,10.5,0.013544111512601376,99.758
EOF1,9.5,11.0,0.013544001616537571,99.758
EOF1,9.5,11.5,0.01354472991079092,99.758
EOF1,9.5,12.0,0.013545678928494453,99.758
EOF1,9.5,12.5,0.013545509427785873,99.758
EOF1,9.5,13.0,0.013544226065278053,99.758
EOF1,9.5,13.5,0.013541259802877903,99.758
EOF1,9.5,14.0,0.013536248356103897,99.758
EOF1,9.5,14.5,0.013531726785004139,99.758
EOF1,9.5,15.0,0.013528860174119473,99.758
EOF1,9.5,15.5,0.013524073176085949,99.758
EOF1,9.5,16.0,0.013520597480237484,99.758
EOF1,9.5,16.5,0.013517368584871292,99.758
EOF1,9.5,17.0,0.013511554338037968,99.758
EOF1,9.5,17.5,0.013502350077033043,99.758
EOF1,9.5,18.0,0.013484441675245762,99.758
EOF1,9.5,18.5,0.013458970002830029,99.758
EOF1,9.5,19.0,0.013458463363349438,99.758
EOF1,9.5,19.5,0.013482725247740746,99.758
EOF1,9.5,20.0,0.013498259708285332,99.758
EOF1,9.5,20.5,0.013501693494617939,99.758
EOF1,9.5,21.0,0.013514537364244461,99.758
EOF1,9.5,21.5,0.013527981005609035,99.758
EOF1,9.5,22.0,0.013538417406380177,99.758
EOF1,9.5,22.5,0.013545738533139229,99.758
EOF1,9.5,23.0,0.013549122959375381,99.758
EOF1,9.5,23.5,0.013551600277423859,99.758
EOF1,9.5,24.0,0.013550187461078167,99.758
EOF1,9.5,24.5,0.01354922167956829,99.758
EOF1,9.5,25.0,0.013553273864090443,99.758
EOF1,9.5,25.5,0.013551740907132626,99.758
EOF1,9.5,26.0,0.013547561131417751,99.758
EOF1,9.5,26.5,0.01354812178760767,99.758
EOF1,9.5,27.0,0.013552927412092686,99.758
EOF1,9.5,27.5,0.013555211946368217,99.758
EOF1,9.5,28.0,0.013554894365370274,99.758
EOF1,9.5,28.5,0.013554530218243599,99.758
EOF1,9.5,29.0,0.013554207980632782,99.758
EOF1,9.5,29.5,0.013553830794990063,99.758
EOF1,9.5,30.0,0.013552607968449593,99.758
EOF1,9.5,30.5,0.013548225164413452,99.758
EOF1,9.5,31.0,0.013545810244977474,99.758
EOF1,9.5,31.5,0.013546350412070751,99.758
EOF1,9.5,32.0,0.013547545298933983,99.758
EOF1,9.5,32.5,0.013550624251365662,99.758
EOF1,9.5,33.0,0.013553003780543804,99.758
EOF1,9.5,33.5,0.013555403798818588,99.758
EOF1,9.5,34.0,0.013557692989706993,99.758
EOF1,9.5,34.5,0.013559534214437008,99.758
EOF1,10.0,0.5,0.01354654598981142,99.758
EOF1,10.0,1.0,0.013547592796385288,99.758
EOF1,10.0,1.5,0.013548447750508785,99.758
EOF1,10.0,2.0,0.013549302704632282,99.758
EOF1,10.0,2.5,0.013550356030464172,99.758
EOF1,10.0,3.0,0.013550933450460434,99.758
EOF1,10.0,3.5,0.01355104148387909,99.758
EOF1,10.0,4.0,0.013551128096878529,99.758
EOF1,10.0,4.5,0.013551185838878155,99.758
EOF1,10.0,5.0,0.013550774194300175,99.758
EOF1,10.0,5.5,0.013549904339015484,99.758
EOF1,10.0,6.0,0.013552665710449219,99.758
EOF1,10.0,6.5,0.013555708341300488,99.758
EOF1,10.0,7.0,0.013557606376707554,99.758
EOF1,10.0,7.5,0.013558363541960716,99.758
EOF1,10.0,8.0,0.013558011502027512,99.758
EOF1,10.0,8.5,0.013557026162743568,99.758
EOF1,10.0,9.0,0.013555416837334633,99.758
EOF1,10.0,9.5,0.013552805408835411,99.758
EOF1,10.0,10.0,0.01354749221354723,99.758
EOF1,10.0,10.5,0.013540390878915787,99.758
EOF1,10.0,11.0,0.013531379401683807,99.758
EOF1,10.0,11.5,0.013527819886803627,99.758
EOF1,10.0,12.0,0.013530431315302849,99.758
EOF1,10.0,12.5,0.013532138429582119,99.758
EOF1,10.0,13.0,0.013532860204577446,99.758
EOF1,10.0,13.5,0.013529030606150627,99.758
EOF1,10.0,14.0,0.013522057794034481,99.758
EOF1,10.0,14.5,0.013512825593352318,99.758
EOF1,10.0,15.0,0.013501188717782497,99.758
EOF1,10.0,15.5,0.013501061126589775,99.758
EOF1,10.0,16.0,0.013498564250767231,99.758
EOF1,10.0,16.5,0.013493851758539677,99.758
EOF1,10.0,17.0,0.013484248891472816,99.758
EOF1,10.0,17.5,0.013460444286465645,99.758
EOF1,10.0,18.0,0.013430612161755562,99.758
EOF1,10.0,18.5,0.013394284062087536,99.758
EOF1,10.0,19.0,0.013394167646765709,99.758
EOF1,10.0,19.5,0.01342956256121397,99.758
EOF1,10.0,20.0,0.013458027504384518,99.758
EOF1,10.0,20.5,0.013480580411851406,99.758
EOF1,10.0,21.0,0.013499608263373375,99.758
EOF1,10.0,21.5,0.013515612110495567,99.758
EOF1,10.0,22.0,0.013527864590287209,99.758
EOF1,10.0,22.5,0.013536696322262287,99.758
EOF1,10.0,23.0,0.013541578315198421,99.758
EOF1,10.0,23.5,0.013545429334044456,99.758
EOF1,10.0,24.0,0.01354832574725151,99.758
EOF1,10.0,24.5,0.013549196533858776,99.758
EOF1,10.0,25.0,0.013545309193432331,99.758
EOF1,10.0,25.5,0.013540276326239109,99.758
EOF1,10.0,26.0,0.01353423297405243,99.758
EOF1,10.0,26.5,0.01353511679917574,99.758
EOF1,10.0,27.0,0.013542446307837963,99.758
EOF1,10.0,27.5,0.013548100367188454,99.758
EOF1,10.0,28.0,0.01355188898742199,99.758
EOF1,10.0,28.5,0.013552485965192318,99.758
EOF1,10.0,29.0,0.013551806099712849,99.758
EOF1,10.0,29.5,0.013550317846238613,99.758
EOF1,10.0,30.0,0.01354800071567297,99.758
EOF1,10.0,30.5,0.01354859210550785,99.758
EOF1,10.0,31.0,0.013549082912504673,99.758
EOF1,10.0,31.5,0.013549438677728176,99.758
EOF1,10.0,32.0,0.013550466857850552,99.758
EOF1,10.0,32.5,0.013553517870604992,99.758
EOF1,10.0,33.0,0.013555877842009068,99.758
EOF1,10.0,33.5,0.013557578437030315,99.758
EOF1,10.0,34.0,0.013558643870055676,99.758
EOF1,10.0,34.5,0.013559221290051937,99.758
EOF1,10.5,0.5,0.013547206297516823,99.758
EOF1,10.5,1.0,0.01354557741433382,99.758
EOF1,10.5,1.5,0.01354670338332653,99.758
EOF1,10.5,2.0,0.013547481968998909,99.758
EOF1,10.5,2.5,0.013547376729547977,99.758
EOF1,10.5,3.0,0.013546833768486977,99.758
EOF1,10.5,3.5,0.01354591641575098,99.758
EOF1,10.5,4.0,0.013548499904572964,99.758
EOF1,10.5,4.5,0.01355294231325388,99.758
EOF1,10.5,5.0,0.013552681542932987,99.758
EOF1,10.5,5.5,0.013551945798099041,99.758
EOF1,10.5,6.0,0.013554270379245281,99.758
EOF1,10.5,6.5,0.0135567057877779,99.758
EOF1,10.5,7.0,0.01355727668851614,99.758
EOF1,10.5,7.5,0.013556644320487976,99.758
EOF1,10.5,8.0,0.013555040583014488,99.758
EOF1,10.5,8.5,0.013552817516028881,99.758
EOF1,10.5,9.0,0.01355118490755558,99.758
EOF1,10.5,9.5,0.01355053298175335,99.758
EOF1,10.5,10.0,0.013553709723055363,99.758
EOF1,10.5,10.5,0.01355118490755558,99.758
EOF1,10.5,11.0,0.013545645400881767,99.758
EOF1,10.5,11.5,0.013543769717216492,99.758
EOF1,10.5,12.0,0.013545987196266651,99.758
EOF1,10.5,12.5,0.013547895476222038,99.758
EOF1,10.5,13.0,0.013548950664699078,99.758
EOF1,10.5,13.5,0.013547302223742008,99.758
EOF1,10.5,14.0,0.013543433509767056,99.758
EOF1,10.5,14.5,0.013538990169763565,99.758
EOF1,10.5,15.0,0.01353491935878992,99.758
EOF1,10.5,15.5,0.0135226771235466,99.758
EOF1,10.5,16.0,0.013514704070985317,99.758
EOF1,10.5,16.5,0.01351219043135643,99.758
EOF1,10.5,17.0,0.013512745499610901,99.758
EOF1,10.5,17.5,0.013525402173399925,99.758
EOF1,10.5,18.0,0.013518800027668476,99.758
EOF1,10.5,18.5,0.013502517715096474,99.758
EOF1,10.5,19.0,0.013502181507647038,99.758
EOF1,10.5,19.5,0.013517895713448524,99.758
EOF1,10.5,20.0,0.013519365340471268,99.758
EOF1,10.5,20.5,0.013474673964083195,99.758
EOF1,10.5,21.0,0.013479568995535374,99.758
EOF1,10.5,21.5,0.013499993830919266,99.758
EOF1,10.5,22.0,0.013515199534595013,99.758
EOF1,10.5,22.5,0.013526828028261662,99.758
EOF1,10.5,23.0,0.013536635786294937,99.758
EOF1,10.5,23.5,0.013542375527322292,99.758
EOF1,10.5,24.0,0.01354521419852972,99.758
EOF1,10.5,24.5,0.013547953218221664,99.758
EOF1,10.5,25.0,0.0135519839823246,99.758
EOF1,10.5,25.5,0.01355094276368618,99.758
EOF1,10.5,26.0,0.01354739535599947,99.758
EOF1,10.5,26.5,0.013548045419156551,99.758
EOF1,10.5,27.0,0.013552431017160416,99.758
EOF1,10.5,27.5,0.013554160483181477,99.758
EOF1,10.5,28.0,0.013551919721066952,99.758
EOF1,10.5,28.5,0.013552173040807247,99.758
EOF1,10.5,29.0,0.013552848249673843,99.758
EOF1,10.5,29.5,0.013552340678870678,99.758
EOF1,10.5,30.0,0.013551047071814537,99.758
EOF1,10.5,30.5,0.013551385141909122,99.758
EOF1,10.5,31.0,0.013551589101552963,99.758
EOF1,10.5,31.5,0.013553216122090816,99.758
EOF1,10.5,32.0,0.013553830794990063,99.758
EOF1,10.5,32.5,0.013552878983318806,99.758
EOF1,10.5,33.0,0.013554567471146584,99.758
EOF1,10.5,33.5,0.01355674583464861,99.758
EOF1,10.5,34.0,0.013558011502027512,99.758
EOF1,10.5,34.5,0.01355853769928217,99.758
EOF1,11.0,0.5,0.013549644500017166,99.758
EOF1,11.0,1.0,0.013545108027756214,99.758
EOF1,11.0,1.5,0.013539547100663185,99.758
EOF1,11.0,2.0,0.013540190644562244,99.758
EOF1,11.0,2.5,0.01353925559669733,99.758
EOF1,11.0,3.0,0.013538289815187454,99.758
EOF1,11.0,3.5,0.013537140563130379,99.758
EOF1,11.0,4.0,0.013540714979171753,99.758
EOF1,11.0,4.5,0.013547402806580067,99.758
EOF1,11.0,5.0,0.013551821000874043,99.758
EOF1,11.0,5.5,0.013552851043641567,99.758
EOF1,11.0,6.0,0.013554735109210014,99.758
EOF1,11.0,6.5,0.013554010540246964,99.758
EOF1,11.0,7.0,0.01355302706360817,99.758
EOF1,11.0,7.5,0.013551793992519379,99.758
EOF1,11.0,8.0,0.013549643568694592,99.758
EOF1,11.0,8.5,0.013548501767218113,99.758
EOF1,11.0,9.0,0.013545999303460121,99.758
EOF1,11.0,9.5,0.01354470755904913,99.758
EOF1,11.0,10.0,0.01354951597750187,99.758
EOF1,11.0,10.5,0.013552404940128326,99.758
EOF1,11.0,11.0,0.01355259120464325,99.758
EOF1,11.0,11.5,0.013552100397646427,99.758
EOF1,11.0,12.0,0.01355381403118372,99.758
EOF1,11.0,12.5,0.013554413802921772,99.758
EOF1,11.0,13.0,0.013554779812693596,99.758
EOF1,11.0,13.5,0.013554670847952366,99.758
EOF1,11.0,14.0,0.013553314842283726,99.758
EOF1,11.0,14.5,0.013551561161875725,99.758
EOF1,11.0,15.0,0.013549367897212505,99.758
EOF1,11.0,15.5,0.013543380424380302,99.758
EOF1,11.0,16.0,0.013534211553633213,99.758
EOF1,11.0,16.5,0.013521717861294746,99.758
EOF1,11.0,17.0,0.013523666188120842,99.758
EOF1,11.0,17.5,0.01353530678898096,99.758
EOF1,11.0,18.0,0.01354339998215437,99.758
EOF1,11.0,18.5,0.013546466827392578,99.758
EOF1,11.0,19.0,0.013546670787036419,99.758
EOF1,11.0,19.5,0.013535592705011368,99.758
EOF1,11.0,20.0,0.013501602225005627,99.758
EOF1,11.0,20.5,0.013442432507872581,99.758
EOF1,11.0,21.0,0.013449858874082565,99.758
EOF1,11.0,21.5,0.013478063978254795,99.758
EOF1,11.0,22.0,0.013498993590474129,99.758
EOF1,11.0,22.5,0.013513768091797829,99.758
EOF1,11.0,23.0,0.01352530438452959,99.758
EOF1,11.0,23.5,0.013534332625567913,99.758
EOF1,11.0,24.0,0.01354113221168518,99.758
EOF1,11.0,24.5,0.013544074259698391,99.758
EOF1,11.0,25.0,0.01354885846376419,99.758
EOF1,11.0,25.5,0.013552645221352577,99.758
EOF1,11.0,26.0,0.013554508797824383,99.758
EOF1,11.0,26.5,0.013554948382079601,99.758
EOF1,11.0,27.0,0.013554663397371769,99.758
EOF1,11.0,27.5,0.013552505522966385,99.758
EOF1,11.0,28.0,0.013549050316214561,99.758
EOF1,11.0,28.5,0.013549447059631348,99.758
EOF1,11.0,29.0,0.013550912030041218,99.758
EOF1,11.0,29.5,0.013551776297390461,99.758
EOF1,11.0,30.0,0.013551568612456322,99.758
EOF1,11.0,30.5,0.01355245616286993,99.758
EOF1,11.0,31.0,0.013554856181144714,99.758
EOF1,11.0,31.5,0.013555720448493958,99.758
EOF1,11.0,32.0,0.013555612415075302,99.758
EOF1,11.0,32.5,0.013556142337620258,99.758
EOF1,11.0,33.0,0.013555709272623062,99.758
EOF1,11.0,33.5,0.013555372133851051,99.758
EOF1,11.0,34.0,0.013556849211454391,99.758
EOF1,11.0,34.5,0.01355746015906334,99.758
EOF1,11.5,0.5,0.013552743010222912,99.758
EOF1,11.5,1.0,0.013549198396503925,99.758
EOF1,11.5,1.5,0.013544702902436256,99.758
EOF1,11.5,2.0,0.013541288673877716,99.758
EOF1,11.5,2.5,0.013542196713387966,99.758
EOF1,11.5,3.0,0.013541558757424355,99.758
EOF1,11.5,3.5,0.013540766201913357,99.758
EOF1,11.5,4.0,0.01354406401515007,99.758
EOF1,11.5,4.5,0.01354994997382164,99.758
EOF1,11.5,5.0,0.013553723692893982,99.758
EOF1,11.5,5.5,0.013554980047047138,99.758
EOF1,11.5,6.0,0.013555028475821018,99.758
EOF1,11.5,6.5,0.013554432429373264,99.758
EOF1,11.5,7.0,0.013553611002862453,99.758
EOF1,11.5,7.5,0.01355256512761116,99.758
EOF1,11.5,8.0,0.013552643358707428,99.758
EOF1,11.5,8.5,0.013551431708037853,99.758
EOF1,11.5,9.0,0.013548921793699265,99.758
EOF1,11.5,9.5,0.013550130650401115,99.758
EOF1,11.5,10.0,0.013553525321185589,99.758
EOF1,11.5,10.5,0.013555104844272137,99.758
EOF1,11.5,11.0,0.013555270619690418,99.758
EOF1,11.5,11.5,0.013556336052715778,99.758
EOF1,11.5,12.0,0.013557134196162224,99.758
EOF1,11.5,12.5,0.013556942343711853,99.758
EOF1,11.5,13.0,0.013556087389588356,99.758
EOF1,11.5,13.5,0.013554374687373638,99.758
EOF1,11.5,14.0,0.01355430856347084,99.758
EOF1,11.5,14.5,0.013553934171795845,99.758
EOF1,11.5,15.0,0.013553198426961899,99.758
EOF1,11.5,15.5,0.013548366725444794,99.758
EOF1,11.5,16.0,0.013543888926506042,99.758
EOF1,11.5,16.5,0.013536536134779453,99.758
EOF1,11.5,17.0,0.01353184599429369,99.758
EOF1,11.5,17.5,0.013541003689169884,99.758
EOF1,11.5,18.0,0.013547046110033989,99.758
EOF1,11.5,18.5,0.013550035655498505,99.758
EOF1,11.5,19.0,0.013549422845244408,99.758
EOF1,11.5,19.5,0.01353654358536005,99.758
EOF1,11.5,20.0,0.013502689078450203,99.758
EOF1,11.5,20.5,0.013443948701024055,99.758
EOF1,11.5,21.0,0.013451427221298218,99.758
EOF1,11.5,21.5,0.013479570858180523,99.758
EOF1,11.5,22.0,0.013500479981303215,99.758
EOF1,11.5,22.5,0.013507853262126446,99.758
EOF1,11.5,23.0,0.013520213775336742,99.758
EOF1,11.5,23.5,0.013530020602047443,99.758
EOF1,11.5,24.0,0.013537572696805,99.758
EOF1,11.5,24.5,0.013545077294111252,99.758
EOF1,11.5,25.0,0.013549689203500748,99.758
EOF1,11.5,25.5,0.01355332974344492,99.758
EOF1,11.5,26.0,0.013555723242461681,99.758
EOF1,11.5,26.5,0.013556607067584991,99.758
EOF1,11.5,27.0,0.01355629600584507,99.758
EOF1,11.5,27.5,0.013554583303630352,99.758
EOF1,11.5,28.0,0.0135516207665205,99.758
EOF1,11.5,28.5,0.01355191320180893,99.758
EOF1,11.5,29.0,0.013553072698414326,99.758
EOF1,11.5,29.5,0.013553636148571968,99.758
EOF1,11.5,30.0,0.013552377000451088,99.758
EOF1,11.5,30.5,0.013553299941122532,99.758
EOF1,11.5,31.0,0.013555563986301422,99.758
EOF1,11.5,31.5,0.013556341640651226,99.758
EOF1,11.5,32.0,0.013556232675909996,99.758
EOF1,11.5,32.5,0.013556946069002151,99.758
EOF1,11.5,33.0,0.01355672162026167,99.758
EOF1,11.5,33.5,0.013555575162172318,99.758
EOF1,11.5,34.0,0.013554275035858154,99.758
EOF1,11.5,34.5,0.013554471544921398,99.758
EOF1,12.0,0.5,0.013553897850215435,99.758
EOF1,12.0,1.0,0.013553635217249393,99.758
EOF1,12.0,1.5,0.013551387004554272,99.758
EOF1,12.0,2.0,0.013549083843827248,99.758
EOF1,12.0,2.5,0.013550380244851112,99.758
EOF1,12.0,3.0,0.013551373034715652,99.758
EOF1,12.0,3.5,0.013551320880651474,99.758
EOF1,12.0,4.0,0.013553313910961151,99.758
EOF1,12.0,4.5,0.013556010089814663,99.758
EOF1,12.0,5.0,0.013555848971009254,99.758
EOF1,12.0,5.5,0.013555262237787247,99.758
EOF1,12.0,6.0,0.01355607621371746,99.758
EOF1,12.0,6.5,0.013556926511228085,99.758
EOF1,12.0,7.0,0.0135570727288723,99.758
EOF1,12.0,7.5,0.013556848280131817,99.758
EOF1,12.0,8.0,0.013557824306190014,99.758
EOF1,12.0,8.5,0.01355806179344654,99.758
EOF1,12.0,9.0,0.013558239676058292,99.758
EOF1,12.0,9.5,0.01355836819857359,99.758
EOF1,12.0,10.0,0.013557991944253445,99.758
EOF1,12.0,10.5,0.013557927682995796,99.758
EOF1,12.0,11.0,0.013558228500187397,99.758
EOF1,12.0,11.5,0.013558483682572842,99.758
EOF1,12.0,12.0,0.01355807762593031,99.758
EOF1,12.0,12.5,0.013557837344706059,99.758
EOF1,12.0,13.0,0.013557327911257744,99.758
EOF1,12.0,13.5,0.013555852696299553,99.758
EOF1,12.0,14.0,0.013552403077483177,99.758
EOF1,12.0,14.5,0.01355030294507742,99.758
EOF1,12.0,15.0,0.013550963252782822,99.758
EOF1,12.0,15.5,0.013552038930356503,99.758
EOF1,12.0,16.0,0.01354629173874855,99.758
EOF1,12.0,16.5,0.01354079321026802,99.758
EOF1,12.0,17.0,0.01353807095438242,99.758
EOF1,12.0,17.5,0.013543568551540375,99.758
EOF1,12.0,18.0,0.01354549266397953,99.758
EOF1,12.0,18.5,0.013545027934014797,99.758
EOF1,12.0,19.0,0.013542387634515762,99.758
EOF1,12.0,19.5,0.013536893762648106,99.758
EOF1,12.0,20.0,0.013523428700864315,99.758
EOF1,12.0,20.5,0.013479616492986679,99.758
EOF1,12.0,21.0,0.013484696857631207,99.758
EOF1,12.0,21.5,0.013501967303454876,99.758
EOF1,12.0,22.0,0.013506780378520489,99.758
EOF1,12.0,22.5,0.01351096946746111,99.758
EOF1,12.0,23.0,0.013523255474865437,99.758
EOF1,12.0,23.5,0.013534678146243095,99.758
EOF1,12.0,24.0,0.013544442132115364,99.758
EOF1,12.0,24.5,0.013550661504268646,99.758
EOF1,12.0,25.0,0.013554231263697147,99.758
EOF1,12.0,25.5,0.013555927202105522,99.758
EOF1,12.0,26.0,0.013556810095906258,99.758
EOF1,12.0,26.5,0.013557557947933674,99.758
EOF1,12.0,27.0,0.013558260165154934,99.758
EOF1,12.0,27.5,0.01355854794383049,99.758
EOF1,12.0,28.0,0.013557638972997665,99.758
EOF1,12.0,28.5,0.013557570055127144,99.758
EOF1,12.0,29.0,0.013557483442127705,99.758
EOF1,12.0,29.5,0.013556266203522682,99.758
EOF1,12.0,30.0,0.013553661294281483,99.758
EOF1,12.0,30.5,0.013554385863244534,99.758
EOF1,12.0,31.0,0.01355475652962923,99.758
EOF1,12.0,31.5,0.01355611439794302,99.758
EOF1,12.0,32.0,0.013556686230003834,99.758
EOF1,12.0,32.5,0.013556377962231636,99.758
EOF1,12.0,33.0,0.013554273173213005,99.758
EOF1,12.0,33.5,0.013549895025789738,99.758
EOF1,12.0,34.0,0.013549024239182472,99.758
EOF1,12.0,34.5,0.013550521805882454,99.758
EOF1,12.5,0.5,0.013554029166698456,99.758
EOF1,12.5,1.0,0.013553834520280361,99.758
EOF1,12.5,1.5,0.013553538359701633,99.758
EOF1,12.5,2.0,0.013553410768508911,99.758
EOF1,12.5,2.5,0.013553876429796219,99.758
EOF1,12.5,3.0,0.013554087840020657,99.758
EOF1,12.5,3.5,0.013554038479924202,99.758
EOF1,12.5,4.0,0.013553752563893795,99.758
EOF1,12.5,4.5,0.01355309784412384,99.758
EOF1,12.5,5.0,0.013552054762840271,99.758
EOF1,12.5,5.5,0.013550628907978535,99.758
EOF1,12.5,6.0,0.013552057556807995,99.758
EOF1,12.5,6.5,0.013554040342569351,99.758
EOF1,12.5,7.0,0.013555483892560005,99.758
EOF1,12.5,7.5,0.01355636678636074,99.758
EOF1,12.5,8.0,0.013556878082454205,99.758
EOF1,12.5,8.5,0.01355716772377491,99.758
EOF1,12.5,9.0,0.013557241298258305,99.758
EOF1,12.5,9.5,0.01355720590800047,99.758
EOF1,12.5,10.0,0.01355739962309599,99.758
EOF1,12.5,10.5,0.013557531870901585,99.758
EOF1,12.5,11.0,0.013557602651417255,99.758
EOF1,12.5,11.5,0.013557817786931992,99.758
EOF1,12.5,12.0,0.013558044098317623,99.758
EOF1,12.5,12.5,0.013558016158640385,99.758
EOF1,12.5,13.0,0.013557731173932552,99.758
EOF1,12.5,13.5,0.013556456193327904,99.758
EOF1,12.5,14.0,0.013553307391703129,99.758
EOF1,12.5,14.5,0.01354809757322073,99.758
EOF1,12.5,15.0,0.013540730811655521,99.758
EOF1,12.5,15.5,0.013548978604376316,99.758
EOF1,12.5,16.0,0.013550464995205402,99.758
EOF1,12.5,16.5,0.013545284979045391,99.758
EOF1,12.5,17.0,0.01353800855576992,99.758
EOF1,12.5,17.5,0.013539650477468967,99.758
EOF1,12.5,18.0,0.013539250940084457,99.758
EOF1,12.5,18.5,0.01353654358536005,99.758
EOF1,12.5,19.0,0.013531497679650784,99.758
EOF1,12.5,19.5,0.013523539528250694,99.758
EOF1,12.5,20.0,0.013512526638805866,99.758
EOF1,12.5,20.5,0.013498636893928051,99.758
EOF1,12.5,21.0,0.013499228283762932,99.758
EOF1,12.5,21.5,0.013504737056791782,99.758
EOF1,12.5,22.0,0.01350952498614788,99.758
EOF1,12.5,22.5,0.013513664714992046,99.758
EOF1,12.5,23.0,0.013529730960726738,99.758
EOF1,12.5,23.5,0.013541681692004204,99.758
EOF1,12.5,24.0,0.013550013303756714,99.758
EOF1,12.5,24.5,0.013554631732404232,99.758
EOF1,12.5,25.0,0.013555998913943768,99.758
EOF1,12.5,25.5,0.01355692557990551,99.758
EOF1,12.5,26.0,0.013557439669966698,99.758
EOF1,12.5,26.5,0.013558060862123966,99.758
EOF1,12.5,27.0,0.01355886459350586,99.758
EOF1,12.5,27.5,0.013559375889599323,99.758
EOF1,12.5,28.0,0.013559579849243164,99.758
EOF1,12.5,28.5,0.013559714891016483,99.758
EOF1,12.5,29.0,0.013558818027377129,99.758
EOF1,12.5,29.5,0.013556575402617455,99.758
EOF1,12.5,30.0,0.013552900403738022,99.758
EOF1,12.5,30.5,0.013554231263697147,99.758
EOF1,12.5,31.0,0.013555197045207024,99.758
EOF1,12.5,31.5,0.013555796816945076,99.758
EOF1,12.5,32.0,0.013555427081882954,99.758
EOF1,12.5,32.5,0.013551735319197178,99.758
EOF1,12.5,33.0,0.013546009548008442,99.758
EOF1,12.5,33.5,0.013538320548832417,99.758
EOF1,12.5,34.0,0.013537737540900707,99.758
EOF1,12.5,34.5,0.013543389737606049,99.758
EOF1,13.0,0.5,0.013554791919887066,99.758
EOF1,13.0,1.0,0.01355442963540554,99.758
EOF1,13.0,1.5,0.013554916717112064,99.758
EOF1,13.0,2.0,0.01355548482388258,99.758
EOF1,13.0,2.5,0.013555680401623249,99.758
EOF1,13.0,3.0,0.013555687852203846,99.758
EOF1,13.0,3.5,0.013555439189076424,99.758
EOF1,13.0,4.0,0.013554978184401989,99.758
EOF1,13.0,4.5,0.013554207980632782,99.758
EOF1,13.0,5.0,0.013553422875702381,99.758
EOF1,13.0,5.5,0.013553458265960217,99.758
EOF1,13.0,6.0,0.013554834760725498,99.758
EOF1,13.0,6.5,0.013556243851780891,99.758
EOF1,13.0,7.0,0.013556526042521,99.758
EOF1,13.0,7.5,0.013555989600718021,99.758
EOF1,13.0,8.0,0.013556653633713722,99.758
EOF1,13.0,8.5,0.013556962832808495,99.758
EOF1,13.0,9.0,0.013556836172938347,99.758
EOF1,13.0,9.5,0.013556799851357937,99.758
EOF1,13.0,10.0,0.01355734746903181,99.758
EOF1,13.0,10.5,0.013557450845837593,99.758
EOF1,13.0,11.0,0.013557424768805504,99.758
EOF1,13.0,11.5,0.013557735830545425,99.758
EOF1,13.0,12.0,0.01355824712663889,99.758
EOF1,13.0,12.5,0.013558275997638702,99.758
EOF1,13.0,13.0,0.013557330705225468,99.758
EOF1,13.0,13.5,0.013555849902331829,99.758
EOF1,13.0,14.0,0.013552729971706867,99.758
EOF1,13.0,14.5,0.013550849631428719,99.758
EOF1,13.0,15.0,0.013551149517297745,99.758
EOF1,13.0,15.5,0.013554265722632408,99.758
EOF1,13.0,16.0,0.013551478274166584,99.758
EOF1,13.0,16.5,0.013551298528909683,99.758
EOF1,13.0,17.0,0.013552289456129074,99.758
EOF1,13.0,17.5,0.013552552089095116,99.758
EOF1,13.0,18.0,0.013550831936299801,99.758
EOF1,13.0,18.5,0.013550872914493084,99.758
EOF1,13.0,19.0,0.013549257069826126,99.758
EOF1,13.0,19.5,0.013544265180826187,99.758
EOF1,13.0,20.0,0.01353789959102869,99.758
EOF1,13.0,20.5,0.013533685356378555,99.758
EOF1,13.0,21.0,0.013529895804822445,99.758
EOF1,13.0,21.5,0.013527771458029747,99.758
EOF1,13.0,22.0,0.013531195931136608,99.758
EOF1,13.0,22.5,0.013534031808376312,99.758
EOF1,13.0,23.0,0.013539878651499748,99.758
EOF1,13.0,23.5,0.01354696974158287,99.758
EOF1,13.0,24.0,0.013553670607507229,99.758
EOF1,13.0,24.5,0.013557029888033867,99.758
EOF1,13.0,25.0,0.013557963073253632,99.758
EOF1,13.0,25.5,0.013558469712734222,99.758
EOF1,13.0,26.0,0.013558382168412209,99.758
EOF1,13.0,26.5,0.013558709993958473,99.758
EOF1,13.0,27.0,0.01355950441211462,99.758
EOF1,13.0,27.5,0.013559919781982899,99.758
EOF1,13.0,28.0,0.013559846207499504,99.758
EOF1,13.0,28.5,0.013560127466917038,99.758
EOF1,13.0,29.0,0.01356048509478569,99.758
EOF1,13.0,29.5,0.013560398481786251,99.758
EOF1,13.0,30.0,0.013559012673795223,99.758
EOF1,13.0,30.5,0.013559557497501373,99.758
EOF1,13.0,31.0,0.013559752143919468,99.758
EOF1,13.0,31.5,0.013558262959122658,99.758
EOF1,13.0,32.0,0.013555139303207397,99.758
EOF1,13.0,32.5,0.013553646393120289,99.758
EOF1,13.0,33.0,0.013550151139497757,99.758
EOF1,13.0,33.5,0.013544822111725807,99.758
EOF1,13.0,34.0,0.013544293120503426,99.758
EOF1,13.0,34.5,0.013547596521675587,99.758
EOF1,13.5,0.5,0.013554912060499191,99.758
EOF1,13.5,1.0,0.013555404730141163,99.758
EOF1,13.5,1.5,0.013555778190493584,99.758
EOF1,13.5,2.0,0.013556012883782387,99.758
EOF1,13.5,2.5,0.013556160032749176,99.758
EOF1,13.5,3.0,0.013556254096329212,99.758
EOF1,13.5,3.5,0.0135561628267169,99.758
EOF1,13.5,4.0,0.013555563054978848,99.758
EOF1,13.5,4.5,0.013555334880948067,99.758
EOF1,13.5,5.0,0.013555154204368591,99.758
EOF1,13.5,5.5,0.013554824516177177,99.758
EOF1,13.5,6.0,0.013555683195590973,99.758
EOF1,13.5,6.5,0.013555257581174374,99.758
EOF1,13.5,7.0,0.013554696924984455,99.758
EOF1,13.5,7.5,0.013554024510085583,99.758
EOF1,13.5,8.0,0.013554702512919903,99.758
EOF1,13.5,8.5,0.013555293902754784,99.758
EOF1,13.5,9.0,0.013555782847106457,99.758
EOF1,13.5,9.5,0.013555641286075115,99.758
EOF1,13.5,10.0,0.013556241989135742,99.758
EOF1,13.5,10.5,0.013556545600295067,99.758
EOF1,13.5,11.0,0.01355653814971447,99.758
EOF1,13.5,11.5,0.013556928373873234,99.758
EOF1,13.5,12.0,0.013556630350649357,99.758
EOF1,13.5,12.5,0.013555747456848621,99.758
EOF1,13.5,13.0,0.01355463732033968,99.758
EOF1,13.5,13.5,0.013553033582866192,99.758
EOF1,13.5,14.0,0.013554145582020283,99.758
EOF1,13.5,14.5,0.013554695062339306,99.758
EOF1,13.5,15.0,0.013554666191339493,99.758
EOF1,13.5,15.5,0.013554940931499004,99.758
EOF1,13.5,16.0,0.01355600357055664,99.758
EOF1,13.5,16.5,0.013555754907429218,99.758
EOF1,13.5,17.0,0.01355461310595274,99.758
EOF1,13.5,17.5,0.013554748147726059,99.758
EOF1,13.5,18.0,0.013555452227592468,99.758
EOF1,13.5,18.5,0.01355566643178463,99.758
EOF1,13.5,19.0,0.013555231504142284,99.758
EOF1,13.5,19.5,0.0135550731793046,99.758
EOF1,13.5,20.0,0.013554412871599197,99.758
EOF1,13.5,20.5,0.013552571646869183,99.758
EOF1,13.5,21.0,0.013551079668104649,99.758
EOF1,13.5,21.5,0.013549236580729485,99.758
EOF1,13.5,22.0,0.013546514324843884,99.758
EOF1,13.5,22.5,0.013546979986131191,99.758
EOF1,13.5,23.0,0.013550855219364166,99.758
EOF1,13.5,23.5,0.013553667813539505,99.758
EOF1,13.5,24.0,0.013555475510656834,99.758
EOF1,13.5,24.5,0.013557631522417068,99.758
EOF1,13.5,25.0,0.013558183796703815,99.758
EOF1,13.5,25.5,0.013558351434767246,99.758
EOF1,13.5,26.0,0.013558140955865383,99.758
EOF1,13.5,26.5,0.013558398000895977,99.758
EOF1,13.5,27.0,0.013558793812990189,99.758
EOF1,13.5,27.5,0.013558822683990002,99.758
EOF1,13.5,28.0,0.013558628968894482,99.758
EOF1,13.5,28.5,0.013559223152697086,99.758
EOF1,13.5,29.0,0.013559916988015175,99.758
EOF1,13.5,29.5,0.013560352846980095,99.758
EOF1,13.5,30.0,0.013560852035880089,99.758
EOF1,13.5,30.5,0.013560770079493523,99.758
EOF1,13.5,31.0,0.013558869250118732,99.758
EOF1,13.5,31.5,0.013553985394537449,99.758
EOF1,13.5,32.0,0.013548631221055984,99.758
EOF1,13.5,32.5,0.013547569513320923,99.758
EOF1,13.5,33.0,0.013543810695409775,99.758
EOF1,13.5,33.5,0.01353831309825182,99.758
EOF1,13.5,34.0,0.01353763323277235,99.758
EOF1,13.5,34.5,0.01354518998414278,99.758
EOF1,14.0,0.5,0.013555094599723816,99.758
EOF1,14.0,1.0,0.013555298559367657,99.758
EOF1,14.0,1.5,0.013555377721786499,99.758
EOF1,14.0,2.0,0.013555392622947693,99.758
EOF1,14.0,2.5,0.013555499725043774,99.758
EOF1,14.0,3.0,0.013555552810430527,99.758
EOF1,14.0,3.5,0.013555500656366348,99.758
EOF1,14.0,4.0,0.013555431738495827,99.758
EOF1,14.0,4.5,0.013555314391851425,99.758
EOF1,14.0,5.0,0.013554999604821205,99.758
EOF1,14.0,5.5,0.013554547913372517,99.758
EOF1,14.0,6.0,0.013554150238633156,99.758
EOF1,14.0,6.5,0.013553701341152191,99.758
EOF1,14.0,7.0,0.0135531360283494,99.758
EOF1,14.0,7.5,0.013552701100707054,99.758
EOF1,14.0,8.0,0.013553386554121971,99.758
EOF1,14.0,8.5,0.013553987257182598,99.758
EOF1,14.0,9.0,0.01355449203401804,99.758
EOF1,14.0,9.5,0.01355451438575983,99.758
EOF1,14.0,10.0,0.013554979115724564,99.758
EOF1,14.0,10.5,0.013555150479078293,99.758
EOF1,14.0,11.0,0.013556241057813168,99.758
EOF1,14.0,11.5,0.013555924408137798,99.758
EOF1,14.0,12.0,0.01355400774627924,99.758
EOF1,14.0,12.5,0.013553024269640446,99.758
EOF1,14.0,13.0,0.013551834039390087,99.758
EOF1,14.0,13.5,0.013551480136811733,99.758
EOF1,14.0,14.0,0.01355294231325388,99.758
EOF1,14.0,14.5,0.013553882017731667,99.758
EOF1,14.0,15.0,0.013554270379245281,99.758
EOF1,14.0,15.5,0.013554466888308525,99.758
EOF1,14.0,16.0,0.01355522871017456,99.758
EOF1,14.0,16.5,0.013554704375565052,99.758
EOF1,14.0,17.0,0.013553746044635773,99.758
EOF1,14.0,17.5,0.013554796576499939,99.758
EOF1,14.0,18.0,0.01355536188930273,99.758
EOF1,14.0,18.5,0.013555780984461308,99.758
EOF1,14.0,19.0,0.013556591235101223,99.758
EOF1,14.0,19.5,0.013558024540543556,99.758
EOF1,14.0,20.0,0.013558793812990189,99.758
EOF1,14.0,20.5,0.013558481819927692,99.758
EOF1,14.0,21.0,0.013558082282543182,99.758
EOF1,14.0,21.5,0.013557233847677708,99.758
EOF1,14.0,22.0,0.013555599376559258,99.758
EOF1,14.0,22.5,0.013553650118410587,99.758
EOF1,14.0,23.0,0.013555866666138172,99.758
EOF1,14.0,23.5,0.013557114638388157,99.758
EOF1,14.0,24.0,0.013557426631450653,99.758
EOF1,14.0,24.5,0.013557342812418938,99.758
EOF1,14.0,25.0,0.013556171208620071,99.758
EOF1,14.0,25.5,0.013556217774748802,99.758
EOF1,14.0,26.0,0.013555890880525112,99.758
EOF1,14.0,26.5,0.013555849902331829,99.758
EOF1,14.0,27.0,0.013556196354329586,99.758
EOF1,14.0,27.5,0.013556311838328838,99.758
EOF1,14.0,28.0,0.013557327911257744,99.758
EOF1,14.0,28.5,0.01355837844312191,99.758
EOF1,14.0,29.0,0.013559171929955482,99.758
EOF1,14.0,29.5,0.01355972234159708,99.758
EOF1,14.0,30.0,0.013558757491409779,99.758
EOF1,14.0,30.5,0.01356037613004446,99.758
EOF1,14.0,31.0,0.013558970764279366,99.758
EOF1,14.0,31.5,0.013554604724049568,99.758
EOF1,14.0,32.0,0.013548769988119602,99.758
EOF1,14.0,32.5,0.013547028414905071,99.758
EOF1,14.0,33.0,0.013544922694563866,99.758
EOF1,14.0,33.5,0.013540152460336685,99.758
EOF1,14.0,34.0,0.013542487286031246,99.758
EOF1,14.0,34.5,0.013550720177590847,99.758
EOF1,14.5,0.5,0.013554783537983894,99.758
EOF1,14.5,1.0,0.01355469785630703,99.758
EOF1,14.5,1.5,0.013554596342146397,99.758
EOF1,14.5,2.0,0.013554475270211697,99.758
EOF1,14.5,2.5,0.013554544188082218,99.758
EOF1,14.5,3.0,0.013554340228438377,99.758
EOF1,14.5,3.5,0.013554026372730732,99.758
EOF1,14.5,4.0,0.013553946278989315,99.758
EOF1,14.5,4.5,0.013554096221923828,99.758
EOF1,14.5,5.0,0.01355411671102047,99.758
EOF1,14.5,5.5,0.013553746044635773,99.758
EOF1,14.5,6.0,0.013553451746702194,99.758
EOF1,14.5,6.5,0.01355319656431675,99.758
EOF1,14.5,7.0,0.013553050346672535,99.758
EOF1,14.5,7.5,0.01355274673551321,99.758
EOF1,14.5,8.0,0.013553429394960403,99.758
EOF1,14.5,8.5,0.01355363056063652,99.758
EOF1,14.5,9.0,0.0135533781722188,99.758
EOF1,14.5,9.5,0.013553230091929436,99.758
EOF1,14.5,10.0,0.013553370721638203,99.758
EOF1,14.5,10.5,0.0135567095130682,99.758
EOF1,14.5,11.0,0.013558801263570786,99.758
EOF1,14.5,11.5,0.01355848740786314,99.758
EOF1,14.5,12.0,0.013555577956140041,99.758
EOF1,14.5,12.5,0.01355122309178114,99.758
EOF1,14.5,13.0,0.013550005853176117,99.758
EOF1,14.5,13.5,0.013549737632274628,99.758
EOF1,14.5,14.0,0.013549706898629665,99.758
EOF1,14.5,14.5,0.013550563715398312,99.758
EOF1,14.5,15.0,0.013552035205066204,99.758
EOF1,14.5,15.5,0.013552151620388031,99.758
EOF1,14.5,16.0,0.013551859185099602,99.758
EOF1,14.5,16.5,0.013552431017160416,99.758
EOF1,14.5,17.0,0.013552645221352577,99.758
EOF1,14.5,17.5,0.013553297147154808,99.758
EOF1,14.5,18.0,0.013555292040109634,99.758
EOF1,14.5,18.5,0.013557088561356068,99.758
EOF1,14.5,19.0,0.013558064587414265,99.758
EOF1,14.5,19.5,0.013558635488152504,99.758
EOF1,14.5,20.0,0.013559267856180668,99.758
EOF1,14.5,20.5,0.013560031540691853,99.758
EOF1,14.5,21.0,0.013559987768530846,99.758
EOF1,14.5,21.5,0.013559313490986824,99.758
EOF1,14.5,22.0,0.013558232225477695,99.758
EOF1,14.5,22.5,0.013556691817939281,99.758
EOF1,14.5,23.0,0.01355747040361166,99.758
EOF1,14.5,23.5,0.013557755388319492,99.758
EOF1,14.5,24.0,0.013558117672801018,99.758
EOF1,14.5,24.5,0.013557960279285908,99.758
EOF1,14.5,25.0,0.01355556957423687,99.758
EOF1,14.5,25.5,0.013551571406424046,99.758
EOF1,14.5,26.0,0.013551115989685059,99.758
EOF1,14.5,26.5,0.013551179319620132,99.758
EOF1,14.5,27.0,0.01355182845145464,99.758
EOF1,14.5,27.5,0.013552672229707241,99.758
EOF1,14.5,28.0,0.013551373034715652,99.758
EOF1,14.5,28.5,0.013551191426813602,99.758
EOF1,14.5,29.0,0.013552160002291203,99.758
EOF1,14.5,29.5,0.013551563024520874,99.758
EOF1,14.5,30.0,0.013545763678848743,99.758
EOF1,14.5,30.5,0.013554811477661133,99.758
EOF1,14.5,31.0,0.013559306971728802,99.758
EOF1,14.5,31.5,0.013559277169406414,99.758
EOF1,14.5,32.0,0.013557011261582375,99.758
EOF1,14.5,32.5,0.013555350713431835,99.758
EOF1,14.5,33.0,0.013552340678870678,99.758
EOF1,14.5,33.5,0.013550366275012493,99.758
EOF1,14.5,34.0,0.013552115298807621,99.758
EOF1,14.5,34.5,0.013556336984038353,99.758
EOF1,15.0,0.5,0.013553987257182598,99.758
EOF1,15.0,1.0,0.013553779572248459,99.758
EOF1,15.0,1.5,0.013553527183830738,99.758
EOF1,15.0,2.0,0.013553234748542309,99.758
EOF1,15.0,2.5,0.01355290599167347,99.758
EOF1,15.0,3.0,0.013552551157772541,99.758
EOF1,15.0,3.5,0.013552162796258926,99.758
EOF1,15.0,4.0,0.013552072457969189,99.758
EOF1,15.0,4.5,0.013552273623645306,99.758
EOF1,15.0,5.0,0.013552438467741013,99.758
EOF1,15.0,5.5,0.013552582822740078,99.758
EOF1,15.0,6.0,0.013552733696997166,99.758
EOF1,15.0,6.5,0.013552782125771046,99.758
EOF1,15.0,7.0,0.013552675023674965,99.758
EOF1,15.0,7.5,0.013552417978644371,99.758
EOF1,15.0,8.0,0.013552161864936352,99.758
EOF1,15.0,8.5,0.013551859185099602,99.758
EOF1,15.0,9.0,0.013551498763263226,99.758
EOF1,15.0,9.5,0.013552561402320862,99.758
EOF1,15.0,10.0,0.01355656422674656,99.758
EOF1,15.0,10.5,0.013557878322899342,99.758
EOF1,15.0,11.0,0.013556377030909061,99.758
EOF1,15.0,11.5,0.013556068763136864,99.758
EOF1,15.0,12.0,0.01355678029358387,99.758
EOF1,15.0,12.5,0.013554432429373264,99.758
EOF1,15.0,13.0,0.01354924775660038,99.758
EOF1,15.0,13.5,0.013547724112868309,99.758
EOF1,15.0,14.0,0.013547813519835472,99.758
EOF1,15.0,14.5,0.013547763228416443,99.758
EOF1,15.0,15.0,0.013547554612159729,99.758
EOF1,15.0,15.5,0.01354791410267353,99.758
EOF1,15.0,16.0,0.013547925278544426,99.758
EOF1,15.0,16.5,0.013547513633966446,99.758
EOF1,15.0,17.0,0.01354808546602726,99.758
EOF1,15.0,17.5,0.01355207059532404,99.758
EOF1,15.0,18.0,0.013555103912949562,99.758
EOF1,15.0,18.5,0.013557267375290394,99.758
EOF1,15.0,19.0,0.013558415696024895,99.758
EOF1,15.0,19.5,0.013558986596763134,99.758
EOF1,15.0,20.0,0.01355932466685772,99.758
EOF1,15.0,20.5,0.013559427112340927,99.758
EOF1,15.0,21.0,0.013559396378695965,99.758
EOF1,15.0,21.5,0.013558996841311455,99.758
EOF1,15.0,22.0,0.013558154925704002,99.758
EOF1,15.0,22.5,0.013556873425841331,99.758
EOF1,15.0,23.0,0.013557195663452148,99.758
EOF1,15.0,23.5,0.01355736330151558,99.758
EOF1,15.0,24.0,0.01355737540870905,99.758
EOF1,15.0,24.5,0.013557142578065395,99.758
EOF1,15.0,25.0,0.013555480167269707,99.758
EOF1,15.0,25.5,0.013552149757742882,99.758
EOF1,15.0,26.0,0.013547278009355068,99.758
EOF1,15.0,26.5,0.013544779270887375,99.758
EOF1,15.0,27.0,0.013544020242989063,99.758
EOF1,15.0,27.5,0.013541238382458687,99.758
EOF1,15.0,28.0,0.013536609709262848,99.758
EOF1,15.0,28.5,0.013537823222577572,99.758
EOF1,15.0,29.0,0.013537258841097355,99.758
EOF1,15.0,29.5,0.013531775213778019,99.758
EOF1,15.0,30.0,0.01352139562368393,99.758
EOF1,15.0,30.5,0.01353700552135706,99.758
EOF1,15.0,31.0,0.013548641465604305,99.758
EOF1,15.0,31.5,0.01355593092739582,99.758
EOF1,15.0,32.0,0.013558684848248959,99.758
EOF1,15.0,32.5,0.013559090904891491,99.758
EOF1,15.0,33.0,0.01355811208486557,99.758
EOF1,15.0,33.5,0.013555757701396942,99.758
EOF1,15.0,34.0,0.013555473648011684,99.758
EOF1,15.0,34.5,0.013556759804487228,99.758
EOF1,15.5,0.5,0.01355324313044548,99.758
EOF1,15.5,1.0,0.013553284108638763,99.758
EOF1,15.5,1.5,0.013553048484027386,99.758
EOF1,15.5,2.0,0.013552765361964703,99.758
EOF1,15.5,2.5,0.013552434742450714,99.758
EOF1,15.5,3.0,0.013552083633840084,99.758
EOF1,15.5,3.5,0.013552317395806313,99.758
EOF1,15.5,4.0,0.013552521355450153,99.758
EOF1,15.5,4.5,0.013552681542932987,99.758
EOF1,15.5,5.0,0.013552635908126831,99.758
EOF1,15.5,5.5,0.013551945798099041,99.758
EOF1,15.5,6.0,0.013551492244005203,99.758
EOF1,15.5,6.5,0.013551216572523117,99.758
EOF1,15.5,7.0,0.01355116069316864,99.758
EOF1,15.5,7.5,0.013550959527492523,99.758
EOF1,15.5,8.0,0.013549835421144962,99.758
EOF1,15.5,8.5,0.013549089431762695,99.758
EOF1,15.5,9.0,0.01354873739182949,99.758
EOF1,15.5,9.5,0.01355001237243414,99.758
EOF1,15.5,10.0,0.013554762117564678,99.758
EOF1,15.5,10.5,0.013556900434195995,99.758
EOF1,15.5,11.0,0.013554288074374199,99.758
EOF1,15.5,11.5,0.013554796576499939,99.758
EOF1,15.5,12.0,0.013554164208471775,99.758
EOF1,15.5,12.5,0.013556357473134995,99.758
EOF1,15.5,13.0,0.013555493205785751,99.758
EOF1,15.5,13.5,0.013554511591792107,99.758
EOF1,15.5,14.0,0.013553972356021404,99.758
EOF1,15.5,14.5,0.013550316914916039,99.758
EOF1,15.5,15.0,0.013540975749492645,99.758
EOF1,15.5,15.5,0.013539375737309456,99.758
EOF1,15.5,16.0,0.013537263497710228,99.758
EOF1,15.5,16.5,0.013538366183638573,99.758
EOF1,15.5,17.0,0.013541262596845627,99.758
EOF1,15.5,17.5,0.0135518042370677,99.758
EOF1,15.5,18.0,0.013554390519857407,99.758
EOF1,15.5,18.5,0.013556086458265781,99.758
EOF1,15.5,19.0,0.013557021506130695,99.758
EOF1,15.5,19.5,0.0135576156899333,99.758
EOF1,15.5,20.0,0.013558090664446354,99.758
EOF1,15.5,20.5,0.01355790812522173,99.758
EOF1,15.5,21.0,0.013558417558670044,99.758
EOF1,15.5,21.5,0.01355796493589878,99.758
EOF1,15.5,22.0,0.013557075522840023,99.758
EOF1,15.5,22.5,0.013555747456848621,99.758
EOF1,15.5,23.0,0.013557001948356628,99.758
EOF1,15.5,23.5,0.013556689023971558,99.758
EOF1,15.5,24.0,0.013556411489844322,99.758
EOF1,15.5,24.5,0.013555459678173065,99.758
EOF1,15.5,25.0,0.013551857322454453,99.758
EOF1,15.5,25.5,0.013546770438551903,99.758
EOF1,15.5,26.0,0.01354422327131033,99.758
EOF1,15.5,26.5,0.013542776927351952,99.758
EOF1,15.5,27.0,0.013541051186621189,99.758
EOF1,15.5,27.5,0.013542498461902142,99.758
EOF1,15.5,28.0,0.013541867025196552,99.758
EOF1,15.5,28.5,0.013539120554924011,99.758
EOF1,15.5,29.0,0.013531691394746304,99.758
EOF1,15.5,29.5,0.013529447838664055,99.758
EOF1,15.5,30.0,0.013535118661820889,99.758
EOF1,15.5,30.5,0.013546816073358059,99.758
EOF1,15.5,31.0,0.013554300181567669,99.758
EOF1,15.5,31.5,0.013557065278291702,99.758
EOF1,15.5,32.0,0.013557731173932552,99.758
EOF1,15.5,32.5,0.013556873425841331,99.758
EOF1,15.5,33.0,0.013554699718952179,99.758
EOF1,15.5,33.5,0.01355798915028572,99.758
EOF1,15.5,34.0,0.013558661565184593,99.758
EOF1,15.5,34.5,0.013556941412389278,99.758
EOF1,16.0,0.5,0.013551914133131504,99.758
EOF1,16.0,1.0,0.013552245683968067,99.758
EOF1,16.0,1.5,0.013552519492805004,99.758
EOF1,16.0,2.0,0.013552249409258366,99.758
EOF1,16.0,2.5,0.013552213087677956,99.758
EOF1,16.0,3.0,0.013552457094192505,99.758
EOF1,16.0,3.5,0.013552689924836159,99.758
EOF1,16.0,4.0,0.013552876189351082,99.758
EOF1,16.0,4.5,0.013552459888160229,99.758
EOF1,16.0,5.0,0.013551742769777775,99.758
EOF1,16.0,5.5,0.013550887815654278,99.758
EOF1,16.0,6.0,0.01355038397014141,99.758
EOF1,16.0,6.5,0.013549978844821453,99.758
EOF1,16.0,7.0,0.013549520634114742,99.758
EOF1,16.0,7.5,0.013549268245697021,99.758
EOF1,16.0,8.0,0.013548082672059536,99.758
EOF1,16.0,8.5,0.013546827249228954,99.758
EOF1,16.0,9.0,0.013545501977205276,99.758
EOF1,16.0,9.5,0.013546946458518505,99.758
EOF1,16.0,10.0,0.013549262657761574,99.758
EOF1,16.0,10.5,0.013546767644584179,99.758
EOF1,16.0,11.0,0.01354286354035139,99.758
EOF1,16.0,11.5,0.013546600937843323,99.758
EOF1,16.0,12.0,0.01355401985347271,99.758
EOF1,16.0,12.5,0.013554463163018227,99.758
EOF1,16.0,13.0,0.013553471304476261,99.758
EOF1,16.0,13.5,0.013553088530898094,99.758
EOF1,16.0,14.0,0.01354728452861309,99.758
EOF1,16.0,14.5,0.013537782244384289,99.758
EOF1,16.0,15.0,0.013524779118597507,99.758
EOF1,16.0,15.5,0.013523041270673275,99.758
EOF1,16.0,16.0,0.0135246142745018,99.758
EOF1,16.0,16.5,0.013521060347557068,99.758
EOF1,16.0,17.0,0.013521370477974415,99.758
EOF1,16.0,17.5,0.013540719635784626,99.758
EOF1,16.0,18.0,0.013549952767789364,99.758
EOF1,16.0,18.5,0.013549340888857841,99.758
EOF1,16.0,19.0,0.013550112955272198,99.758
EOF1,16.0,19.5,0.013552463613450527,99.758
EOF1,16.0,20.0,0.013554014265537262,99.758
EOF1,16.0,20.5,0.013554073870182037,99.758
EOF1,16.0,21.0,0.013555387035012245,99.758
EOF1,16.0,21.5,0.013555774465203285,99.758
EOF1,16.0,22.0,0.013554155826568604,99.758
EOF1,16.0,22.5,0.013552331365644932,99.758
EOF1,16.0,23.0,0.013552983291447163,99.758
EOF1,16.0,23.5,0.013551359996199608,99.758
EOF1,16.0,24.0,0.013547617010772228,99.758
EOF1,16.0,24.5,0.01354596484452486,99.758
EOF1,16.0,25.0,0.013542966917157173,99.758
EOF1,16.0,25.5,0.01353717502206564,99.758
EOF1,16.0,26.0,0.013525990769267082,99.758
EOF1,16.0,26.5,0.013525089249014854,99.758
EOF1,16.0,27.0,0.013532901182770729,99.758
EOF1,16.0,27.5,0.01353341806679964,99.758
EOF1,16.0,28.0,0.013532416895031929,99.758
EOF1,16.0,28.5,0.013525580056011677,99.758
EOF1,16.0,29.0,0.013533135876059532,99.758
EOF1,16.0,29.5,0.013539237901568413,99.758
EOF1,16.0,30.0,0.01354379951953888,99.758
EOF1,16.0,30.5,0.013550844974815845,99.758
EOF1,16.0,31.0,0.013553749769926071,99.758
EOF1,16.0,31.5,0.013555077835917473,99.758
EOF1,16.0,32.0,0.013554684817790985,99.758
EOF1,16.0,32.5,0.013555801473557949,99.758
EOF1,16.0,33.0,0.013558251783251762,99.758
EOF1,16.0,33.5,0.013558672741055489,99.758
EOF1,16.0,34.0,0.013559047132730484,99.758
EOF1,16.0,34.5,0.013559602200984955,99.758
EOF1,16.5,0.5,0.013550498522818089,99.758
EOF1,16.5,1.0,0.013550885953009129,99.758
EOF1,16.5,1.5,0.013551214709877968,99.758
EOF1,16.5,2.0,0.013550791889429092,99.758
EOF1,16.5,2.5,0.013551327399909496,99.758
EOF1,16.5,3.0,0.013551577925682068,99.758
EOF1,16.5,3.5,0.01355182845145464,99.758
EOF1,16.5,4.0,0.013557098805904388,99.758
EOF1,16.5,4.5,0.013558337464928627,99.758
EOF1,16.5,5.0,0.013558113016188145,99.758
EOF1,16.5,5.5,0.013557737693190575,99.758
EOF1,16.5,6.0,0.013557379133999348,99.758
EOF1,16.5,6.5,0.013557006604969501,99.758
EOF1,16.5,7.0,0.013556581921875477,99.758
EOF1,16.5,7.5,0.013551075011491776,99.758
EOF1,16.5,8.0,0.01355016604065895,99.758
EOF1,16.5,8.5,0.013549219816923141,99.758
EOF1,16.5,9.0,0.013548183254897594,99.758
EOF1,16.5,9.5,0.01354219764471054,99.758
EOF1,16.5,10.0,0.013540484942495823,99.758
EOF1,16.5,10.5,0.013538473285734653,99.758
EOF1,16.5,11.0,0.01353510469198227,99.758
EOF1,16.5,11.5,0.013540402054786682,99.758
EOF1,16.5,12.0,0.01355061586946249,99.758
EOF1,16.5,12.5,0.013554217293858528,99.758
EOF1,16.5,13.0,0.013553307391703129,99.758
EOF1,16.5,13.5,0.013552653603255749,99.758
EOF1,16.5,14.0,0.013552090153098106,99.758
EOF1,16.5,14.5,0.013547848910093307,99.758
EOF1,16.5,15.0,0.013540059328079224,99.758
EOF1,16.5,15.5,0.01353843417018652,99.758
EOF1,16.5,16.0,0.013532087206840515,99.758
EOF1,16.5,16.5,0.013521173037588596,99.758
EOF1,16.5,17.0,0.013517068699002266,99.758
EOF1,16.5,17.5,0.013536028563976288,99.758
EOF1,16.5,18.0,0.013545180670917034,99.758
EOF1,16.5,18.5,0.01354527473449707,99.758
EOF1,16.5,19.0,0.013545121997594833,99.758
EOF1,16.5,19.5,0.013548712246119976,99.758
EOF1,16.5,20.0,0.013552011922001839,99.758
EOF1,16.5,20.5,0.01355373952537775,99.758
EOF1,16.5,21.0,0.013551984913647175,99.758
EOF1,16.5,21.5,0.013553069904446602,99.758
EOF1,16.5,22.0,0.013552249409258366,99.758
EOF1,16.5,22.5,0.013549408875405788,99.758
EOF1,16.5,23.0,0.013554033823311329,99.758
EOF1,16.5,23.5,0.013552958145737648,99.758
EOF1,16.5,24.0,0.013549747876822948,99.758
EOF1,16.5,24.5,0.01354548241943121,99.758
EOF1,16.5,25.0,0.013539498671889305,99.758
EOF1,16.5,25.5,0.01352815143764019,99.758
EOF1,16.5,26.0,0.013513165526092052,99.758
EOF1,16.5,26.5,0.013513488695025444,99.758
EOF1,16.5,27.0,0.013525939546525478,99.758
EOF1,16.5,27.5,0.013531575910747051,99.758
EOF1,16.5,28.0,0.013532991521060467,99.758
EOF1,16.5,28.5,0.013538305647671223,99.758
EOF1,16.5,29.0,0.013543619774281979,99.758
EOF1,16.5,29.5,0.013547367416322231,99.758
EOF1,16.5,30.0,0.01355168130248785,99.758
EOF1,16.5,30.5,0.013554390519857407,99.758
EOF1,16.5,31.0,0.013555538840591908,99.758
EOF1,16.5,31.5,0.013555087149143219,99.758
EOF1,16.5,32.0,0.013555877842009068,99.758
EOF1,16.5,32.5,0.013558286242187023,99.758
EOF1,16.5,33.0,0.013558685779571533,99.758
EOF1,16.5,33.5,0.013557231053709984,99.758
EOF1,16.5,34.0,0.01355659868568182,99.758
EOF1,16.5,34.5,0.013558020815253258,99.758
EOF1,17.0,0.5,0.013549035415053368,99.758
EOF1,17.0,1.0,0.013548605144023895,99.758
EOF1,17.0,1.5,0.013546552509069443,99.758
EOF1,17.0,2.0,0.013545291498303413,99.758
EOF1,17.0,2.5,0.013548056595027447,99.758
EOF1,17.0,3.0,0.013549355790019035,99.758
EOF1,17.0,3.5,0.013549628667533398,99.758
EOF1,17.0,4.0,0.013555456884205341,99.758
EOF1,17.0,4.5,0.013556853868067265,99.758
EOF1,17.0,5.0,0.013548688031733036,99.758
EOF1,17.0,5.5,0.013549676164984703,99.758
EOF1,17.0,6.0,0.01354970969259739,99.758
EOF1,17.0,6.5,0.013549864292144775,99.758
EOF1,17.0,7.0,0.013548632152378559,99.758
EOF1,17.0,7.5,0.013542708940804005,99.758
EOF1,17.0,8.0,0.013542577624320984,99.758
EOF1,17.0,8.5,0.01354681421071291,99.758
EOF1,17.0,9.0,0.013547242619097233,99.758
EOF1,17.0,9.5,0.013540846295654774,99.758
EOF1,17.0,10.0,0.013538296334445477,99.758
EOF1,17.0,10.5,0.01353550050407648,99.758
EOF1,17.0,11.0,0.013534286990761757,99.758
EOF1,17.0,11.5,0.013539695180952549,99.758
EOF1,17.0,12.0,0.01354807335883379,99.758
EOF1,17.0,12.5,0.013550992123782635,99.758
EOF1,17.0,13.0,0.013539633713662624,99.758
EOF1,17.0,13.5,0.013543324545025826,99.758
EOF1,17.0,14.0,0.01354378741234541,99.758
EOF1,17.0,14.5,0.013543699868023396,99.758
EOF1,17.0,15.0,0.013549456372857094,99.758
EOF1,17.0,15.5,0.013538921251893044,99.758
EOF1,17.0,16.0,0.013532083481550217,99.758
EOF1,17.0,16.5,0.01352638192474842,99.758
EOF1,17.0,17.0,0.013520480133593082,99.758
EOF1,17.0,17.5,0.013530286960303783,99.758
EOF1,17.0,18.0,0.013540981337428093,99.758
EOF1,17.0,18.5,0.013543936423957348,99.758
EOF1,17.0,19.0,0.013542119413614273,99.758
EOF1,17.0,19.5,0.013542397879064083,99.758
EOF1,17.0,20.0,0.013542142696678638,99.758
EOF1,17.0,20.5,0.013547344133257866,99.758
EOF1,17.0,21.0,0.013550849631428719,99.758
EOF1,17.0,21.5,0.013549833558499813,99.758
EOF1,17.0,22.0,0.013547156006097794,99.758
EOF1,17.0,22.5,0.013544831424951553,99.758
EOF1,17.0,23.0,0.013553006574511528,99.758
EOF1,17.0,23.5,0.013554897159337997,99.758
EOF1,17.0,24.0,0.01355317234992981,99.758
EOF1,17.0,24.5,0.013549449853599072,99.758
EOF1,17.0,25.0,0.013540683314204216,99.758
EOF1,17.0,25.5,0.013531798496842384,99.758
EOF1,17.0,26.0,0.013517742045223713,99.758
EOF1,17.0,26.5,0.013517243787646294,99.758
EOF1,17.0,27.0,0.013530736789107323,99.758
EOF1,17.0,27.5,0.013540313579142094,99.758
EOF1,17.0,28.0,0.013545986264944077,99.758
EOF1,17.0,28.5,0.01354910247027874,99.758
EOF1,17.0,29.0,0.013551895506680012,99.758
EOF1,17.0,29.5,0.013555401936173439,99.758
EOF1,17.0,30.0,0.013555937446653843,99.758
EOF1,17.0,30.5,0.013556086458265781,99.758
EOF1,17.0,31.0,0.01355702243745327,99.758
EOF1,17.0,31.5,0.013558188453316689,99.758
EOF1,17.0,32.0,0.013558120466768742,99.758
EOF1,17.0,32.5,0.013559305109083652,99.758
EOF1,17.0,33.0,0.013558393344283104,99.758
EOF1,17.0,33.5,0.013556436635553837,99.758
EOF1,17.0,34.0,0.01355617493391037,99.758
EOF1,17.0,34.5,0.013556945137679577,99.758
EOF1,17.5,0.5,0.013544986955821514,99.758
EOF1,17.5,1.0,0.013542071916162968,99.758
EOF1,17.5,1.5,0.0135381780564785,99.758
EOF1,17.5,2.0,0.013536096550524235,99.758
EOF1,17.5,2.5,0.013541153632104397,99.758
EOF1,17.5,3.0,0.013544738292694092,99.758
EOF1,17.5,3.5,0.01354687474668026,99.758
EOF1,17.5,4.0,0.01355358213186264,99.758
EOF1,17.5,4.5,0.013556301593780518,99.758
EOF1,17.5,5.0,0.013544951565563679,99.758
EOF1,17.5,5.5,0.013518061488866806,99.758
EOF1,17.5,6.0,0.013514630496501923,99.758
EOF1,17.5,6.5,0.013518398627638817,99.758
EOF1,17.5,7.0,0.013517623767256737,99.758
EOF1,17.5,7.5,0.013511757366359234,99.758
EOF1,17.5,8.0,0.013535627163946629,99.758
EOF1,17.5,8.5,0.013546448200941086,99.758
EOF1,17.5,9.0,0.013546241447329521,99.758
EOF1,17.5,9.5,0.013539495877921581,99.758
EOF1,17.5,10.0,0.013536867685616016,99.758
EOF1,17.5,10.5,0.013533991761505604,99.758
EOF1,17.5,11.0,0.013530873693525791,99.758
EOF1,17.5,11.5,0.013535060919821262,99.758
EOF1,17.5,12.0,0.013537488877773285,99.758
EOF1,17.5,12.5,0.013526271097362041,99.758
EOF1,17.5,13.0,0.013500414788722992,99.758
EOF1,17.5,13.5,0.013508581556379795,99.758
EOF1,17.5,14.0,0.013519744388759136,99.758
EOF1,17.5,14.5,0.013518544845283031,99.758
EOF1,17.5,15.0,0.013506091199815273,99.758
EOF1,17.5,15.5,0.013514889404177666,99.758
EOF1,17.5,16.0,0.013516897335648537,99.758
EOF1,17.5,16.5,0.013510962016880512,99.758
EOF1,17.5,17.0,0.013507542200386524,99.758
EOF1,17.5,17.5,0.013528706505894661,99.758
EOF1,17.5,18.0,0.013538693077862263,99.758
EOF1,17.5,18.5,0.013537240214645863,99.758
EOF1,17.5,19.0,0.013533815741539001,99.758
EOF1,17.5,19.5,0.013535021804273129,99.758
EOF1,17.5,20.0,0.013533278368413448,99.758
EOF1,17.5,20.5,0.013528193347156048,99.758
EOF1,17.5,21.0,0.01353409979492426,99.758
EOF1,17.5,21.5,0.013539532199501991,99.758
EOF1,17.5,22.0,0.013539817184209824,99.758
EOF1,17.5,22.5,0.013535434380173683,99.758
EOF1,17.5,23.0,0.013546555303037167,99.758
EOF1,17.5,23.5,0.0135513199493289,99.758
EOF1,17.5,24.0,0.013550307601690292,99.758
EOF1,17.5,24.5,0.013546776957809925,99.758
EOF1,17.5,25.0,0.013544699177145958,99.758
EOF1,17.5,25.5,0.013535140082240105,99.758
EOF1,17.5,26.0,0.013518352061510086,99.758
EOF1,17.5,26.5,0.013516162522137165,99.758
EOF1,17.5,27.0,0.013531221076846123,99.758
EOF1,17.5,27.5,0.013542531989514828,99.758
EOF1,17.5,28.0,0.01355002261698246,99.758
EOF1,17.5,28.5,0.01355455256998539,99.758
EOF1,17.5,29.0,0.013556407764554024,99.758
EOF1,17.5,29.5,0.01355528924614191,99.758
EOF1,17.5,30.0,0.013551177456974983,99.758
EOF1,17.5,30.5,0.013556097634136677,99.758
EOF1,17.5,31.0,0.013558808714151382,99.758
EOF1,17.5,31.5,0.013559216633439064,99.758
EOF1,17.5,32.0,0.01355796493589878,99.758
EOF1,17.5,32.5,0.013557315804064274,99.758
EOF1,17.5,33.0,0.013555801473557949,99.758
EOF1,17.5,33.5,0.013553440570831299,99.758
EOF1,17.5,34.0,0.013553529977798462,99.758
EOF1,17.5,34.5,0.01355543453246355,99.758
EOF1,18.0,0.5,0.013544755056500435,99.758
EOF1,18.0,1.0,0.01354178972542286,99.758
EOF1,18.0,1.5,0.013539568521082401,99.758
EOF1,18.0,2.0,0.013538778759539127,99.758
EOF1,18.0,2.5,0.013541054911911488,99.758
EOF1,18.0,3.0,0.01354461070150137,99.758
EOF1,18.0,3.5,0.013548534363508224,99.758
EOF1,18.0,4.0,0.013550949282944202,99.758
EOF1,18.0,4.5,0.01354261301457882,99.758
EOF1,18.0,5.0,0.013528243638575077,99.758
EOF1,18.0,5.5,0.013534139841794968,99.758
EOF1,18.0,6.0,0.013530444353818893,99.758
EOF1,18.0,6.5,0.01352422870695591,99.758
EOF1,18.0,7.0,0.013528840616345406,99.758
EOF1,18.0,7.5,0.013528852723538876,99.758
EOF1,18.0,8.0,0.013524984940886497,99.758
EOF1,18.0,8.5,0.01352819986641407,99.758
EOF1,18.0,9.0,0.013539801351726055,99.758
EOF1,18.0,9.5,0.013540513813495636,99.758
EOF1,18.0,10.0,0.01353794988244772,99.758
EOF1,18.0,10.5,0.013535058125853539,99.758
EOF1,18.0,11.0,0.01351629663258791,99.758
EOF1,18.0,11.5,0.013505637645721436,99.758
EOF1,18.0,12.0,0.013508857227861881,99.758
EOF1,18.0,12.5,0.013511830940842628,99.758
EOF1,18.0,13.0,0.01350115705281496,99.758
EOF1,18.0,13.5,0.013511846773326397,99.758
EOF1,18.0,14.0,0.013521328568458557,99.758
EOF1,18.0,14.5,0.013523202389478683,99.758
EOF1,18.0,15.0,0.013495374470949173,99.758
EOF1,18.0,15.5,0.013510485179722309,99.758
EOF1,18.0,16.0,0.013516007922589779,99.758
EOF1,18.0,16.5,0.01351136527955532,99.758
EOF1,18.0,17.0,0.013508589006960392,99.758
EOF1,18.0,17.5,0.013527079485356808,99.758
EOF1,18.0,18.0,0.013534839265048504,99.758
EOF1,18.0,18.5,0.01354180183261633,99.758
EOF1,18.0,19.0,0.013541780412197113,99.758
EOF1,18.0,19.5,0.013542351312935352,99.758
EOF1,18.0,20.0,0.013539157807826996,99.758
EOF1,18.0,20.5,0.013530499301850796,99.758
EOF1,18.0,21.0,0.01353662833571434,99.758
EOF1,18.0,21.5,0.013543520122766495,99.758
EOF1,18.0,22.0,0.013545786961913109,99.758
EOF1,18.0,22.5,0.013539052568376064,99.758
EOF1,18.0,23.0,0.013545689173042774,99.758
EOF1,18.0,23.5,0.013546460308134556,99.758
EOF1,18.0,24.0,0.013545201160013676,99.758
EOF1,18.0,24.5,0.0135440519079566,99.758
EOF1,18.0,25.0,0.013544631190598011,99.758
EOF1,18.0,25.5,0.013541512191295624,99.758
EOF1,18.0,26.0,0.013530940748751163,99.758
EOF1,18.0,26.5,0.013524936512112617,99.758
EOF1,18.0,27.0,0.013528669252991676,99.758
EOF1,18.0,27.5,0.013540144078433514,99.758
EOF1,18.0,28.0,0.013547822833061218,99.758
EOF1,18.0,28.5,0.013552055694162846,99.758
EOF1,18.0,29.0,0.013554884120821953,99.758
EOF1,18.0,29.5,0.013556701131165028,99.758
EOF1,18.0,30.0,0.013555535115301609,99.758
EOF1,18.0,30.5,0.01355892326682806,99.758
EOF1,18.0,31.0,0.013560028746724129,99.758
EOF1,18.0,31.5,0.013559717684984207,99.758
EOF1,18.0,32.0,0.013557829894125462,99.758
EOF1,18.0,32.5,0.013555539771914482,99.758
EOF1,18.0,33.0,0.013553191907703876,99.758
EOF1,18.0,33.5,0.013550791889429092,99.758
EOF1,18.0,34.0,0.013551002368330956,99.758
EOF1,18.0,34.5,0.013553181663155556,99.758
EOF1,18.5,0.5,0.013545234687626362,99.758
EOF1,18.5,1.0,0.013540580868721008,99.758
EOF1,18.5,1.5,0.013533849269151688,99.758
EOF1,18.5,2.0,0.0135353934019804,99.758
EOF1,18.5,2.5,0.0135415093973279,99.758
EOF1,18.5,3.0,0.013541300781071186,99.758
EOF1,18.5,3.5,0.013538584113121033,99.758
EOF1,18.5,4.0,0.013536381535232067,99.758
EOF1,18.5,4.5,0.013536385260522366,99.758
EOF1,18.5,5.0,0.013540240004658699,99.758
EOF1,18.5,5.5,0.013542961329221725,99.758
EOF1,18.5,6.0,0.013543898239731789,99.758
EOF1,18.5,6.5,0.013540402054786682,99.758
EOF1,18.5,7.0,0.013531615026295185,99.758
EOF1,18.5,7.5,0.013532060198485851,99.758
EOF1,18.5,8.0,0.013540968298912048,99.758
EOF1,18.5,8.5,0.013534939847886562,99.758
EOF1,18.5,9.0,0.013514968566596508,99.758
EOF1,18.5,9.5,0.013524914160370827,99.758
EOF1,18.5,10.0,0.013521132059395313,99.758
EOF1,18.5,10.5,0.013504947535693645,99.758
EOF1,18.5,11.0,0.013476273976266384,99.758
EOF1,18.5,11.5,0.0134624307975173,99.758
EOF1,18.5,12.0,0.013468265533447266,99.758
EOF1,18.5,12.5,0.013469639234244823,99.758
EOF1,18.5,13.0,0.013468584977090359,99.758
EOF1,18.5,13.5,0.013482345268130302,99.758
EOF1,18.5,14.0,0.013522082939743996,99.758
EOF1,18.5,14.5,0.013518323190510273,99.758
EOF1,18.5,15.0,0.013472986407577991,99.758
EOF1,18.5,15.5,0.0134908277541399,99.758
EOF1,18.5,16.0,0.01350171584635973,99.758
EOF1,18.5,16.5,0.013504873029887676,99.758
EOF1,18.5,17.0,0.013502406887710094,99.758
EOF1,18.5,17.5,0.013522711582481861,99.758
EOF1,18.5,18.0,0.013536843471229076,99.758
EOF1,18.5,18.5,0.013538778759539127,99.758
EOF1,18.5,19.0,0.013535242527723312,99.758
EOF1,18.5,19.5,0.013534541241824627,99.758
EOF1,18.5,20.0,0.013530714437365532,99.758
EOF1,18.5,20.5,0.013523402623832226,99.758
EOF1,18.5,21.0,0.013531330041587353,99.758
EOF1,18.5,21.5,0.013545324094593525,99.758
EOF1,18.5,22.0,0.013546351343393326,99.758
EOF1,18.5,22.5,0.013536478392779827,99.758
EOF1,18.5,23.0,0.013539498671889305,99.758
EOF1,18.5,23.5,0.013540545478463173,99.758
EOF1,18.5,24.0,0.013539744541049004,99.758
EOF1,18.5,24.5,0.01353868842124939,99.758
EOF1,18.5,25.0,0.013540318235754967,99.758
EOF1,18.5,25.5,0.013540013693273067,99.758
EOF1,18.5,26.0,0.013536807149648666,99.758
EOF1,18.5,26.5,0.013533798977732658,99.758
EOF1,18.5,27.0,0.013537010177969933,99.758
EOF1,18.5,27.5,0.013539647683501244,99.758
EOF1,18.5,28.0,0.013544196262955666,99.758
EOF1,18.5,28.5,0.013548863120377064,99.758
EOF1,18.5,29.0,0.013551694341003895,99.758
EOF1,18.5,29.5,0.013552679680287838,99.758
EOF1,18.5,30.0,0.01355370506644249,99.758
EOF1,18.5,30.5,0.013556265272200108,99.758
EOF1,18.5,31.0,0.013558370992541313,99.758
EOF1,18.5,31.5,0.013557549566030502,99.758
EOF1,18.5,32.0,0.013555612415075302,99.758
EOF1,18.5,32.5,0.013555539771914482,99.758
EOF1,18.5,33.0,0.013552217744290829,99.758
EOF1,18.5,33.5,0.013546794652938843,99.758
EOF1,18.5,34.0,0.013547109439969063,99.758
EOF1,18.5,34.5,0.013551364652812481,99.758
EOF1,19.0,0.5,0.01353830099105835,99.758
EOF1,19.0,1.0,0.013532320968806744,99.758
EOF1,19.0,1.5,0.013524113222956657,99.758
EOF1,19.0,2.0,0.013524536974728107,99.758
EOF1,19.0,2.5,0.013539579696953297,99.758
EOF1,19.0,3.0,0.013540390878915787,99.758
EOF1,19.0,3.5,0.01353522576391697,99.758
EOF1,19.0,4.0,0.013532740995287895,99.758
EOF1,19.0,4.5,0.01353631541132927,99.758
EOF1,19.0,5.0,0.013538796454668045,99.758
EOF1,19.0,5.5,0.013540118932723999,99.758
EOF1,19.0,6.0,0.0135381193831563,99.758
EOF1,19.0,6.5,0.013541802763938904,99.758
EOF1,19.0,7.0,0.013541179709136486,99.758
EOF1,19.0,7.5,0.013535622507333755,99.758
EOF1,19.0,8.0,0.013544870540499687,99.758
EOF1,19.0,8.5,0.013539720326662064,99.758
EOF1,19.0,9.0,0.01352095790207386,99.758
EOF1,19.0,9.5,0.013522271998226643,99.758
EOF1,19.0,10.0,0.013521597720682621,99.758
EOF1,19.0,10.5,0.013506033457815647,99.758
EOF1,19.0,11.0,0.013477685861289501,99.758
EOF1,19.0,11.5,0.013463834300637245,99.758
EOF1,19.0,12.0,0.013469433411955833,99.758
EOF1,19.0,12.5,0.013470490463078022,99.758
EOF1,19.0,13.0,0.013467768207192421,99.758
EOF1,19.0,13.5,0.013459017500281334,99.758
EOF1,19.0,14.0,0.01351817138493061,99.758
EOF1,19.0,14.5,0.013531288132071495,99.758
EOF1,19.0,15.0,0.013499575667083263,99.758
EOF1,19.0,15.5,0.013513728976249695,99.758
EOF1,19.0,16.0,0.013520244508981705,99.758
EOF1,19.0,16.5,0.013518466614186764,99.758
EOF1,19.0,17.0,0.01351798977702856,99.758
EOF1,19.0,17.5,0.013529783114790916,99.758
EOF1,19.0,18.0,0.013543355278670788,99.758
EOF1,19.0,18.5,0.013544397428631783,99.758
EOF1,19.0,19.0,0.013539303094148636,99.758
EOF1,19.0,19.5,0.013536496087908745,99.758
EOF1,19.0,20.0,0.013530341908335686,99.758
EOF1,19.0,20.5,0.013528772629797459,99.758
EOF1,19.0,21.0,0.013521592132747173,99.758
EOF1,19.0,21.5,0.013538049533963203,99.758
EOF1,19.0,22.0,0.013541613705456257,99.758
EOF1,19.0,22.5,0.013534126803278923,99.758
EOF1,19.0,23.0,0.013533787801861763,99.758
EOF1,19.0,23.5,0.013534924015402794,99.758
EOF1,19.0,24.0,0.013534191064536572,99.758
EOF1,19.0,24.5,0.01353441458195448,99.758
EOF1,19.0,25.0,0.013538925908505917,99.758
EOF1,19.0,25.5,0.013540096580982208,99.758
EOF1,19.0,26.0,0.013539307750761509,99.758
EOF1,19.0,26.5,0.013539555482566357,99.758
EOF1,19.0,27.0,0.013541902415454388,99.758
EOF1,19.0,27.5,0.013543673790991306,99.758
EOF1,19.0,28.0,0.013545448891818523,99.758
EOF1,19.0,28.5,0.01354864239692688,99.758
EOF1,19.0,29.0,0.01355062983930111,99.758
EOF1,19.0,29.5,0.01355073880404234,99.758
EOF1,19.0,30.0,0.013548348098993301,99.758
EOF1,19.0,30.5,0.013552661053836346,99.758
EOF1,19.0,31.0,0.01355602778494358,99.758
EOF1,19.0,31.5,0.013556423597037792,99.758
EOF1,19.0,32.0,0.013555480167269707,99.758
EOF1,19.0,32.5,0.013555875048041344,99.758
EOF1,19.0,33.0,0.013553046621382236,99.758
EOF1,19.0,33.5,0.013548248447477818,99.758
EOF1,19.0,34.0,0.013547435402870178,99.758
EOF1,19.0,34.5,0.013550509698688984,99.758
EOF1,19.5,0.5,0.013504592701792717,99.758
EOF1,19.5,1.0,0.013492293655872345,99.758
EOF1,19.5,1.5,0.013474971987307072,99.758
EOF1,19.5,2.0,0.013472519814968109,99.758
EOF1,19.5,2.5,0.013511598110198975,99.758
EOF1,19.5,3.0,0.01353673916310072,99.758
EOF1,19.5,3.5,0.013530348427593708,99.758
EOF1,19.5,4.0,0.013527396135032177,99.758
EOF1,19.5,4.5,0.01353126484900713,99.758
EOF1,19.5,5.0,0.01353209838271141,99.758
EOF1,19.5,5.5,0.013530638068914413,99.758
EOF1,19.5,6.0,0.013528828509151936,99.758
EOF1,19.5,6.5,0.01352577656507492,99.758
EOF1,19.5,7.0,0.01352622825652361,99.758
EOF1,19.5,7.5,0.013528533279895782,99.758
EOF1,19.5,8.0,0.013527187518775463,99.758
EOF1,19.5,8.5,0.013523746281862259,99.758
EOF1,19.5,9.0,0.013524585403501987,99.758
EOF1,19.5,9.5,0.013527327217161655,99.758
EOF1,19.5,10.0,0.013539621606469154,99.758
EOF1,19.5,10.5,0.013537826016545296,99.758
EOF1,19.5,11.0,0.013520628213882446,99.758
EOF1,19.5,11.5,0.013510121032595634,99.758
EOF1,19.5,12.0,0.013512409292161465,99.758
EOF1,19.5,12.5,0.013509387150406837,99.758
EOF1,19.5,13.0,0.013500861823558807,99.758
EOF1,19.5,13.5,0.01349733304232359,99.758
EOF1,19.5,14.0,0.013488510623574257,99.758
EOF1,19.5,14.5,0.01351097784936428,99.758
EOF1,19.5,15.0,0.013534050434827805,99.758
EOF1,19.5,15.5,0.013535095378756523,99.758
EOF1,19.5,16.0,0.013538738712668419,99.758
EOF1,19.5,16.5,0.013546041212975979,99.758
EOF1,19.5,17.0,0.01354715134948492,99.758
EOF1,19.5,17.5,0.013547793962061405,99.758
EOF1,19.5,18.0,0.013546721078455448,99.758
EOF1,19.5,18.5,0.013550872914493084,99.758
EOF1,19.5,19.0,0.013544558547437191,99.758
EOF1,19.5,19.5,0.013535703532397747,99.758
EOF1,19.5,20.0,0.013539517298340797,99.758
EOF1,19.5,20.5,0.013539433479309082,99.758
EOF1,19.5,21.0,0.013539062812924385,99.758
EOF1,19.5,21.5,0.013530678115785122,99.758
EOF1,19.5,22.0,0.013527785427868366,99.758
EOF1,19.5,22.5,0.013528352603316307,99.758
EOF1,19.5,23.0,0.013531496748328209,99.758
EOF1,19.5,23.5,0.013530462048947811,99.758
EOF1,19.5,24.0,0.013529102317988873,99.758
EOF1,19.5,24.5,0.01353023387491703,99.758
EOF1,19.5,25.0,0.01353834941983223,99.758
EOF1,19.5,25.5,0.013542640022933483,99.758
EOF1,19.5,26.0,0.013543767854571342,99.758
EOF1,19.5,26.5,0.013544316403567791,99.758
EOF1,19.5,27.0,0.01354537345468998,99.758
EOF1,19.5,27.5,0.013546479865908623,99.758
EOF1,19.5,28.0,0.01354680210351944,99.758
EOF1,19.5,28.5,0.01354779303073883,99.758
EOF1,19.5,29.0,0.013547728769481182,99.758
EOF1,19.5,29.5,0.013545784167945385,99.758
EOF1,19.5,30.0,0.013541018590331078,99.758
EOF1,19.5,30.5,0.013547486625611782,99.758
EOF1,19.5,31.0,0.013551721349358559,99.758
EOF1,19.5,31.5,0.013555007986724377,99.758
EOF1,19.5,32.0,0.013556191697716713,99.758
EOF1,19.5,32.5,0.013555331155657768,99.758
EOF1,19.5,33.0,0.013554827310144901,99.758
EOF1,19.5,33.5,0.013549849390983582,99.758
EOF1,19.5,34.0,0.013548835180699825,99.758
EOF1,19.5,34.5,0.013552797958254814,99.758
EOF1,20.0,0.5,0.013433380983769894,99.758
EOF1,20.0,1.0,0.013409668579697609,99.758
EOF1,20.0,1.5,0.013384216465055943,99.758
EOF1,20.0,2.0,0.01338029932230711,99.758
EOF1,20.0,2.5,0.013435596600174904,99.758
EOF1,20.0,3.0,0.013477733358740807,99.758
EOF1,20.0,3.5,0.013506860472261906,99.758
EOF1,20.0,4.0,0.01351688802242279,99.758
EOF1,20.0,4.5,0.013516861014068127,99.758
EOF1,20.0,5.0,0.013514586724340916,99.758
EOF1,20.0,5.5,0.013509895652532578,99.758
EOF1,20.0,6.0,0.013508204370737076,99.758
EOF1,20.0,6.5,0.013506432995200157,99.758
EOF1,20.0,7.0,0.01350279152393341,99.758
EOF1,20.0,7.5,0.013497388921678066,99.758
EOF1,20.0,8.0,0.013505339622497559,99.758
EOF1,20.0,8.5,0.013508639298379421,99.758
EOF1,20.0,9.0,0.013507282361388206,99.758
EOF1,20.0,9.5,0.013511343859136105,99.758
EOF1,20.0,10.0,0.013535195030272007,99.758
EOF1,20.0,10.5,0.013545670546591282,99.758
EOF1,20.0,11.0,0.01354270800948143,99.758
EOF1,20.0,11.5,0.013536266051232815,99.758
EOF1,20.0,12.0,0.013531967997550964,99.758
EOF1,20.0,12.5,0.013522153720259666,99.758
EOF1,20.0,13.0,0.013506953604519367,99.758
EOF1,20.0,13.5,0.013507968746125698,99.758
EOF1,20.0,14.0,0.0135084493085742,99.758
EOF1,20.0,14.5,0.013499237596988678,99.758
EOF1,20.0,15.0,0.013478836044669151,99.758
EOF1,20.0,15.5,0.013508197851479053,99.758
EOF1,20.0,16.0,0.013528304174542427,99.758
EOF1,20.0,16.5,0.013539777137339115,99.758
EOF1,20.0,17.0,0.013543205335736275,99.758
EOF1,20.0,17.5,0.013541939668357372,99.758
EOF1,20.0,18.0,0.013538693077862263,99.758
EOF1,20.0,18.5,0.013533282093703747,99.758
EOF1,20.0,19.0,0.013531425036489964,99.758
EOF1,20.0,19.5,0.01353234238922596,99.758
EOF1,20.0,20.0,0.013529247604310513,99.758
EOF1,20.0,20.5,0.013521833345293999,99.758
EOF1,20.0,21.0,0.013529060408473015,99.758
EOF1,20.0,21.5,0.013532605022192001,99.758
EOF1,20.0,22.0,0.013526384718716145,99.758
EOF1,20.0,22.5,0.013511947356164455,99.758
EOF1,20.0,23.0,0.013519935309886932,99.758
EOF1,20.0,23.5,0.013523753732442856,99.758
EOF1,20.0,24.0,0.01352335698902607,99.758
EOF1,20.0,24.5,0.013523728586733341,99.758
EOF1,20.0,25.0,0.013534562662243843,99.758
EOF1,20.0,25.5,0.013541522435843945,99.758
EOF1,20.0,26.0,0.013544540852308273,99.758
EOF1,20.0,26.5,0.013544763438403606,99.758
EOF1,20.0,27.0,0.013544553890824318,99.758
EOF1,20.0,27.5,0.013543560169637203,99.758
EOF1,20.0,28.0,0.01354179996997118,99.758
EOF1,20.0,28.5,0.013542153872549534,99.758
EOF1,20.0,29.0,0.013540806248784065,99.758
EOF1,20.0,29.5,0.013536551035940647,99.758
EOF1,20.0,30.0,0.013529596850275993,99.758
EOF1,20.0,30.5,0.013538844883441925,99.758
EOF1,20.0,31.0,0.013545832596719265,99.758
EOF1,20.0,31.5,0.013550539501011372,99.758
EOF1,20.0,32.0,0.013553914614021778,99.758
EOF1,20.0,32.5,0.01355560589581728,99.758
EOF1,20.0,33.0,0.013551291078329086,99.758
EOF1,20.0,33.5,0.013541018590331078,99.758
EOF1,20.0,34.0,0.013539734296500683,99.758
EOF1,20.0,34.5,0.013548546470701694,99.758
EOF1,20.5,0.5,0.013460960239171982,99.758
EOF1,20.5,1.0,0.013441200368106365,99.758
EOF1,20.5,1.5,0.013455618172883987,99.758
EOF1,20.5,2.0,0.01348386611789465,99.758
EOF1,20.5,2.5,0.013518146239221096,99.758
EOF1,20.5,3.0,0.013539459556341171,99.758
EOF1,20.5,3.5,0.013512677513062954,99.758
EOF1,20.5,4.0,0.0134879807010293,99.758
EOF1,20.5,4.5,0.013476583175361156,99.758
EOF1,20.5,5.0,0.013479188084602356,99.758
EOF1,20.5,5.5,0.013479734770953655,99.758
EOF1,20.5,6.0,0.013479714281857014,99.758
EOF1,20.5,6.5,0.013478380627930164,99.758
EOF1,20.5,7.0,0.013501130975782871,99.758
EOF1,20.5,7.5,0.013521259650588036,99.758
EOF1,20.5,8.0,0.013517189770936966,99.758
EOF1,20.5,8.5,0.01351727731525898,99.758
EOF1,20.5,9.0,0.013519933447241783,99.758
EOF1,20.5,9.5,0.013525092042982578,99.758
EOF1,20.5,10.0,0.013541508466005325,99.758
EOF1,20.5,10.5,0.013544520363211632,99.758
EOF1,20.5,11.0,0.013547450304031372,99.758
EOF1,20.5,11.5,0.013549051247537136,99.758
EOF1,20.5,12.0,0.013549618422985077,99.758
EOF1,20.5,12.5,0.013543842360377312,99.758
EOF1,20.5,13.0,0.01353243924677372,99.758
EOF1,20.5,13.5,0.013530892319977283,99.758
EOF1,20.5,14.0,0.013534549623727798,99.758
EOF1,20.5,14.5,0.013537573628127575,99.758
EOF1,20.5,15.0,0.013531181961297989,99.758
EOF1,20.5,15.5,0.013543829321861267,99.758
EOF1,20.5,16.0,0.013548602350056171,99.758
EOF1,20.5,16.5,0.01355073507875204,99.758
EOF1,20.5,17.0,0.013552091084420681,99.758
EOF1,20.5,17.5,0.013550789095461369,99.758
EOF1,20.5,18.0,0.013547416776418686,99.758
EOF1,20.5,18.5,0.013543376699090004,99.758
EOF1,20.5,19.0,0.01353821437805891,99.758
EOF1,20.5,19.5,0.013532853685319424,99.758
EOF1,20.5,20.0,0.013533917255699635,99.758
EOF1,20.5,20.5,0.013531176373362541,99.758
EOF1,20.5,21.0,0.013528414070606232,99.758
EOF1,20.5,21.5,0.013526885770261288,99.758
EOF1,20.5,22.0,0.013528908602893353,99.758
EOF1,20.5,22.5,0.013521810062229633,99.758
EOF1,20.5,23.0,0.013525390066206455,99.758
EOF1,20.5,23.5,0.013524805195629597,99.758
EOF1,20.5,24.0,0.013529487885534763,99.758
EOF1,20.5,24.5,0.0135359400883317,99.758
EOF1,20.5,25.0,0.013542442582547665,99.758
EOF1,20.5,25.5,0.013544962741434574,99.758
EOF1,20.5,26.0,0.013543758541345596,99.758
EOF1,20.5,26.5,0.013543200679123402,99.758
EOF1,20.5,27.0,0.013547154143452644,99.758
EOF1,20.5,27.5,0.013547281734645367,99.758
EOF1,20.5,28.0,0.013546636328101158,99.758
EOF1,20.5,28.5,0.013545467518270016,99.758
EOF1,20.5,29.0,0.013541731052100658,99.758
EOF1,20.5,29.5,0.013540253974497318,99.758
EOF1,20.5,30.0,0.013541924767196178,99.758
EOF1,20.5,30.5,0.013549352996051311,99.758
EOF1,20.5,31.0,0.013554458506405354,99.758
EOF1,20.5,31.5,0.013553076423704624,99.758
EOF1,20.5,32.0,0.013551464304327965,99.758
EOF1,20.5,32.5,0.013554772362112999,99.758
EOF1,20.5,33.0,0.013552418909966946,99.758
EOF1,20.5,33.5,0.01354422140866518,99.758
EOF1,20.5,34.0,0.013542748987674713,99.758
EOF1,20.5,34.5,0.013549048453569412,99.758
EOF1,21.0,0.5,0.013487433083355427,99.758
EOF1,21.0,1.0,0.01350732147693634,99.758
EOF1,21.0,1.5,0.01352379284799099,99.758
EOF1,21.0,2.0,0.013539417646825314,99.758
EOF1,21.0,2.5,0.013540579937398434,99.758
EOF1,21.0,3.0,0.013513067737221718,99.758
EOF1,21.0,3.5,0.013468213379383087,99.758
EOF1,21.0,4.0,0.013434724882245064,99.758
EOF1,21.0,4.5,0.013423834927380085,99.758
EOF1,21.0,5.0,0.013410063460469246,99.758
EOF1,21.0,5.5,0.01340413372963667,99.758
EOF1,21.0,6.0,0.01340578030794859,99.758
EOF1,21.0,6.5,0.013484408147633076,99.758
EOF1,21.0,7.0,0.01352765318006277,99.758
EOF1,21.0,7.5,0.013533626683056355,99.758
EOF1,21.0,8.0,0.013532493263483047,99.758
EOF1,21.0,8.5,0.013528803363442421,99.758
EOF1,21.0,9.0,0.013522621244192123,99.758
EOF1,21.0,9.5,0.01352888997644186,99.758
EOF1,21.0,10.0,0.013538612984120846,99.758
EOF1,21.0,10.5,0.013544818386435509,99.758
EOF1,21.0,11.0,0.013549596071243286,99.758
EOF1,21.0,11.5,0.013552423566579819,99.758
EOF1,21.0,12.0,0.01355364266782999,99.758
EOF1,21.0,12.5,0.013553849421441555,99.758
EOF1,21.0,13.0,0.01354923564940691,99.758
EOF1,21.0,13.5,0.013547669164836407,99.758
EOF1,21.0,14.0,0.013548278249800205,99.758
EOF1,21.0,14.5,0.01354782935231924,99.758
EOF1,21.0,15.0,0.013550177216529846,99.758
EOF1,21.0,15.5,0.013550748117268085,99.758
EOF1,21.0,16.0,0.0135540422052145,99.758
EOF1,21.0,16.5,0.013556062243878841,99.758
EOF1,21.0,17.0,0.013556615449488163,99.758
EOF1,21.0,17.5,0.013556808233261108,99.758
EOF1,21.0,18.0,0.013554845936596394,99.758
EOF1,21.0,18.5,0.01354831364005804,99.758
EOF1,21.0,19.0,0.01354222185909748,99.758
EOF1,21.0,19.5,0.01353747770190239,99.758
EOF1,21.0,20.0,0.013529479503631592,99.758
EOF1,21.0,20.5,0.013524443842470646,99.758
EOF1,21.0,21.0,0.013527105562388897,99.758
EOF1,21.0,21.5,0.013527733273804188,99.758
EOF1,21.0,22.0,0.013524670153856277,99.758
EOF1,21.0,22.5,0.013523039408028126,99.758
EOF1,21.0,23.0,0.01352511253207922,99.758
EOF1,21.0,23.5,0.01353292353451252,99.758
EOF1,21.0,24.0,0.013538401573896408,99.758
EOF1,21.0,24.5,0.013542075641453266,99.758
EOF1,21.0,25.0,0.013546910136938095,99.758
EOF1,21.0,25.5,0.013541966676712036,99.758
EOF1,21.0,26.0,0.013523325324058533,99.758
EOF1,21.0,26.5,0.013521263375878334,99.758
EOF1,21.0,27.0,0.013538732193410397,99.758
EOF1,21.0,27.5,0.013547495938837528,99.758
EOF1,21.0,28.0,0.013548512943089008,99.758
EOF1,21.0,28.5,0.013545884750783443,99.758
EOF1,21.0,29.0,0.013547992333769798,99.758
EOF1,21.0,29.5,0.013548406772315502,99.758
EOF1,21.0,30.0,0.01354704238474369,99.758
EOF1,21.0,30.5,0.01355152390897274,99.758
EOF1,21.0,31.0,0.013550654985010624,99.758
EOF1,21.0,31.5,0.013547690585255623,99.758
EOF1,21.0,32.0,0.013546067290008068,99.758
EOF1,21.0,32.5,0.013549809344112873,99.758
EOF1,21.0,33.0,0.013547442853450775,99.758
EOF1,21.0,33.5,0.013539589941501617,99.758
EOF1,21.0,34.0,0.013537873513996601,99.758
EOF1,21.0,34.5,0.01354189682751894,99.758
EOF1,21.5,0.5,0.013494408689439297,99.758
EOF1,21.5,1.0,0.013512535952031612,99.758
EOF1,21.5,1.5,0.01352733839303255,99.758
EOF1,21.5,2.0,0.013540276326239109,99.758
EOF1,21.5,2.5,0.01353710051625967,99.758
EOF1,21.5,3.0,0.013505800627171993,99.758
EOF1,21.5,3.5,0.013457435183227062,99.758
EOF1,21.5,4.0,0.01342332549393177,99.758
EOF1,21.5,4.5,0.013414479792118073,99.758
EOF1,21.5,5.0,0.013402863405644894,99.758
EOF1,21.5,5.5,0.013391437940299511,99.758
EOF1,21.5,6.0,0.013421234674751759,99.758
EOF1,21.5,6.5,0.0134985176846385,99.758
EOF1,21.5,7.0,0.013539774343371391,99.758
EOF1,21.5,7.5,0.013543393462896347,99.758
EOF1,21.5,8.0,0.013540579937398434,99.758
EOF1,21.5,8.5,0.013538772240281105,99.758
EOF1,21.5,9.0,0.013534351252019405,99.758
EOF1,21.5,9.5,0.01353142224252224,99.758
EOF1,21.5,10.0,0.013538843020796776,99.758
EOF1,21.5,10.5,0.013544848188757896,99.758
EOF1,21.5,11.0,0.013549177907407284,99.758
EOF1,21.5,11.5,0.01355148758739233,99.758
EOF1,21.5,12.0,0.013552612625062466,99.758
EOF1,21.5,12.5,0.013552713207900524,99.758
EOF1,21.5,13.0,0.013552348129451275,99.758
EOF1,21.5,13.5,0.01355031132698059,99.758
EOF1,21.5,14.0,0.013551096431910992,99.758
EOF1,21.5,14.5,0.013550832867622375,99.758
EOF1,21.5,15.0,0.013549472205340862,99.758
EOF1,21.5,15.5,0.013553342781960964,99.758
EOF1,21.5,16.0,0.013556020334362984,99.758
EOF1,21.5,16.5,0.01355735119432211,99.758
EOF1,21.5,17.0,0.013558296486735344,99.758
EOF1,21.5,17.5,0.013558680191636086,99.758
EOF1,21.5,18.0,0.013555760495364666,99.758
EOF1,21.5,18.5,0.013548185117542744,99.758
EOF1,21.5,19.0,0.01354170311242342,99.758
EOF1,21.5,19.5,0.013537241145968437,99.758
EOF1,21.5,20.0,0.013529467396438122,99.758
EOF1,21.5,20.5,0.013518005609512329,99.758
EOF1,21.5,21.0,0.013518912717700005,99.758
EOF1,21.5,21.5,0.013521501794457436,99.758
EOF1,21.5,22.0,0.01352036651223898,99.758
EOF1,21.5,22.5,0.013517539016902447,99.758
EOF1,21.5,23.0,0.013520262204110622,99.758
EOF1,21.5,23.5,0.013528868556022644,99.758
EOF1,21.5,24.0,0.013535109348595142,99.758
EOF1,21.5,24.5,0.01354081742465496,99.758
EOF1,21.5,25.0,0.013541019521653652,99.758
EOF1,21.5,25.5,0.013526495546102524,99.758
EOF1,21.5,26.0,0.013507467694580555,99.758
EOF1,21.5,26.5,0.013519230298697948,99.758
EOF1,21.5,27.0,0.013536360114812851,99.758
EOF1,21.5,27.5,0.013544673100113869,99.758
EOF1,21.5,28.0,0.013547983951866627,99.758
EOF1,21.5,28.5,0.013548177666962147,99.758
EOF1,21.5,29.0,0.013550050556659698,99.758
EOF1,21.5,29.5,0.013550187461078167,99.758
EOF1,21.5,30.0,0.01354849524796009,99.758
EOF1,21.5,30.5,0.013546930626034737,99.758
EOF1,21.5,31.0,0.01354651153087616,99.758
EOF1,21.5,31.5,0.013543952256441116,99.758
EOF1,21.5,32.0,0.013542566448450089,99.758
EOF1,21.5,32.5,0.013546070083975792,99.758
EOF1,21.5,33.0,0.013543419539928436,99.758
EOF1,21.5,33.5,0.013532685115933418,99.758
EOF1,21.5,34.0,0.013523310422897339,99.758
EOF1,21.5,34.5,0.013526704162359238,99.758
EOF1,22.0,0.5,0.013501751236617565,99.758
EOF1,22.0,1.0,0.013478226028382778,99.758
EOF1,22.0,1.5,0.013486970216035843,99.758
EOF1,22.0,2.0,0.013505944982171059,99.758
EOF1,22.0,2.5,0.013521743938326836,99.758
EOF1,22.0,3.0,0.013528455048799515,99.758
EOF1,22.0,3.5,0.013490667566657066,99.758
EOF1,22.0,4.0,0.013463694602251053,99.758
EOF1,22.0,4.5,0.013458345085382462,99.758
EOF1,22.0,5.0,0.013460922986268997,99.758
EOF1,22.0,5.5,0.013453524559736252,99.758
EOF1,22.0,6.0,0.01347664836794138,99.758
EOF1,22.0,6.5,0.013504676520824432,99.758
EOF1,22.0,7.0,0.013536376878619194,99.758
EOF1,22.0,7.5,0.013549687340855598,99.758
EOF1,22.0,8.0,0.013549620285630226,99.758
EOF1,22.0,8.5,0.013546369969844818,99.758
EOF1,22.0,9.0,0.013542045839130878,99.758
EOF1,22.0,9.5,0.013539087027311325,99.758
EOF1,22.0,10.0,0.013544310815632343,99.758
EOF1,22.0,10.5,0.013548136688768864,99.758
EOF1,22.0,11.0,0.013550875708460808,99.758
EOF1,22.0,11.5,0.01355236116796732,99.758
EOF1,22.0,12.0,0.01355262752622366,99.758
EOF1,22.0,12.5,0.013552133925259113,99.758
EOF1,22.0,13.0,0.013551054522395134,99.758
EOF1,22.0,13.5,0.013548711314797401,99.758
EOF1,22.0,14.0,0.013545126654207706,99.758
EOF1,22.0,14.5,0.0135436300188303,99.758
EOF1,22.0,15.0,0.013544246554374695,99.758
EOF1,22.0,15.5,0.013547679409384727,99.758
EOF1,22.0,16.0,0.013551199808716774,99.758
EOF1,22.0,16.5,0.013554730452597141,99.758
EOF1,22.0,17.0,0.013556654565036297,99.758
EOF1,22.0,17.5,0.013556363061070442,99.758
EOF1,22.0,18.0,0.013554373756051064,99.758
EOF1,22.0,18.5,0.013547377660870552,99.758
EOF1,22.0,19.0,0.013541040010750294,99.758
EOF1,22.0,19.5,0.013536290265619755,99.758
EOF1,22.0,20.0,0.013526217080652714,99.758
EOF1,22.0,20.5,0.013512693345546722,99.758
EOF1,22.0,21.0,0.013512006029486656,99.758
EOF1,22.0,21.5,0.013513416051864624,99.758
EOF1,22.0,22.0,0.013513181358575821,99.758
EOF1,22.0,22.5,0.013510061427950859,99.758
EOF1,22.0,23.0,0.013511927798390388,99.758
EOF1,22.0,23.5,0.013511626981198788,99.758
EOF1,22.0,24.0,0.013518579304218292,99.758
EOF1,22.0,24.5,0.013527021743357182,99.758
EOF1,22.0,25.0,0.013526254333555698,99.758
EOF1,22.0,25.5,0.01352624036371708,99.758
EOF1,22.0,26.0,0.013528537936508656,99.758
EOF1,22.0,26.5,0.01353402342647314,99.758
EOF1,22.0,27.0,0.013536376878619194,99.758
EOF1,22.0,27.5,0.013542691245675087,99.758
EOF1,22.0,28.0,0.013546098954975605,99.758
EOF1,22.0,28.5,0.013546956703066826,99.758
EOF1,22.0,29.0,0.013546356000006199,99.758
EOF1,22.0,29.5,0.01354662049561739,99.758
EOF1,22.0,30.0,0.013547461479902267,99.758
EOF1,22.0,30.5,0.01354723796248436,99.758
EOF1,22.0,31.0,0.013545393012464046,99.758
EOF1,22.0,31.5,0.013543290086090565,99.758
EOF1,22.0,32.0,0.013542357832193375,99.758
EOF1,22.0,32.5,0.013544917106628418,99.758
EOF1,22.0,33.0,0.013535712845623493,99.758
EOF1,22.0,33.5,0.01351345144212246,99.758
EOF1,22.0,34.0,0.013500000350177288,99.758
EOF1,22.0,34.5,0.013503238558769226,99.758
EOF1,22.5,0.5,0.013504336588084698,99.758
EOF1,22.5,1.0,0.01348746195435524,99.758
EOF1,22.5,1.5,0.013465417549014091,99.758
EOF1,22.5,2.0,0.013452737592160702,99.758
EOF1,22.5,2.5,0.013474011793732643,99.758
EOF1,22.5,3.0,0.013486466370522976,99.758
EOF1,22.5,3.5,0.013490312732756138,99.758
EOF1,22.5,4.0,0.01349683292210102,99.758
EOF1,22.5,4.5,0.013506912626326084,99.758
EOF1,22.5,5.0,0.013508105650544167,99.758
EOF1,22.5,5.5,0.013498689979314804,99.758
EOF1,22.5,6.0,0.013514676131308079,99.758
EOF1,22.5,6.5,0.013533569872379303,99.758
EOF1,22.5,7.0,0.013542925007641315,99.758
EOF1,22.5,7.5,0.013542522676289082,99.758
EOF1,22.5,8.0,0.013546683825552464,99.758
EOF1,22.5,8.5,0.013547530397772789,99.758
EOF1,22.5,9.0,0.013545095920562744,99.758
EOF1,22.5,9.5,0.013542305678129196,99.758
EOF1,22.5,10.0,0.013546404428780079,99.758
EOF1,22.5,10.5,0.013549433089792728,99.758
EOF1,22.5,11.0,0.013551346957683563,99.758
EOF1,22.5,11.5,0.013551538810133934,99.758
EOF1,22.5,12.0,0.013550452888011932,99.758
EOF1,22.5,12.5,0.013548781163990498,99.758
EOF1,22.5,13.0,0.01354654598981142,99.758
EOF1,22.5,13.5,0.01354389451444149,99.758
EOF1,22.5,14.0,0.013540277257561684,99.758
EOF1,22.5,14.5,0.013535557314753532,99.758
EOF1,22.5,15.0,0.01352979987859726,99.758
EOF1,22.5,15.5,0.013536880724132061,99.758
EOF1,22.5,16.0,0.013542843982577324,99.758
EOF1,22.5,16.5,0.013547555543482304,99.758
EOF1,22.5,17.0,0.0135503513738513,99.758
EOF1,22.5,17.5,0.013549751602113247,99.758
EOF1,22.5,18.0,0.013547474518418312,99.758
EOF1,22.5,18.5,0.013543388806283474,99.758
EOF1,22.5,19.0,0.01353797409683466,99.758
EOF1,22.5,19.5,0.013530031777918339,99.758
EOF1,22.5,20.0,0.013518506661057472,99.758
EOF1,22.5,20.5,0.013503325171768665,99.758
EOF1,22.5,21.0,0.01350267045199871,99.758
EOF1,22.5,21.5,0.01350486185401678,99.758
EOF1,22.5,22.0,0.01350387092679739,99.758
EOF1,22.5,22.5,0.013499872758984566,99.758
EOF1,22.5,23.0,0.013503768481314182,99.758
EOF1,22.5,23.5,0.013505395501852036,99.758
EOF1,22.5,24.0,0.013504719361662865,99.758
EOF1,22.5,24.5,0.013504911214113235,99.758
EOF1,22.5,25.0,0.013512304984033108,99.758
EOF1,22.5,25.5,0.01351805031299591,99.758
EOF1,22.5,26.0,0.013522219844162464,99.758
EOF1,22.5,26.5,0.013528122566640377,99.758
EOF1,22.5,27.0,0.013534784317016602,99.758
EOF1,22.5,27.5,0.013538378290832043,99.758
EOF1,22.5,28.0,0.013539094477891922,99.758
EOF1,22.5,28.5,0.013540679588913918,99.758
EOF1,22.5,29.0,0.013541934080421925,99.758
EOF1,22.5,29.5,0.01354179810732603,99.758
EOF1,22.5,30.0,0.013540328480303288,99.758
EOF1,22.5,30.5,0.013542444445192814,99.758
EOF1,22.5,31.0,0.01354293618351221,99.758
EOF1,22.5,31.5,0.013541825115680695,99.758
EOF1,22.5,32.0,0.013540488667786121,99.758
EOF1,22.5,32.5,0.013534491881728172,99.758
EOF1,22.5,33.0,0.013516380451619625,99.758
EOF1,22.5,33.5,0.01348619069904089,99.758
EOF1,22.5,34.0,0.013478239066898823,99.758
EOF1,22.5,34.5,0.01349735353142023,99.758
EOF1,23.0,0.5,0.013446983881294727,99.758
EOF1,23.0,1.0,0.013423312455415726,99.758
EOF1,23.0,1.5,0.013422034680843353,99.758
EOF1,23.0,2.0,0.013431146740913391,99.758
EOF1,23.0,2.5,0.013446295633912086,99.758
EOF1,23.0,3.0,0.013453141786158085,99.758
EOF1,23.0,3.5,0.013469697907567024,99.758
EOF1,23.0,4.0,0.013494382612407207,99.758
EOF1,23.0,4.5,0.013519877567887306,99.758
EOF1,23.0,5.0,0.013525431044399738,99.758
EOF1,23.0,5.5,0.013521396555006504,99.758
EOF1,23.0,6.0,0.013534744270145893,99.758
EOF1,23.0,6.5,0.013548417016863823,99.758
EOF1,23.0,7.0,0.013552006334066391,99.758
EOF1,23.0,7.5,0.01355041190981865,99.758
EOF1,23.0,8.0,0.013552870601415634,99.758
EOF1,23.0,8.5,0.013552118092775345,99.758
EOF1,23.0,9.0,0.013548430986702442,99.758
EOF1,23.0,9.5,0.013543493114411831,99.758
EOF1,23.0,10.0,0.013545732945203781,99.758
EOF1,23.0,10.5,0.013548335991799831,99.758
EOF1,23.0,11.0,0.013550340197980404,99.758
EOF1,23.0,11.5,0.013549139723181725,99.758
EOF1,23.0,12.0,0.013544834218919277,99.758
EOF1,23.0,12.5,0.013543376699090004,99.758
EOF1,23.0,13.0,0.013541359454393387,99.758
EOF1,23.0,13.5,0.013537507504224777,99.758
EOF1,23.0,14.0,0.013532171957194805,99.758
EOF1,23.0,14.5,0.013527399860322475,99.758
EOF1,23.0,15.0,0.013523603789508343,99.758
EOF1,23.0,15.5,0.01353346835821867,99.758
EOF1,23.0,16.0,0.013540812768042088,99.758
EOF1,23.0,16.5,0.013546052388846874,99.758
EOF1,23.0,17.0,0.013549896888434887,99.758
EOF1,23.0,17.5,0.013551685027778149,99.758
EOF1,23.0,18.0,0.013549953699111938,99.758
EOF1,23.0,18.5,0.01354592852294445,99.758
EOF1,23.0,19.0,0.013541288673877716,99.758
EOF1,23.0,19.5,0.01353488676249981,99.758
EOF1,23.0,20.0,0.013526184484362602,99.758
EOF1,23.0,20.5,0.013517314568161964,99.758
EOF1,23.0,21.0,0.013506950810551643,99.758
EOF1,23.0,21.5,0.013498864136636257,99.758
EOF1,23.0,22.0,0.013499858789145947,99.758
EOF1,23.0,22.5,0.013497631996870041,99.758
EOF1,23.0,23.0,0.013499942608177662,99.758
EOF1,23.0,23.5,0.013499874621629715,99.758
EOF1,23.0,24.0,0.0135011812672019,99.758
EOF1,23.0,24.5,0.01350307185202837,99.758
EOF1,23.0,25.0,0.013504899106919765,99.758
EOF1,23.0,25.5,0.013510474003851414,99.758
EOF1,23.0,26.0,0.013516072183847427,99.758
EOF1,23.0,26.5,0.01351844146847725,99.758
EOF1,23.0,27.0,0.013518323190510273,99.758
EOF1,23.0,27.5,0.013526814058423042,99.758
EOF1,23.0,28.0,0.013532205484807491,99.758
EOF1,23.0,28.5,0.013534682802855968,99.758
EOF1,23.0,29.0,0.013534198515117168,99.758
EOF1,23.0,29.5,0.013535299338400364,99.758
EOF1,23.0,30.0,0.013535021804273129,99.758
EOF1,23.0,30.5,0.013535873033106327,99.758
EOF1,23.0,31.0,0.01353511307388544,99.758
EOF1,23.0,31.5,0.013539140112698078,99.758
EOF1,23.0,32.0,0.013545927591621876,99.758
EOF1,23.0,32.5,0.013547527603805065,99.758
EOF1,23.0,33.0,0.013538016006350517,99.758
EOF1,23.0,33.5,0.013518101535737514,99.758
EOF1,23.0,34.0,0.013508298434317112,99.758
EOF1,23.0,34.5,0.013512739911675453,99.758
EOF1,23.5,0.5,0.013376661576330662,99.758
EOF1,23.5,1.0,0.013384494930505753,99.758
EOF1,23.5,1.5,0.0133898314088583,99.758
EOF1,23.5,2.0,0.013395889662206173,99.758
EOF1,23.5,2.5,0.013412750326097012,99.758
EOF1,23.5,3.0,0.013433161191642284,99.758
EOF1,23.5,3.5,0.013451035134494305,99.758
EOF1,23.5,4.0,0.013479269109666348,99.758
EOF1,23.5,4.5,0.01351072546094656,99.758
EOF1,23.5,5.0,0.013529489748179913,99.758
EOF1,23.5,5.5,0.013532919809222221,99.758
EOF1,23.5,6.0,0.013543625362217426,99.758
EOF1,23.5,6.5,0.013546429574489594,99.758
EOF1,23.5,7.0,0.013546926900744438,99.758
EOF1,23.5,7.5,0.013544966466724873,99.758
EOF1,23.5,8.0,0.013547138310968876,99.758
EOF1,23.5,8.5,0.013549148105084896,99.758
EOF1,23.5,9.0,0.013546554371714592,99.758
EOF1,23.5,9.5,0.013542366214096546,99.758
EOF1,23.5,10.0,0.013545088469982147,99.758
EOF1,23.5,10.5,0.013546563684940338,99.758
EOF1,23.5,11.0,0.013547209091484547,99.758
EOF1,23.5,11.5,0.013546054251492023,99.758
EOF1,23.5,12.0,0.013541762717068195,99.758
EOF1,23.5,12.5,0.013536418788135052,99.758
EOF1,23.5,13.0,0.013532420620322227,99.758
EOF1,23.5,13.5,0.013527330942451954,99.758
EOF1,23.5,14.0,0.013523731380701065,99.758
EOF1,23.5,14.5,0.013519471511244774,99.758
EOF1,23.5,15.0,0.013514651916921139,99.758
EOF1,23.5,15.5,0.013525856658816338,99.758
EOF1,23.5,16.0,0.013535358011722565,99.758
EOF1,23.5,16.5,0.01354292593896389,99.758
EOF1,23.5,17.0,0.013547247275710106,99.758
EOF1,23.5,17.5,0.01354940701276064,99.758
EOF1,23.5,18.0,0.013549701310694218,99.758
EOF1,23.5,18.5,0.013547543436288834,99.758
EOF1,23.5,19.0,0.013543586246669292,99.758
EOF1,23.5,19.5,0.01354101300239563,99.758
EOF1,23.5,20.0,0.013536198064684868,99.758
EOF1,23.5,20.5,0.013528075069189072,99.758
EOF1,23.5,21.0,0.013518991880118847,99.758
EOF1,23.5,21.5,0.013508392497897148,99.758
EOF1,23.5,22.0,0.013495455496013165,99.758
EOF1,23.5,22.5,0.013491364195942879,99.758
EOF1,23.5,23.0,0.01349299494177103,99.758
EOF1,23.5,23.5,0.013496367260813713,99.758
EOF1,23.5,24.0,0.0134989432990551,99.758
EOF1,23.5,24.5,0.01350108627229929,99.758
EOF1,23.5,25.0,0.013503307476639748,99.758
EOF1,23.5,25.5,0.013504501432180405,99.758
EOF1,23.5,26.0,0.01350637897849083,99.758
EOF1,23.5,26.5,0.013510006479918957,99.758
EOF1,23.5,27.0,0.013510850258171558,99.758
EOF1,23.5,27.5,0.013511015102267265,99.758
EOF1,23.5,28.0,0.013515724800527096,99.758
EOF1,23.5,28.5,0.01352339331060648,99.758
EOF1,23.5,29.0,0.013526477850973606,99.758
EOF1,23.5,29.5,0.013524940237402916,99.758
EOF1,23.5,30.0,0.01352445874363184,99.758
EOF1,23.5,30.5,0.013526558876037598,99.758
EOF1,23.5,31.0,0.0135344872251153,99.758
EOF1,23.5,31.5,0.013540615327656269,99.758
EOF1,23.5,32.0,0.013547307811677456,99.758
EOF1,23.5,32.5,0.013548471964895725,99.758
EOF1,23.5,33.0,0.013531651347875595,99.758
EOF1,23.5,33.5,0.01350485347211361,99.758
EOF1,23.5,34.0,0.013492800295352936,99.758
EOF1,23.5,34.5,0.013501003384590149,99.758
EOF1,24.0,0.5,0.013344237580895424,99.758
EOF1,24.0,1.0,0.01335340179502964,99.758
EOF1,24.0,1.5,0.0133600402623415,99.758
EOF1,24.0,2.0,0.013369611464440823,99.758
EOF1,24.0,2.5,0.013392993248999119,99.758
EOF1,24.0,3.0,0.013413997367024422,99.758
EOF1,24.0,3.5,0.013431208208203316,99.758
EOF1,24.0,4.0,0.01345834881067276,99.758
EOF1,24.0,4.5,0.013493343256413937,99.758
EOF1,24.0,5.0,0.013515835627913475,99.758
EOF1,24.0,5.5,0.013525991700589657,99.758
EOF1,24.0,6.0,0.013531122356653214,99.758
EOF1,24.0,6.5,0.013532711192965508,99.758
EOF1,24.0,7.0,0.01353208813816309,99.758
EOF1,24.0,7.5,0.013529079966247082,99.758
EOF1,24.0,8.0,0.013537724502384663,99.758
EOF1,24.0,8.5,0.01354246772825718,99.758
EOF1,24.0,9.0,0.013542663305997849,99.758
EOF1,24.0,9.5,0.013540530577301979,99.758
EOF1,24.0,10.0,0.013542946428060532,99.758
EOF1,24.0,10.5,0.01354410219937563,99.758
EOF1,24.0,11.0,0.013544823043048382,99.758
EOF1,24.0,11.5,0.013546755537390709,99.758
EOF1,24.0,12.0,0.013543969951570034,99.758
EOF1,24.0,12.5,0.013539227657020092,99.758
EOF1,24.0,13.0,0.013533477671444416,99.758
EOF1,24.0,13.5,0.013529819436371326,99.758
EOF1,24.0,14.0,0.013526450842618942,99.758
EOF1,24.0,14.5,0.013522442430257797,99.758
EOF1,24.0,15.0,0.013521571643650532,99.758
EOF1,24.0,15.5,0.013531683944165707,99.758
EOF1,24.0,16.0,0.013540028594434261,99.758
EOF1,24.0,16.5,0.013546356000006199,99.758
EOF1,24.0,17.0,0.01354510523378849,99.758
EOF1,24.0,17.5,0.013546692207455635,99.758
EOF1,24.0,18.0,0.01354643888771534,99.758
EOF1,24.0,18.5,0.013544539920985699,99.758
EOF1,24.0,19.0,0.013545237481594086,99.758
EOF1,24.0,19.5,0.013544300571084023,99.758
EOF1,24.0,20.0,0.013540077023208141,99.758
EOF1,24.0,20.5,0.013532652519643307,99.758
EOF1,24.0,21.0,0.01352422870695591,99.758
EOF1,24.0,21.5,0.013514308258891106,99.758
EOF1,24.0,22.0,0.013502136804163456,99.758
EOF1,24.0,22.5,0.013497659005224705,99.758
EOF1,24.0,23.0,0.013494415208697319,99.758
EOF1,24.0,23.5,0.013498084619641304,99.758
EOF1,24.0,24.0,0.013500924222171307,99.758
EOF1,24.0,24.5,0.013498268090188503,99.758
EOF1,24.0,25.0,0.013490138575434685,99.758
EOF1,24.0,25.5,0.013492878526449203,99.758
EOF1,24.0,26.0,0.013494581915438175,99.758
EOF1,24.0,26.5,0.013495680876076221,99.758
EOF1,24.0,27.0,0.01349642314016819,99.758
EOF1,24.0,27.5,0.0134964594617486,99.758
EOF1,24.0,28.0,0.013509673066437244,99.758
EOF1,24.0,28.5,0.013522583059966564,99.758
EOF1,24.0,29.0,0.013527420349419117,99.758
EOF1,24.0,29.5,0.013527457602322102,99.758
EOF1,24.0,30.0,0.013524830341339111,99.758
EOF1,24.0,30.5,0.013533451594412327,99.758
EOF1,24.0,31.0,0.013540346175432205,99.758
EOF1,24.0,31.5,0.013545341789722443,99.758
EOF1,24.0,32.0,0.013548593036830425,99.758
EOF1,24.0,32.5,0.013548264279961586,99.758
EOF1,24.0,33.0,0.01352967694401741,99.758
EOF1,24.0,33.5,0.013498728163540363,99.758
EOF1,24.0,34.0,0.013487521559000015,99.758
EOF1,24.0,34.5,0.013499455526471138,99.758
EOF1,24.5,0.5,0.013365424238145351,99.758
EOF1,24.5,1.0,0.013333833776414394,99.758
EOF1,24.5,1.5,0.013333099894225597,99.758
EOF1,24.5,2.0,0.013346321880817413,99.758
EOF1,24.5,2.5,0.013369712978601456,99.758
EOF1,24.5,3.0,0.013389406725764275,99.758
EOF1,24.5,3.5,0.013403144665062428,99.758
EOF1,24.5,4.0,0.013430221006274223,99.758
EOF1,24.5,4.5,0.013466164469718933,99.758
EOF1,24.5,5.0,0.01348686870187521,99.758
EOF1,24.5,5.5,0.013501418754458427,99.758
EOF1,24.5,6.0,0.013511022552847862,99.758
EOF1,24.5,6.5,0.01351326983422041,99.758
EOF1,24.5,7.0,0.01351006980985403,99.758
EOF1,24.5,7.5,0.013505506329238415,99.758
EOF1,24.5,8.0,0.013516489416360855,99.758
EOF1,24.5,8.5,0.01352656725794077,99.758
EOF1,24.5,9.0,0.013532181270420551,99.758
EOF1,24.5,9.5,0.01353335753083229,99.758
EOF1,24.5,10.0,0.01353456825017929,99.758
EOF1,24.5,10.5,0.01353990938514471,99.758
EOF1,24.5,11.0,0.01354456227272749,99.758
EOF1,24.5,11.5,0.013547190465033054,99.758
EOF1,24.5,12.0,0.013546627014875412,99.758
EOF1,24.5,12.5,0.013542593456804752,99.758
EOF1,24.5,13.0,0.01353802066296339,99.758
EOF1,24.5,13.5,0.013535813428461552,99.758
EOF1,24.5,14.0,0.013535643927752972,99.758
EOF1,24.5,14.5,0.01353808306157589,99.758
EOF1,24.5,15.0,0.013536962680518627,99.758
EOF1,24.5,15.5,0.013543329201638699,99.758
EOF1,24.5,16.0,0.013544483110308647,99.758
EOF1,24.5,16.5,0.013540869578719139,99.758
EOF1,24.5,17.0,0.013537545688450336,99.758
EOF1,24.5,17.5,0.01353765930980444,99.758
EOF1,24.5,18.0,0.013536452315747738,99.758
EOF1,24.5,18.5,0.013521738350391388,99.758
EOF1,24.5,19.0,0.013525172136723995,99.758
EOF1,24.5,19.5,0.013542748056352139,99.758
EOF1,24.5,20.0,0.013540449552237988,99.758
EOF1,24.5,20.5,0.013533737510442734,99.758
EOF1,24.5,21.0,0.013525447808206081,99.758
EOF1,24.5,21.5,0.013518589548766613,99.758
EOF1,24.5,22.0,0.013516680337488651,99.758
EOF1,24.5,22.5,0.013508903793990612,99.758
EOF1,24.5,23.0,0.01350989006459713,99.758
EOF1,24.5,23.5,0.013503851369023323,99.758
EOF1,24.5,24.0,0.01350361481308937,99.758
EOF1,24.5,24.5,0.013502722606062889,99.758
EOF1,24.5,25.0,0.013487204909324646,99.758
EOF1,24.5,25.5,0.013464481569826603,99.758
EOF1,24.5,26.0,0.013468879275023937,99.758
EOF1,24.5,26.5,0.013470709323883057,99.758
EOF1,24.5,27.0,0.01347036100924015,99.758
EOF1,24.5,27.5,0.013502916321158409,99.758
EOF1,24.5,28.0,0.013526780530810356,99.758
EOF1,24.5,28.5,0.013537067919969559,99.758
EOF1,24.5,29.0,0.013539852574467659,99.758
EOF1,24.5,29.5,0.013539285399019718,99.758
EOF1,24.5,30.0,0.013537661172449589,99.758
EOF1,24.5,30.5,0.01354425773024559,99.758
EOF1,24.5,31.0,0.013547642156481743,99.758
EOF1,24.5,31.5,0.013547905720770359,99.758
EOF1,24.5,32.0,0.013549312017858028,99.758
EOF1,24.5,32.5,0.013546443544328213,99.758
EOF1,24.5,33.0,0.013532975688576698,99.758
EOF1,24.5,33.5,0.013511301949620247,99.758
EOF1,24.5,34.0,0.013500602915883064,99.758
EOF1,24.5,34.5,0.013506214134395123,99.758
EOF2,-14.5,0.5,-0.01660900004208088,0.112
EOF2,-14.5,1.0,-0.016622211784124374,0.112
EOF2,-14.5,1.5,-0.016137083992362022,0.112
EOF2,-14.5,2.0,-0.015709826722741127,0.112
EOF2,-14.5,2.5,-0.015956319868564606,0.112
EOF2,-14.5,3.0,-0.0165031086653471,0.112
EOF2,-14.5,3.5,-0.01714862883090973,0.112
EOF2,-14.5,4.0,-0.01790313608944416,0.112
EOF2,-14.5,4.5,-0.01877271942794323,0.112
EOF2,-14.5,5.0,-0.0196024589240551,0.112
EOF2,-14.5,5.5,-0.02042972482740879,0.112
EOF2,-14.5,6.0,-0.020661484450101852,0.112
EOF2,-14.5,6.5,-0.020711461082100868,0.112
EOF2,-14.5,7.0,-0.021054478362202644,0.112
EOF2,-14.5,7.5,-0.021699316799640656,0.112
EOF2,-14.5,8.0,-0.02285052090883255,0.112
EOF2,-14.5,8.5,-0.02383395843207836,0.112
EOF2,-14.5,9.0,-0.02466411516070366,0.112
EOF2,-14.5,9.5,-0.025410037487745285,0.112
EOF2,-14.5,10.0,-0.02593258209526539,0.112
EOF2,-14.5,10.5,-0.026442011818289757,0.112
EOF2,-14.5,11.0,-0.026946520432829857,0.112
EOF2,-14.5,11.5,-0.022535452619194984,0.112
EOF2,-14.5,12.0,-0.014161629602313042,0.112
EOF2,-14.5,12.5,-0.006459122523665428,0.112
EOF2,-14.5,13.0,0.0004413485585246235,0.112
EOF2,-14.5,13.5,0.0027419538237154484,0.112
EOF2,-14.5,14.0,0.003606313606724143,0.112
EOF2,-14.5,14.5,0.004139657132327557,0.112
EOF2,-14.5,15.0,0.004363232292234898,0.112
EOF2,-14.5,15.5,0.0033196706790477037,0.112
EOF2,-14.5,16.0,0.002624396700412035,0.112
EOF2,-14.5,16.5,0.0022567466367036104,0.112
EOF2,-14.5,17.0,0.00254086428321898,0.112
EOF2,-14.5,17.5,0.004734949208796024,0.112
EOF2,-14.5,18.0,0.006094703916460276,0.112
EOF2,-14.5,18.5,0.007178871426731348,0.112
EOF2,-14.5,19.0,0.008007233031094074,0.112
EOF2,-14.5,19.5,0.008583702147006989,0.112
EOF2,-14.5,20.0,0.009134610183537006,0.112
EOF2,-14.5,20.5,0.009615919552743435,0.112
EOF2,-14.5,21.0,0.010149994865059853,0.112
EOF2,-14.5,21.5,0.010730474255979061,0.112
EOF2,-14.5,22.0,0.0113900788128376,0.112
EOF2,-14.5,22.5,0.012048543430864811,0.112
EOF2,-14.5,23.0,0.011645079590380192,0.112
EOF2,-14.5,23.5,0.011232711374759674,0.112
EOF2,-14.5,24.0,0.011368336156010628,0.112
EOF2,-14.5,24.5,0.01170097291469574,0.112
EOF2,-14.5,25.0,0.012058489955961704,0.112
EOF2,-14.5,25.5,0.012414067052304745,0.112
EOF2,-14.5,26.0,0.012772230431437492,0.112
EOF2,-14.5,26.5,0.012687637470662594,0.112
EOF2,-14.5,27.0,0.012155425734817982,0.112
EOF2,-14.5,27.5,0.011631142348051071,0.112
EOF2,-14.5,28.0,0.011132299900054932,0.112
EOF2,-14.5,28.5,0.010086936876177788,0.112
EOF2,-14.5,29.0,0.008858304470777512,0.112
EOF2,-14.5,29.5,0.0076368991285562515,0.112
EOF2,-14.5,30.0,0.006422839127480984,0.112
EOF2,-14.5,30.5,0.006189029663801193,0.112
EOF2,-14.5,31.0,0.005592091474682093,0.112
EOF2,-14.5,31.5,0.004633596632629633,0.112
EOF2,-14.5,32.0,0.003854866838082671,0.112
EOF2,-14.5,32.5,0.003613807959482074,0.112
EOF2,-14.5,33.0,0.0033720103092491627,0.112
EOF2,-14.5,33.5,0.0031834400724619627,0.112
EOF2,-14.5,34.0,0.001931883511133492,0.112
EOF2,-14.5,34.5,-0.0003418304258957505,0.112
EOF2,-14.0,0.5,-0.017039792612195015,0.112
EOF2,-14.0,1.0,-0.01638646610081196,0.112
EOF2,-14.0,1.5,-0.01573880948126316,0.112
EOF2,-14.0,2.0,-0.015319444239139557,0.112
EOF2,-14.0,2.5,-0.015564258210361004,0.112
EOF2,-14.0,3.0,-0.0158073753118515,0.112
EOF2,-14.0,3.5,-0.01615237444639206,0.112
EOF2,-14.0,4.0,-0.01690797507762909,0.112
EOF2,-14.0,4.5,-0.01777440309524536,0.112
EOF2,-14.0,5.0,-0.018643690273165703,0.112
EOF2,-14.0,5.5,-0.019483238458633423,0.112
EOF2,-14.0,6.0,-0.01972895860671997,0.112
EOF2,-14.0,6.5,-0.02037932351231575,0.112
EOF2,-14.0,7.0,-0.021026359871029854,0.112
EOF2,-14.0,7.5,-0.021665731444954872,0.112
EOF2,-14.0,8.0,-0.022811902686953545,0.112
EOF2,-14.0,8.5,-0.02394723705947399,0.112
EOF2,-14.0,9.0,-0.02506597340106964,0.112
EOF2,-14.0,9.5,-0.025807032361626625,0.112
EOF2,-14.0,10.0,-0.026334095746278763,0.112
EOF2,-14.0,10.5,-0.026847027242183685,0.112
EOF2,-14.0,11.0,-0.027358056977391243,0.112
EOF2,-14.0,11.5,-0.022887097671628,0.112
EOF2,-14.0,12.0,-0.014420390129089355,0.112
EOF2,-14.0,12.5,-0.007036860566586256,0.112
EOF2,-14.0,13.0,-0.00034419348230585456,0.112
EOF2,-14.0,13.5,0.001972342375665903,0.112
EOF2,-14.0,14.0,0.002275768667459488,0.112
EOF2,-14.0,14.5,0.002560501918196678,0.112
EOF2,-14.0,15.0,0.0028242492116987705,0.112
EOF2,-14.0,15.5,0.0018073057290166616,0.112
EOF2,-14.0,16.0,0.000822709989733994,0.112
EOF2,-14.0,16.5,-0.00012628656986635178,0.112
EOF2,-14.0,17.0,0.00018981444009114057,0.112
EOF2,-14.0,17.5,0.002409177366644144,0.112
EOF2,-14.0,18.0,0.004595005884766579,0.112
EOF2,-14.0,18.5,0.006483052391558886,0.112
EOF2,-14.0,19.0,0.007310008630156517,0.112
EOF2,-14.0,19.5,0.007824495434761047,0.112
EOF2,-14.0,20.0,0.00831419788300991,0.112
EOF2,-14.0,20.5,0.00879684928804636,0.112
EOF2,-14.0,21.0,0.009328274056315422,0.112
EOF2,-14.0,21.5,0.009877652861177921,0.112
EOF2,-14.0,22.0,0.01043917890638113,0.112
EOF2,-14.0,22.5,0.011066265404224396,0.112
EOF2,-14.0,23.0,0.01084326021373272,0.112
EOF2,-14.0,23.5,0.011159886606037617,0.112
EOF2,-14.0,24.0,0.011478499509394169,0.112
EOF2,-14.0,24.5,0.011810990050435066,0.112
EOF2,-14.0,25.0,0.012166650965809822,0.112
EOF2,-14.0,25.5,0.01252620480954647,0.112
EOF2,-14.0,26.0,0.01288682036101818,0.112
EOF2,-14.0,26.5,0.012798775918781757,0.112
EOF2,-14.0,27.0,0.012294089421629906,0.112
EOF2,-14.0,27.5,0.01180118415504694,0.112
EOF2,-14.0,28.0,0.011308446526527405,0.112
EOF2,-14.0,28.5,0.010272389277815819,0.112
EOF2,-14.0,29.0,0.009068584069609642,0.112
EOF2,-14.0,29.5,0.007862120866775513,0.112
EOF2,-14.0,30.0,0.006656873971223831,0.112
EOF2,-14.0,30.5,0.006425596307963133,0.112
EOF2,-14.0,31.0,0.006197413429617882,0.112
EOF2,-14.0,31.5,0.005962216295301914,0.112
EOF2,-14.0,32.0,0.0051885307766497135,0.112
EOF2,-14.0,32.5,0.004997198469936848,0.112
EOF2,-14.0,33.0,0.004847055766731501,0.112
EOF2,-14.0,33.5,0.004692079499363899,0.112
EOF2,-14.0,34.0,0.0034121721982955933,0.112
EOF2,-14.0,34.5,0.0010380437597632408,0.112
EOF2,-13.5,0.5,-0.017124177888035774,0.112
EOF2,-13.5,1.0,-0.01647721603512764,0.112
EOF2,-13.5,1.5,-0.015837930142879486,0.112
EOF2,-13.5,2.0,-0.01560384314507246,0.112
EOF2,-13.5,2.5,-0.015759142115712166,0.112
EOF2,-13.5,3.0,-0.016001775860786438,0.112
EOF2,-13.5,3.5,-0.016242744401097298,0.112
EOF2,-13.5,4.0,-0.016621937975287437,0.112
EOF2,-13.5,4.5,-0.017401209101080894,0.112
EOF2,-13.5,5.0,-0.018263796344399452,0.112
EOF2,-13.5,5.5,-0.01911912113428116,0.112
EOF2,-13.5,6.0,-0.019824810326099396,0.112
EOF2,-13.5,6.5,-0.020474594086408615,0.112
EOF2,-13.5,7.0,-0.021119244396686554,0.112
EOF2,-13.5,7.5,-0.02182825095951557,0.112
EOF2,-13.5,8.0,-0.02297627553343773,0.112
EOF2,-13.5,8.5,-0.024105621501803398,0.112
EOF2,-13.5,9.0,-0.0252213291823864,0.112
EOF2,-13.5,9.5,-0.02624298818409443,0.112
EOF2,-13.5,10.0,-0.026940375566482544,0.112
EOF2,-13.5,10.5,-0.027453159913420677,0.112
EOF2,-13.5,11.0,-0.027958834543824196,0.112
EOF2,-13.5,11.5,-0.02343413047492504,0.112
EOF2,-13.5,12.0,-0.014873315580189228,0.112
EOF2,-13.5,12.5,-0.007415860891342163,0.112
EOF2,-13.5,13.0,-0.002365762833505869,0.112
EOF2,-13.5,13.5,0.0004680590645875782,0.112
EOF2,-13.5,14.0,0.0008251905092038214,0.112
EOF2,-13.5,14.5,0.0011518164537847042,0.112
EOF2,-13.5,15.0,0.0014561994466930628,0.112
EOF2,-13.5,15.5,0.0004526489065028727,0.112
EOF2,-13.5,16.0,-0.0005206039058975875,0.112
EOF2,-13.5,16.5,-0.001432799152098596,0.112
EOF2,-13.5,17.0,8.074061042862013e-05,0.112
EOF2,-13.5,17.5,0.0008199280709959567,0.112
EOF2,-13.5,18.0,0.003024605568498373,0.112
EOF2,-13.5,18.5,0.005197671242058277,0.112
EOF2,-13.5,19.0,0.0065194787457585335,0.112
EOF2,-13.5,19.5,0.007016951218247414,0.112
EOF2,-13.5,20.0,0.0075082797557115555,0.112
EOF2,-13.5,20.5,0.00804438628256321,0.112
EOF2,-13.5,21.0,0.00859843660145998,0.112
EOF2,-13.5,21.5,0.009148458018898964,0.112
EOF2,-13.5,22.0,0.00970260240137577,0.112
EOF2,-13.5,22.5,0.01104458887130022,0.112
EOF2,-13.5,23.0,0.010108881630003452,0.112
EOF2,-13.5,23.5,0.01042109727859497,0.112
EOF2,-13.5,24.0,0.010738505981862545,0.112
EOF2,-13.5,24.5,0.011067449115216732,0.112
EOF2,-13.5,25.0,0.011415733955800533,0.112
EOF2,-13.5,25.5,0.011775861494243145,0.112
EOF2,-13.5,26.0,0.012025037780404091,0.112
EOF2,-13.5,26.5,0.011866167187690735,0.112
EOF2,-13.5,27.0,0.01143707800656557,0.112
EOF2,-13.5,27.5,0.01094440370798111,0.112
EOF2,-13.5,28.0,0.01045652013272047,0.112
EOF2,-13.5,28.5,0.01006895862519741,0.112
EOF2,-13.5,29.0,0.008875102736055851,0.112
EOF2,-13.5,29.5,0.00767220463603735,0.112
EOF2,-13.5,30.0,0.0064736418426036835,0.112
EOF2,-13.5,30.5,0.006435510236769915,0.112
EOF2,-13.5,31.0,0.006203607190400362,0.112
EOF2,-13.5,31.5,0.0059767900966107845,0.112
EOF2,-13.5,32.0,0.005771206691861153,0.112
EOF2,-13.5,32.5,0.005639688111841679,0.112
EOF2,-13.5,33.0,0.005506759975105524,0.112
EOF2,-13.5,33.5,0.005300247110426426,0.112
EOF2,-13.5,34.0,0.003865513252094388,0.112
EOF2,-13.5,34.5,0.001425358117558062,0.112
EOF2,-13.0,0.5,-0.017690444365143776,0.112
EOF2,-13.0,1.0,-0.017202699556946754,0.112
EOF2,-13.0,1.5,-0.016865497455000877,0.112
EOF2,-13.0,2.0,-0.0166290532797575,0.112
EOF2,-13.0,2.5,-0.01670125685632229,0.112
EOF2,-13.0,3.0,-0.01677578128874302,0.112
EOF2,-13.0,3.5,-0.0170100349932909,0.112
EOF2,-13.0,4.0,-0.01738632842898369,0.112
EOF2,-13.0,4.5,-0.017895204946398735,0.112
EOF2,-13.0,5.0,-0.018497781828045845,0.112
EOF2,-13.0,5.5,-0.01935049705207348,0.112
EOF2,-13.0,6.0,-0.02005084604024887,0.112
EOF2,-13.0,6.5,-0.020725470036268234,0.112
EOF2,-13.0,7.0,-0.021458333358168602,0.112
EOF2,-13.0,7.5,-0.022185195237398148,0.112
EOF2,-13.0,8.0,-0.023326918482780457,0.112
EOF2,-13.0,8.5,-0.02444266527891159,0.112
EOF2,-13.0,9.0,-0.02552783116698265,0.112
EOF2,-13.0,9.5,-0.026546232402324677,0.112
EOF2,-13.0,10.0,-0.027412235736846924,0.112
EOF2,-13.0,10.5,-0.028262265026569366,0.112
EOF2,-13.0,11.0,-0.02876102551817894,0.112
EOF2,-13.0,11.5,-0.024177510291337967,0.112
EOF2,-13.0,12.0,-0.015546580776572227,0.112
EOF2,-13.0,12.5,-0.011455882340669632,0.112
EOF2,-13.0,13.0,-0.007668317761272192,0.112
EOF2,-13.0,13.5,-0.004443180747330189,0.112
EOF2,-13.0,14.0,-0.0016020762268453836,0.112
EOF2,-13.0,14.5,-0.00010096441837958992,0.112
EOF2,-13.0,15.0,0.000238230059039779,0.112
EOF2,-13.0,15.5,-0.0007536293123848736,0.112
EOF2,-13.0,16.0,-3.8171270716702566e-05,0.112
EOF2,-13.0,16.5,0.002311685588210821,0.112
EOF2,-13.0,17.0,0.0038183056749403477,0.112
EOF2,-13.0,17.5,0.0029931897297501564,0.112
EOF2,-13.0,18.0,0.0022114706225693226,0.112
EOF2,-13.0,18.5,0.004381443839520216,0.112
EOF2,-13.0,19.0,0.005714509170502424,0.112
EOF2,-13.0,19.5,0.006214518565684557,0.112
EOF2,-13.0,20.0,0.006804448552429676,0.112
EOF2,-13.0,20.5,0.007393668405711651,0.112
EOF2,-13.0,21.0,0.007952381856739521,0.112
EOF2,-13.0,21.5,0.008767835795879364,0.112
EOF2,-13.0,22.0,0.010386643931269646,0.112
EOF2,-13.0,22.5,0.011992760002613068,0.112
EOF2,-13.0,23.0,0.010640137828886509,0.112
EOF2,-13.0,23.5,0.009257575497031212,0.112
EOF2,-13.0,24.0,0.009142563678324223,0.112
EOF2,-13.0,24.5,0.009460643865168095,0.112
EOF2,-13.0,25.0,0.009808206930756569,0.112
EOF2,-13.0,25.5,0.009836945682764053,0.112
EOF2,-13.0,26.0,0.009759816341102123,0.112
EOF2,-13.0,26.5,0.009600518271327019,0.112
EOF2,-13.0,27.0,0.009360759519040585,0.112
EOF2,-13.0,27.5,0.009055433794856071,0.112
EOF2,-13.0,28.0,0.008572544902563095,0.112
EOF2,-13.0,28.5,0.008192535489797592,0.112
EOF2,-13.0,29.0,0.007846602238714695,0.112
EOF2,-13.0,29.5,0.007073236163705587,0.112
EOF2,-13.0,30.0,0.005872571375221014,0.112
EOF2,-13.0,30.5,0.005894398782402277,0.112
EOF2,-13.0,31.0,0.005919131450355053,0.112
EOF2,-13.0,31.5,0.00575286615639925,0.112
EOF2,-13.0,32.0,0.005544731859117746,0.112
EOF2,-13.0,32.5,0.005408329423516989,0.112
EOF2,-13.0,33.0,0.005086930468678474,0.112
EOF2,-13.0,33.5,0.004681281745433807,0.112
EOF2,-13.0,34.0,0.003205482615157962,0.112
EOF2,-13.0,34.5,0.0007150298333726823,0.112
EOF2,-12.5,0.5,-0.018555639311671257,0.112
EOF2,-12.5,1.0,-0.01821696199476719,0.112
EOF2,-12.5,1.5,-0.017879705876111984,0.112
EOF2,-12.5,2.0,-0.017644256353378296,0.112
EOF2,-12.5,2.5,-0.01771884597837925,0.112
EOF2,-12.5,3.0,-0.017788607627153397,0.112
EOF2,-12.5,3.5,-0.01785416528582573,0.112
EOF2,-12.5,4.0,-0.018144546076655388,0.112
EOF2,-12.5,4.5,-0.018652230501174927,0.112
EOF2,-12.5,5.0,-0.019166016951203346,0.112
EOF2,-12.5,5.5,-0.019673187285661697,0.112
EOF2,-12.5,6.0,-0.02034449577331543,0.112
EOF2,-12.5,6.5,-0.021079549565911293,0.112
EOF2,-12.5,7.0,-0.02181563712656498,0.112
EOF2,-12.5,7.5,-0.022540759295225143,0.112
EOF2,-12.5,8.0,-0.023656055331230164,0.112
EOF2,-12.5,8.5,-0.024750495329499245,0.112
EOF2,-12.5,9.0,-0.025832442566752434,0.112
EOF2,-12.5,9.5,-0.026843005791306496,0.112
EOF2,-12.5,10.0,-0.02770419605076313,0.112
EOF2,-12.5,10.5,-0.028556520119309425,0.112
EOF2,-12.5,11.0,-0.02939542382955551,0.112
EOF2,-12.5,11.5,-0.02718503773212433,0.112
EOF2,-12.5,12.0,-0.02227357029914856,0.112
EOF2,-12.5,12.5,-0.017729463055729866,0.112
EOF2,-12.5,13.0,-0.013513876125216484,0.112
EOF2,-12.5,13.5,-0.00985176395624876,0.112
EOF2,-12.5,14.0,-0.006604210007935762,0.112
EOF2,-12.5,14.5,-0.0036668621469289064,0.112
EOF2,-12.5,15.0,-0.001003545825369656,0.112
EOF2,-12.5,15.5,0.0014752940041944385,0.112
EOF2,-12.5,16.0,0.003888634731993079,0.112
EOF2,-12.5,16.5,0.006226884666830301,0.112
EOF2,-12.5,17.0,0.007701613008975983,0.112
EOF2,-12.5,17.5,0.00678508123382926,0.112
EOF2,-12.5,18.0,0.005900857970118523,0.112
EOF2,-12.5,18.5,0.005052484571933746,0.112
EOF2,-12.5,19.0,0.004951903596520424,0.112
EOF2,-12.5,19.5,0.005547260399907827,0.112
EOF2,-12.5,20.0,0.006140939891338348,0.112
EOF2,-12.5,20.5,0.006737964227795601,0.112
EOF2,-12.5,21.0,0.00809889193624258,0.112
EOF2,-12.5,21.5,0.009716920554637909,0.112
EOF2,-12.5,22.0,0.011335100047290325,0.112
EOF2,-12.5,22.5,0.012931807897984982,0.112
EOF2,-12.5,23.0,0.01158542837947607,0.112
EOF2,-12.5,23.5,0.01020992361009121,0.112
EOF2,-12.5,24.0,0.008815133012831211,0.112
EOF2,-12.5,24.5,0.007756230421364307,0.112
EOF2,-12.5,25.0,0.007670282851904631,0.112
EOF2,-12.5,25.5,0.007585315033793449,0.112
EOF2,-12.5,26.0,0.007495881523936987,0.112
EOF2,-12.5,26.5,0.007334817200899124,0.112
EOF2,-12.5,27.0,0.007096814922988415,0.112
EOF2,-12.5,27.5,0.006860052235424519,0.112
EOF2,-12.5,28.0,0.00662150839343667,0.112
EOF2,-12.5,28.5,0.006303740665316582,0.112
EOF2,-12.5,29.0,0.0059592342004179955,0.112
EOF2,-12.5,29.5,0.005620412528514862,0.112
EOF2,-12.5,30.0,0.005280610173940659,0.112
EOF2,-12.5,30.5,0.0052980235777795315,0.112
EOF2,-12.5,31.0,0.0053189462050795555,0.112
EOF2,-12.5,31.5,0.005341450683772564,0.112
EOF2,-12.5,32.0,0.005262826103717089,0.112
EOF2,-12.5,32.5,0.004883633926510811,0.112
EOF2,-12.5,33.0,0.004477269481867552,0.112
EOF2,-12.5,33.5,0.004039017017930746,0.112
EOF2,-12.5,34.0,0.002535266103222966,0.112
EOF2,-12.5,34.5,7.445542723871768e-05,0.112
EOF2,-12.0,0.5,-0.01989051327109337,0.112
EOF2,-12.0,1.0,-0.01996999979019165,0.112
EOF2,-12.0,1.5,-0.019630758091807365,0.112
EOF2,-12.0,2.0,-0.019354643300175667,0.112
EOF2,-12.0,2.5,-0.019260196015238762,0.112
EOF2,-12.0,3.0,-0.019286584109067917,0.112
EOF2,-12.0,3.5,-0.019351372495293617,0.112
EOF2,-12.0,4.0,-0.01963653974235058,0.112
EOF2,-12.0,4.5,-0.020144233480095863,0.112
EOF2,-12.0,5.0,-0.020481381565332413,0.112
EOF2,-12.0,5.5,-0.020322060212492943,0.112
EOF2,-12.0,6.0,-0.020645804703235626,0.112
EOF2,-12.0,6.5,-0.02119486592710018,0.112
EOF2,-12.0,7.0,-0.021924076601862907,0.112
EOF2,-12.0,7.5,-0.02264871448278427,0.112
EOF2,-12.0,8.0,-0.024058302864432335,0.112
EOF2,-12.0,8.5,-0.0253027081489563,0.112
EOF2,-12.0,9.0,-0.02637629397213459,0.112
EOF2,-12.0,9.5,-0.02738196589052677,0.112
EOF2,-12.0,10.0,-0.028240760788321495,0.112
EOF2,-12.0,10.5,-0.02908511459827423,0.112
EOF2,-12.0,11.0,-0.02977595664560795,0.112
EOF2,-12.0,11.5,-0.027914082631468773,0.112
EOF2,-12.0,12.0,-0.02365792728960514,0.112
EOF2,-12.0,12.5,-0.01892966963350773,0.112
EOF2,-12.0,13.0,-0.0145497377961874,0.112
EOF2,-12.0,13.5,-0.010736076161265373,0.112
EOF2,-12.0,14.0,-0.007364533841609955,0.112
EOF2,-12.0,14.5,-0.003947497345507145,0.112
EOF2,-12.0,15.0,-0.0005612098029814661,0.112
EOF2,-12.0,15.5,0.0028069992549717426,0.112
EOF2,-12.0,16.0,0.005655249115079641,0.112
EOF2,-12.0,16.5,0.0079859783872962,0.112
EOF2,-12.0,17.0,0.009445564821362495,0.112
EOF2,-12.0,17.5,0.008491385728120804,0.112
EOF2,-12.0,18.0,0.007573005743324757,0.112
EOF2,-12.0,18.5,0.006953309755772352,0.112
EOF2,-12.0,19.0,0.0066804662346839905,0.112
EOF2,-12.0,19.5,0.006743117701262236,0.112
EOF2,-12.0,20.0,0.007341346237808466,0.112
EOF2,-12.0,20.5,0.007942132651805878,0.112
EOF2,-12.0,21.0,0.009315187111496925,0.112
EOF2,-12.0,21.5,0.01094846986234188,0.112
EOF2,-12.0,22.0,0.0118623748421669,0.112
EOF2,-12.0,22.5,0.01205431204289198,0.112
EOF2,-12.0,23.0,0.01069672591984272,0.112
EOF2,-12.0,23.5,0.009310602210462093,0.112
EOF2,-12.0,24.0,0.008363201282918453,0.112
EOF2,-12.0,24.5,0.007698572240769863,0.112
EOF2,-12.0,25.0,0.007462981157004833,0.112
EOF2,-12.0,25.5,0.007339546922594309,0.112
EOF2,-12.0,26.0,0.007252108305692673,0.112
EOF2,-12.0,26.5,0.00723098311573267,0.112
EOF2,-12.0,27.0,0.0072756800800561905,0.112
EOF2,-12.0,27.5,0.007033839356154203,0.112
EOF2,-12.0,28.0,0.006795561406761408,0.112
EOF2,-12.0,28.5,0.006476807873696089,0.112
EOF2,-12.0,29.0,0.006126887165009975,0.112
EOF2,-12.0,29.5,0.00617200369015336,0.112
EOF2,-12.0,30.0,0.006608474534004927,0.112
EOF2,-12.0,30.5,0.006641497369855642,0.112
EOF2,-12.0,31.0,0.006673095747828484,0.112
EOF2,-12.0,31.5,0.006142944563180208,0.112
EOF2,-12.0,32.0,0.005564042367041111,0.112
EOF2,-12.0,32.5,0.005421706475317478,0.112
EOF2,-12.0,33.0,0.005083274561911821,0.112
EOF2,-12.0,33.5,0.004665514454245567,0.112
EOF2,-12.0,34.0,0.0031502582132816315,0.112
EOF2,-12.0,34.5,0.0006472556851804256,0.112
EOF2,-11.5,0.5,-0.02038869634270668,0.112
EOF2,-11.5,1.0,-0.020878957584500313,0.112
EOF2,-11.5,1.5,-0.021367641165852547,0.112
EOF2,-11.5,2.0,-0.021095527336001396,0.112
EOF2,-11.5,2.5,-0.02099735662341118,0.112
EOF2,-11.5,3.0,-0.02090260572731495,0.112
EOF2,-11.5,3.5,-0.02084554359316826,0.112
EOF2,-11.5,4.0,-0.021128451451659203,0.112
EOF2,-11.5,4.5,-0.021128954365849495,0.112
EOF2,-11.5,5.0,-0.02096487209200859,0.112
EOF2,-11.5,5.5,-0.020799856632947922,0.112
EOF2,-11.5,6.0,-0.021126383915543556,0.112
EOF2,-11.5,6.5,-0.021609660238027573,0.112
EOF2,-11.5,7.0,-0.02209465019404888,0.112
EOF2,-11.5,7.5,-0.02275468222796917,0.112
EOF2,-11.5,8.0,-0.024158935993909836,0.112
EOF2,-11.5,8.5,-0.02554922364652157,0.112
EOF2,-11.5,9.0,-0.02691822312772274,0.112
EOF2,-11.5,9.5,-0.02792026288807392,0.112
EOF2,-11.5,10.0,-0.02869543619453907,0.112
EOF2,-11.5,10.5,-0.029386410489678383,0.112
EOF2,-11.5,11.0,-0.030076416209340096,0.112
EOF2,-11.5,11.5,-0.02820238098502159,0.112
EOF2,-11.5,12.0,-0.023924442008137703,0.112
EOF2,-11.5,12.5,-0.01983540877699852,0.112
EOF2,-11.5,13.0,-0.015625810250639915,0.112
EOF2,-11.5,13.5,-0.0116448774933815,0.112
EOF2,-11.5,14.0,-0.007295622024685144,0.112
EOF2,-11.5,14.5,-0.0034809731878340244,0.112
EOF2,-11.5,15.0,-0.00011379559873603284,0.112
EOF2,-11.5,15.5,0.003254832001402974,0.112
EOF2,-11.5,16.0,0.0065504987724125385,0.112
EOF2,-11.5,16.5,0.009764768183231354,0.112
EOF2,-11.5,17.0,0.011211872100830078,0.112
EOF2,-11.5,17.5,0.010360750369727612,0.112
EOF2,-11.5,18.0,0.009680528193712234,0.112
EOF2,-11.5,18.5,0.009021117351949215,0.112
EOF2,-11.5,19.0,0.008730214089155197,0.112
EOF2,-11.5,19.5,0.008785312063992023,0.112
EOF2,-11.5,20.0,0.008837997913360596,0.112
EOF2,-11.5,20.5,0.009168041869997978,0.112
EOF2,-11.5,21.0,0.010547502897679806,0.112
EOF2,-11.5,21.5,0.010762100107967854,0.112
EOF2,-11.5,22.0,0.010966074652969837,0.112
EOF2,-11.5,22.5,0.011164158582687378,0.112
EOF2,-11.5,23.0,0.0099441297352314,0.112
EOF2,-11.5,23.5,0.009152914397418499,0.112
EOF2,-11.5,24.0,0.008350729942321777,0.112
EOF2,-11.5,24.5,0.007682409603148699,0.112
EOF2,-11.5,25.0,0.007450520526617765,0.112
EOF2,-11.5,25.5,0.007213939912617207,0.112
EOF2,-11.5,26.0,0.007012689486145973,0.112
EOF2,-11.5,26.5,0.006990755908191204,0.112
EOF2,-11.5,27.0,0.007034223526716232,0.112
EOF2,-11.5,27.5,0.00707964925095439,0.112
EOF2,-11.5,28.0,0.006983011495321989,0.112
EOF2,-11.5,28.5,0.006661004852503538,0.112
EOF2,-11.5,29.0,0.007098678965121508,0.112
EOF2,-11.5,29.5,0.007535386830568314,0.112
EOF2,-11.5,30.0,0.007970998995006084,0.112
EOF2,-11.5,30.5,0.007828534580767155,0.112
EOF2,-11.5,31.0,0.007120984606444836,0.112
EOF2,-11.5,31.5,0.006395714357495308,0.112
EOF2,-11.5,32.0,0.005820040125399828,0.112
EOF2,-11.5,32.5,0.005681750364601612,0.112
EOF2,-11.5,33.0,0.005536332726478577,0.112
EOF2,-11.5,33.5,0.0053184619173407555,0.112
EOF2,-11.5,34.0,0.0037874123081564903,0.112
EOF2,-11.5,34.5,0.0007460789638571441,0.112
EOF2,-11.0,0.5,-0.020529527217149734,0.112
EOF2,-11.0,1.0,-0.021021436899900436,0.112
EOF2,-11.0,1.5,-0.021515915170311928,0.112
EOF2,-11.0,2.0,-0.021801702678203583,0.112
EOF2,-11.0,2.5,-0.021694710478186607,0.112
EOF2,-11.0,3.0,-0.021600741893053055,0.112
EOF2,-11.0,3.5,-0.02167336456477642,0.112
EOF2,-11.0,4.0,-0.021740080788731575,0.112
EOF2,-11.0,4.5,-0.02150513418018818,0.112
EOF2,-11.0,5.0,-0.021335948258638382,0.112
EOF2,-11.0,5.5,-0.021173972636461258,0.112
EOF2,-11.0,6.0,-0.021383976563811302,0.112
EOF2,-11.0,6.5,-0.02187279239296913,0.112
EOF2,-11.0,7.0,-0.022348759695887566,0.112
EOF2,-11.0,7.5,-0.022825954481959343,0.112
EOF2,-11.0,8.0,-0.02422822080552578,0.112
EOF2,-11.0,8.5,-0.025608062744140625,0.112
EOF2,-11.0,9.0,-0.02696678787469864,0.112
EOF2,-11.0,9.5,-0.028080342337489128,0.112
EOF2,-11.0,10.0,-0.028734369203448296,0.112
EOF2,-11.0,10.5,-0.029425466433167458,0.112
EOF2,-11.0,11.0,-0.030113453045487404,0.112
EOF2,-11.0,11.5,-0.02940327860414982,0.112
EOF2,-11.0,12.0,-0.025619693100452423,0.112
EOF2,-11.0,12.5,-0.021438375115394592,0.112
EOF2,-11.0,13.0,-0.017452901229262352,0.112
EOF2,-11.0,13.5,-0.009583217091858387,0.112
EOF2,-11.0,14.0,-0.005233578383922577,0.112
EOF2,-11.0,14.5,-0.0014687558868899941,0.112
EOF2,-11.0,15.0,0.001848955755122006,0.112
EOF2,-11.0,15.5,0.005271728150546551,0.112
EOF2,-11.0,16.0,0.008613274432718754,0.112
EOF2,-11.0,16.5,0.011852090246975422,0.112
EOF2,-11.0,17.0,0.012223144061863422,0.112
EOF2,-11.0,17.5,0.012566324323415756,0.112
EOF2,-11.0,18.0,0.011849503964185715,0.112
EOF2,-11.0,18.5,0.011149751953780651,0.112
EOF2,-11.0,19.0,0.010838735848665237,0.112
EOF2,-11.0,19.5,0.010890691541135311,0.112
EOF2,-11.0,20.0,0.010942034423351288,0.112
EOF2,-11.0,20.5,0.010716252028942108,0.112
EOF2,-11.0,21.0,0.010010091587901115,0.112
EOF2,-11.0,21.5,0.010214267298579216,0.112
EOF2,-11.0,22.0,0.010419818572700024,0.112
EOF2,-11.0,22.5,0.010624279268085957,0.112
EOF2,-11.0,23.0,0.010280506685376167,0.112
EOF2,-11.0,23.5,0.00948988739401102,0.112
EOF2,-11.0,24.0,0.008689077571034431,0.112
EOF2,-11.0,24.5,0.008022789843380451,0.112
EOF2,-11.0,25.0,0.007791667245328426,0.112
EOF2,-11.0,25.5,0.007556815631687641,0.112
EOF2,-11.0,26.0,0.007313797250390053,0.112
EOF2,-11.0,26.5,0.007196179591119289,0.112
EOF2,-11.0,27.0,0.007238677702844143,0.112
EOF2,-11.0,27.5,0.0072870575822889805,0.112
EOF2,-11.0,28.0,0.007785671390593052,0.112
EOF2,-11.0,28.5,0.00692701805382967,0.112
EOF2,-11.0,29.0,0.007358584087342024,0.112
EOF2,-11.0,29.5,0.0078004710376262665,0.112
EOF2,-11.0,30.0,0.008236709050834179,0.112
EOF2,-11.0,30.5,0.007535232231020927,0.112
EOF2,-11.0,31.0,0.006816985085606575,0.112
EOF2,-11.0,31.5,0.006095058284699917,0.112
EOF2,-11.0,32.0,0.005987285636365414,0.112
EOF2,-11.0,32.5,0.004841023124754429,0.112
EOF2,-11.0,33.0,0.004658988676965237,0.112
EOF2,-11.0,33.5,0.004467729013413191,0.112
EOF2,-11.0,34.0,0.00334230437874794,0.112
EOF2,-11.0,34.5,0.00044191532651893795,0.112
EOF2,-10.5,0.5,-0.020321911200881004,0.112
EOF2,-10.5,1.0,-0.020775025710463524,0.112
EOF2,-10.5,1.5,-0.021185439079999924,0.112
EOF2,-10.5,2.0,-0.021474333480000496,0.112
EOF2,-10.5,2.5,-0.021373506635427475,0.112
EOF2,-10.5,3.0,-0.02178827114403248,0.112
EOF2,-10.5,3.5,-0.022364357486367226,0.112
EOF2,-10.5,4.0,-0.02242943085730076,0.112
EOF2,-10.5,4.5,-0.021975958719849586,0.112
EOF2,-10.5,5.0,-0.02159755304455757,0.112
EOF2,-10.5,5.5,-0.021431777626276016,0.112
EOF2,-10.5,6.0,-0.021647002547979355,0.112
EOF2,-10.5,6.5,-0.021983042359352112,0.112
EOF2,-10.5,7.0,-0.02238742634654045,0.112
EOF2,-10.5,7.5,-0.022868767380714417,0.112
EOF2,-10.5,8.0,-0.024256069213151932,0.112
EOF2,-10.5,8.5,-0.025587143376469612,0.112
EOF2,-10.5,9.0,-0.026864688843488693,0.112
EOF2,-10.5,9.5,-0.027974151074886322,0.112
EOF2,-10.5,10.0,-0.028587255626916885,0.112
EOF2,-10.5,10.5,-0.029204988852143288,0.112
EOF2,-10.5,11.0,-0.029888885095715523,0.112
EOF2,-10.5,11.5,-0.02917838841676712,0.112
EOF2,-10.5,12.0,-0.027100006118416786,0.112
EOF2,-10.5,12.5,-0.024501346051692963,0.112
EOF2,-10.5,13.0,-0.02036808803677559,0.112
EOF2,-10.5,13.5,-0.012203983031213284,0.112
EOF2,-10.5,14.0,-0.003483687760308385,0.112
EOF2,-10.5,14.5,0.0023367588873952627,0.112
EOF2,-10.5,15.0,0.005553132388740778,0.112
EOF2,-10.5,15.5,0.009066576138138771,0.112
EOF2,-10.5,16.0,0.010808381251990795,0.112
EOF2,-10.5,16.5,0.010832671076059341,0.112
EOF2,-10.5,17.0,0.011217772960662842,0.112
EOF2,-10.5,17.5,0.012647087685763836,0.112
EOF2,-10.5,18.0,0.014018314890563488,0.112
EOF2,-10.5,18.5,0.013304159976541996,0.112
EOF2,-10.5,19.0,0.012974229641258717,0.112
EOF2,-10.5,19.5,0.013015014119446278,0.112
EOF2,-10.5,20.0,0.01251361146569252,0.112
EOF2,-10.5,20.5,0.012012648396193981,0.112
EOF2,-10.5,21.0,0.011294827796518803,0.112
EOF2,-10.5,21.5,0.01051273662596941,0.112
EOF2,-10.5,22.0,0.010224994271993637,0.112
EOF2,-10.5,22.5,0.010433168150484562,0.112
EOF2,-10.5,23.0,0.010229003615677357,0.112
EOF2,-10.5,23.5,0.010026336647570133,0.112
EOF2,-10.5,24.0,0.009379648603498936,0.112
EOF2,-10.5,24.5,0.008720063604414463,0.112
EOF2,-10.5,25.0,0.008488338440656662,0.112
EOF2,-10.5,25.5,0.008230113424360752,0.112
EOF2,-10.5,26.0,0.00796222873032093,0.112
EOF2,-10.5,26.5,0.007847239263355732,0.112
EOF2,-10.5,27.0,0.007901031523942947,0.112
EOF2,-10.5,27.5,0.008852081373333931,0.112
EOF2,-10.5,28.0,0.009825538843870163,0.112
EOF2,-10.5,28.5,0.008946525864303112,0.112
EOF2,-10.5,29.0,0.007457783445715904,0.112
EOF2,-10.5,29.5,0.006938963197171688,0.112
EOF2,-10.5,30.0,0.007381101604551077,0.112
EOF2,-10.5,30.5,0.006665715482085943,0.112
EOF2,-10.5,31.0,0.006579120177775621,0.112
EOF2,-10.5,31.5,0.007146991323679686,0.112
EOF2,-10.5,32.0,0.0070569259114563465,0.112
EOF2,-10.5,32.5,0.004920479375869036,0.112
EOF2,-10.5,33.0,0.002691918984055519,0.112
EOF2,-10.5,33.5,0.0024099175352603197,0.112
EOF2,-10.5,34.0,0.001274355803616345,0.112
EOF2,-10.5,34.5,-0.0006607723771594465,0.112
EOF2,-10.0,0.5,-0.02003202773630619,0.112
EOF2,-10.0,1.0,-0.020443875342607498,0.112
EOF2,-10.0,1.5,-0.020857717841863632,0.112
EOF2,-10.0,2.0,-0.021311340853571892,0.112
EOF2,-10.0,2.5,-0.021896367892622948,0.112
EOF2,-10.0,3.0,-0.02248040959239006,0.112
EOF2,-10.0,3.5,-0.023053226992487907,0.112
EOF2,-10.0,4.0,-0.023113064467906952,0.112
EOF2,-10.0,4.5,-0.022655919194221497,0.112
EOF2,-10.0,5.0,-0.022200869396328926,0.112
EOF2,-10.0,5.5,-0.02175130322575569,0.112
EOF2,-10.0,6.0,-0.02189992181956768,0.112
EOF2,-10.0,6.5,-0.022229358553886414,0.112
EOF2,-10.0,7.0,-0.022566085681319237,0.112
EOF2,-10.0,7.5,-0.02289661206305027,0.112
EOF2,-10.0,8.0,-0.024192677810788155,0.112
EOF2,-10.0,8.5,-0.025481091812253,0.112
EOF2,-10.0,9.0,-0.026762723922729492,0.112
EOF2,-10.0,9.5,-0.02786692976951599,0.112
EOF2,-10.0,10.0,-0.028485450893640518,0.112
EOF2,-10.0,10.5,-0.029092838987708092,0.112
EOF2,-10.0,11.0,-0.029703864827752113,0.112
EOF2,-10.0,11.5,-0.028958868235349655,0.112
EOF2,-10.0,12.0,-0.026891371235251427,0.112
EOF2,-10.0,12.5,-0.02485792711377144,0.112
EOF2,-10.0,13.0,-0.022849299013614655,0.112
EOF2,-10.0,13.5,-0.014940139837563038,0.112
EOF2,-10.0,14.0,-0.005925585515797138,0.112
EOF2,-10.0,14.5,0.0022087835241109133,0.112
EOF2,-10.0,15.0,0.009548827074468136,0.112
EOF2,-10.0,15.5,0.009662196971476078,0.112
EOF2,-10.0,16.0,0.009730926714837551,0.112
EOF2,-10.0,16.5,0.00979546457529068,0.112
EOF2,-10.0,17.0,0.0102133359760046,0.112
EOF2,-10.0,17.5,0.01166635099798441,0.112
EOF2,-10.0,18.0,0.013068826869130135,0.112
EOF2,-10.0,18.5,0.014419849030673504,0.112
EOF2,-10.0,19.0,0.01481978502124548,0.112
EOF2,-10.0,19.5,0.014312908984720707,0.112
EOF2,-10.0,20.0,0.013808305375277996,0.112
EOF2,-10.0,20.5,0.013304016552865505,0.112
EOF2,-10.0,21.0,0.012580551207065582,0.112
EOF2,-10.0,21.5,0.011791348457336426,0.112
EOF2,-10.0,22.0,0.011008418165147305,0.112
EOF2,-10.0,22.5,0.010237520560622215,0.112
EOF2,-10.0,23.0,0.010032255202531815,0.112
EOF2,-10.0,23.5,0.009827380068600178,0.112
EOF2,-10.0,24.0,0.009619665332138538,0.112
EOF2,-10.0,24.5,0.009403586387634277,0.112
EOF2,-10.0,25.0,0.009144396521151066,0.112
EOF2,-10.0,25.5,0.008881309069693089,0.112
EOF2,-10.0,26.0,0.00861411727964878,0.112
EOF2,-10.0,26.5,0.008936215192079544,0.112
EOF2,-10.0,27.0,0.009900170378386974,0.112
EOF2,-10.0,27.5,0.01088680699467659,0.112
EOF2,-10.0,28.0,0.0118875028565526,0.112
EOF2,-10.0,28.5,0.011002677492797375,0.112
EOF2,-10.0,29.0,0.009491664357483387,0.112
EOF2,-10.0,29.5,0.007991865277290344,0.112
EOF2,-10.0,30.0,0.00651905732229352,0.112
EOF2,-10.0,30.5,0.007075387518852949,0.112
EOF2,-10.0,31.0,0.007644989062100649,0.112
EOF2,-10.0,31.5,0.008221123367547989,0.112
EOF2,-10.0,32.0,0.008135935291647911,0.112
EOF2,-10.0,32.5,0.006015792954713106,0.112
EOF2,-10.0,33.0,0.003787218127399683,0.112
EOF2,-10.0,33.5,0.0014485312858596444,0.112
EOF2,-10.0,34.0,-0.0007124125841073692,0.112
EOF2,-10.0,34.5,-0.0025894055142998695,0.112
EOF2,-9.5,0.5,-0.01914488896727562,0.112
EOF2,-9.5,1.0,-0.019554903730750084,0.112
EOF2,-9.5,1.5,-0.020167136564850807,0.112
EOF2,-9.5,2.0,-0.02090337872505188,0.112
EOF2,-9.5,2.5,-0.021791895851492882,0.112
EOF2,-9.5,3.0,-0.02245051972568035,0.112
EOF2,-9.5,3.5,-0.023025324568152428,0.112
EOF2,-9.5,4.0,-0.023081893101334572,0.112
EOF2,-9.5,4.5,-0.022630317136645317,0.112
EOF2,-9.5,5.0,-0.022145770490169525,0.112
EOF2,-9.5,5.5,-0.02157815359532833,0.112
EOF2,-9.5,6.0,-0.021692074835300446,0.112
EOF2,-9.5,6.5,-0.022029222920536995,0.112
EOF2,-9.5,7.0,-0.022540263831615448,0.112
EOF2,-9.5,7.5,-0.023231888189911842,0.112
EOF2,-9.5,8.0,-0.024226972833275795,0.112
EOF2,-9.5,8.5,-0.025368670001626015,0.112
EOF2,-9.5,9.0,-0.026643259450793266,0.112
EOF2,-9.5,9.5,-0.027808543294668198,0.112
EOF2,-9.5,10.0,-0.028673307970166206,0.112
EOF2,-9.5,10.5,-0.029346734285354614,0.112
EOF2,-9.5,11.0,-0.029951727017760277,0.112
EOF2,-9.5,11.5,-0.029209312051534653,0.112
EOF2,-9.5,12.0,-0.027145300060510635,0.112
EOF2,-9.5,12.5,-0.025091107934713364,0.112
EOF2,-9.5,13.0,-0.02301652543246746,0.112
EOF2,-9.5,13.5,-0.015169698745012283,0.112
EOF2,-9.5,14.0,-0.006240313872694969,0.112
EOF2,-9.5,14.5,0.0022137498017400503,0.112
EOF2,-9.5,15.0,0.010519169270992279,0.112
EOF2,-9.5,15.5,0.010077904909849167,0.112
EOF2,-9.5,16.0,0.009888718836009502,0.112
EOF2,-9.5,16.5,0.009947010315954685,0.112
EOF2,-9.5,17.0,0.010360956192016602,0.112
EOF2,-9.5,17.5,0.011807060800492764,0.112
EOF2,-9.5,18.0,0.013200088404119015,0.112
EOF2,-9.5,18.5,0.013770529069006443,0.112
EOF2,-9.5,19.0,0.014518847689032555,0.112
EOF2,-9.5,19.5,0.015449479222297668,0.112
EOF2,-9.5,20.0,0.014949659816920757,0.112
EOF2,-9.5,20.5,0.014439523220062256,0.112
EOF2,-9.5,21.0,0.01291429903358221,0.112
EOF2,-9.5,21.5,0.01132132112979889,0.112
EOF2,-9.5,22.0,0.010534265078604221,0.112
EOF2,-9.5,22.5,0.009756471030414104,0.112
EOF2,-9.5,23.0,0.009544800035655499,0.112
EOF2,-9.5,23.5,0.009336819872260094,0.112
EOF2,-9.5,24.0,0.009643889032304287,0.112
EOF2,-9.5,24.5,0.010094606317579746,0.112
EOF2,-9.5,25.0,0.010472936555743217,0.112
EOF2,-9.5,25.5,0.01037859357893467,0.112
EOF2,-9.5,26.0,0.010121725499629974,0.112
EOF2,-9.5,26.5,0.009518002159893513,0.112
EOF2,-9.5,27.0,0.008549774065613747,0.112
EOF2,-9.5,27.5,0.009517151862382889,0.112
EOF2,-9.5,28.0,0.010517781600356102,0.112
EOF2,-9.5,28.5,0.009623545221984386,0.112
EOF2,-9.5,29.0,0.008099811151623726,0.112
EOF2,-9.5,29.5,0.00728053692728281,0.112
EOF2,-9.5,30.0,0.007156938314437866,0.112
EOF2,-9.5,30.5,0.008111052215099335,0.112
EOF2,-9.5,31.0,0.008889209479093552,0.112
EOF2,-9.5,31.5,0.009480373002588749,0.112
EOF2,-9.5,32.0,0.009303852915763855,0.112
EOF2,-9.5,32.5,0.0067659541964530945,0.112
EOF2,-9.5,33.0,0.0044409423135221004,0.112
EOF2,-9.5,33.5,0.002105089370161295,0.112
EOF2,-9.5,34.0,-7.251611532410607e-05,0.112
EOF2,-9.5,34.5,-0.0019676077645272017,0.112
EOF2,-9.0,0.5,-0.018319644033908844,0.112
EOF2,-9.0,1.0,-0.018999772146344185,0.112
EOF2,-9.0,1.5,-0.01968487724661827,0.112
EOF2,-9.0,2.0,-0.02041429467499256,0.112
EOF2,-9.0,2.5,-0.021303823217749596,0.112
EOF2,-9.0,3.0,-0.022189630195498466,0.112
EOF2,-9.0,3.5,-0.022991782054305077,0.112
EOF2,-9.0,4.0,-0.023049788549542427,0.112
EOF2,-9.0,4.5,-0.022508978843688965,0.112
EOF2,-9.0,5.0,-0.021939020603895187,0.112
EOF2,-9.0,5.5,-0.02137526124715805,0.112
EOF2,-9.0,6.0,-0.02149234153330326,0.112
EOF2,-9.0,6.5,-0.02218722365796566,0.112
EOF2,-9.0,7.0,-0.022876394912600517,0.112
EOF2,-9.0,7.5,-0.02356291189789772,0.112
EOF2,-9.0,8.0,-0.02456105686724186,0.112
EOF2,-9.0,8.5,-0.02554125338792801,0.112
EOF2,-9.0,9.0,-0.026525620371103287,0.112
EOF2,-9.0,9.5,-0.027686558663845062,0.112
EOF2,-9.0,10.0,-0.02855069935321808,0.112
EOF2,-9.0,10.5,-0.029411183670163155,0.112
EOF2,-9.0,11.0,-0.03019695170223713,0.112
EOF2,-9.0,11.5,-0.029450928792357445,0.112
EOF2,-9.0,12.0,-0.02731955423951149,0.112
EOF2,-9.0,12.5,-0.02521011047065258,0.112
EOF2,-9.0,13.0,-0.023158283904194832,0.112
EOF2,-9.0,13.5,-0.015383796766400337,0.112
EOF2,-9.0,14.0,-0.005986205767840147,0.112
EOF2,-9.0,14.5,0.0030005963053554296,0.112
EOF2,-9.0,15.0,0.011555533856153488,0.112
EOF2,-9.0,15.5,0.011036070063710213,0.112
EOF2,-9.0,16.0,0.0105435810983181,0.112
EOF2,-9.0,16.5,0.01010688953101635,0.112
EOF2,-9.0,17.0,0.010508285835385323,0.112
EOF2,-9.0,17.5,0.011547242291271687,0.112
EOF2,-9.0,18.0,0.012150537222623825,0.112
EOF2,-9.0,18.5,0.012736317701637745,0.112
EOF2,-9.0,19.0,0.013492675498127937,0.112
EOF2,-9.0,19.5,0.014433499425649643,0.112
EOF2,-9.0,20.0,0.015376508235931396,0.112
EOF2,-9.0,20.5,0.015591537579894066,0.112
EOF2,-9.0,21.0,0.014054548926651478,0.112
EOF2,-9.0,21.5,0.012179026380181313,0.112
EOF2,-9.0,22.0,0.010314558632671833,0.112
EOF2,-9.0,22.5,0.009262558072805405,0.112
EOF2,-9.0,23.0,0.009222419001162052,0.112
EOF2,-9.0,23.5,0.009698687121272087,0.112
EOF2,-9.0,24.0,0.010174810886383057,0.112
EOF2,-9.0,24.5,0.01062535960227251,0.112
EOF2,-9.0,25.0,0.01100920233875513,0.112
EOF2,-9.0,25.5,0.011391399428248405,0.112
EOF2,-9.0,26.0,0.011621248908340931,0.112
EOF2,-9.0,26.5,0.011036884039640427,0.112
EOF2,-9.0,27.0,0.010093548335134983,0.112
EOF2,-9.0,27.5,0.00910888146609068,0.112
EOF2,-9.0,28.0,0.00910671055316925,0.112
EOF2,-9.0,28.5,0.008208349347114563,0.112
EOF2,-9.0,29.0,0.008063237182796001,0.112
EOF2,-9.0,29.5,0.007927936501801014,0.112
EOF2,-9.0,30.0,0.0078011746518313885,0.112
EOF2,-9.0,30.5,0.008763954974710941,0.112
EOF2,-9.0,31.0,0.009755331091582775,0.112
EOF2,-9.0,31.5,0.010766958817839622,0.112
EOF2,-9.0,32.0,0.010602105408906937,0.112
EOF2,-9.0,32.5,0.008056563325226307,0.112
EOF2,-9.0,33.0,0.005410239566117525,0.112
EOF2,-9.0,33.5,0.00276675121858716,0.112
EOF2,-9.0,34.0,0.0005808817804791033,0.112
EOF2,-9.0,34.5,0.00014735260629095137,0.112
EOF2,-8.5,0.5,-0.017902124673128128,0.112
EOF2,-8.5,1.0,-0.018585916608572006,0.112
EOF2,-8.5,1.5,-0.019268009811639786,0.112
EOF2,-8.5,2.0,-0.020001372322440147,0.112
EOF2,-8.5,2.5,-0.020885523408651352,0.112
EOF2,-8.5,3.0,-0.021772565320134163,0.112
EOF2,-8.5,3.5,-0.02255781553685665,0.112
EOF2,-8.5,4.0,-0.022603176534175873,0.112
EOF2,-8.5,4.5,-0.022075282409787178,0.112
EOF2,-8.5,5.0,-0.021510548889636993,0.112
EOF2,-8.5,5.5,-0.020947493612766266,0.112
EOF2,-8.5,6.0,-0.021336376667022705,0.112
EOF2,-8.5,6.5,-0.022031690925359726,0.112
EOF2,-8.5,7.0,-0.02272096462547779,0.112
EOF2,-8.5,7.5,-0.023564504459500313,0.112
EOF2,-8.5,8.0,-0.024409035220742226,0.112
EOF2,-8.5,8.5,-0.025392688810825348,0.112
EOF2,-8.5,9.0,-0.02636907808482647,0.112
EOF2,-8.5,9.5,-0.02731475792825222,0.112
EOF2,-8.5,10.0,-0.028175657615065575,0.112
EOF2,-8.5,10.5,-0.029031436890363693,0.112
EOF2,-8.5,11.0,-0.029876606538891792,0.112
EOF2,-8.5,11.5,-0.02740940824151039,0.112
EOF2,-8.5,12.0,-0.024428347125649452,0.112
EOF2,-8.5,12.5,-0.02238740585744381,0.112
EOF2,-8.5,13.0,-0.020400788635015488,0.112
EOF2,-8.5,13.5,-0.015600248239934444,0.112
EOF2,-8.5,14.0,-0.0062980931252241135,0.112
EOF2,-8.5,14.5,0.002629725029692054,0.112
EOF2,-8.5,15.0,0.011122025549411774,0.112
EOF2,-8.5,15.5,0.01063069049268961,0.112
EOF2,-8.5,16.0,0.0101630175486207,0.112
EOF2,-8.5,16.5,0.009751270525157452,0.112
EOF2,-8.5,17.0,0.010168114677071571,0.112
EOF2,-8.5,17.5,0.010903650894761086,0.112
EOF2,-8.5,18.0,0.01151770818978548,0.112
EOF2,-8.5,18.5,0.012116750702261925,0.112
EOF2,-8.5,19.0,0.012768388725817204,0.112
EOF2,-8.5,19.5,0.01365833543241024,0.112
EOF2,-8.5,20.0,0.014605446718633175,0.112
EOF2,-8.5,20.5,0.015552204102277756,0.112
EOF2,-8.5,21.0,0.014373520389199257,0.112
EOF2,-8.5,21.5,0.012492396868765354,0.112
EOF2,-8.5,22.0,0.010614595375955105,0.112
EOF2,-8.5,22.5,0.008748162537813187,0.112
EOF2,-8.5,23.0,0.008737812750041485,0.112
EOF2,-8.5,23.5,0.009220041334629059,0.112
EOF2,-8.5,24.0,0.009701280854642391,0.112
EOF2,-8.5,24.5,0.010138329118490219,0.112
EOF2,-8.5,25.0,0.010487692430615425,0.112
EOF2,-8.5,25.5,0.01086799893528223,0.112
EOF2,-8.5,26.0,0.011250320822000504,0.112
EOF2,-8.5,26.5,0.010985205881297588,0.112
EOF2,-8.5,27.0,0.010044139809906483,0.112
EOF2,-8.5,27.5,0.009062300436198711,0.112
EOF2,-8.5,28.0,0.00862249918282032,0.112
EOF2,-8.5,28.5,0.008418514393270016,0.112
EOF2,-8.5,29.0,0.008277461864054203,0.112
EOF2,-8.5,29.5,0.008138027973473072,0.112
EOF2,-8.5,30.0,0.00800886657088995,0.112
EOF2,-8.5,30.5,0.009236522950232029,0.112
EOF2,-8.5,31.0,0.010242381133139133,0.112
EOF2,-8.5,31.5,0.01127229817211628,0.112
EOF2,-8.5,32.0,0.011812043376266956,0.112
EOF2,-8.5,32.5,0.010020027868449688,0.112
EOF2,-8.5,33.0,0.007393944077193737,0.112
EOF2,-8.5,33.5,0.0046557411551475525,0.112
EOF2,-8.5,34.0,0.002769740531221032,0.112
EOF2,-8.5,34.5,0.0025597931817173958,0.112
EOF2,-8.0,0.5,-0.017555972561240196,0.112
EOF2,-8.0,1.0,-0.018242301419377327,0.112
EOF2,-8.0,1.5,-0.018926218152046204,0.112
EOF2,-8.0,2.0,-0.019657664000988007,0.112
EOF2,-8.0,2.5,-0.020541563630104065,0.112
EOF2,-8.0,3.0,-0.021144161000847816,0.112
EOF2,-8.0,3.5,-0.021647196263074875,0.112
EOF2,-8.0,4.0,-0.021699583157896996,0.112
EOF2,-8.0,4.5,-0.02129463665187359,0.112
EOF2,-8.0,5.0,-0.020857198163866997,0.112
EOF2,-8.0,5.5,-0.020298372954130173,0.112
EOF2,-8.0,6.0,-0.020688362419605255,0.112
EOF2,-8.0,6.5,-0.021433096379041672,0.112
EOF2,-8.0,7.0,-0.022333094850182533,0.112
EOF2,-8.0,7.5,-0.023235198110342026,0.112
EOF2,-8.0,8.0,-0.024029236286878586,0.112
EOF2,-8.0,8.5,-0.02481996826827526,0.112
EOF2,-8.0,9.0,-0.025745779275894165,0.112
EOF2,-8.0,9.5,-0.026687977835536003,0.112
EOF2,-8.0,10.0,-0.027551254257559776,0.112
EOF2,-8.0,10.5,-0.028396595269441605,0.112
EOF2,-8.0,11.0,-0.02922753058373928,0.112
EOF2,-8.0,11.5,-0.026782961562275887,0.112
EOF2,-8.0,12.0,-0.021254179999232292,0.112
EOF2,-8.0,12.5,-0.016786541789770126,0.112
EOF2,-8.0,13.0,-0.014907358214259148,0.112
EOF2,-8.0,13.5,-0.01041314098984003,0.112
EOF2,-8.0,14.0,-0.005416665226221085,0.112
EOF2,-8.0,14.5,0.0011531658237800002,0.112
EOF2,-8.0,15.0,0.009295967407524586,0.112
EOF2,-8.0,15.5,0.00893512275069952,0.112
EOF2,-8.0,16.0,0.00891459733247757,0.112
EOF2,-8.0,16.5,0.009214573539793491,0.112
EOF2,-8.0,17.0,0.009640679694712162,0.112
EOF2,-8.0,17.5,0.010487593710422516,0.112
EOF2,-8.0,18.0,0.011314757168293,0.112
EOF2,-8.0,18.5,0.011918717995285988,0.112
EOF2,-8.0,19.0,0.012579759582877159,0.112
EOF2,-8.0,19.5,0.013310007750988007,0.112
EOF2,-8.0,20.0,0.014094328507781029,0.112
EOF2,-8.0,20.5,0.015041380189359188,0.112
EOF2,-8.0,21.0,0.01386165525764227,0.112
EOF2,-8.0,21.5,0.011975282803177834,0.112
EOF2,-8.0,22.0,0.010091409087181091,0.112
EOF2,-8.0,22.5,0.008198603056371212,0.112
EOF2,-8.0,23.0,0.008033588528633118,0.112
EOF2,-8.0,23.5,0.007871734909713268,0.112
EOF2,-8.0,24.0,0.008194045163691044,0.112
EOF2,-8.0,24.5,0.008640183135867119,0.112
EOF2,-8.0,25.0,0.008957781828939915,0.112
EOF2,-8.0,25.5,0.009277014061808586,0.112
EOF2,-8.0,26.0,0.00965503416955471,0.112
EOF2,-8.0,26.5,0.009373517706990242,0.112
EOF2,-8.0,27.0,0.008403505198657513,0.112
EOF2,-8.0,27.5,0.00852297618985176,0.112
EOF2,-8.0,28.0,0.008654306642711163,0.112
EOF2,-8.0,28.5,0.008459607139229774,0.112
EOF2,-8.0,29.0,0.008139176294207573,0.112
EOF2,-8.0,29.5,0.007902401499450207,0.112
EOF2,-8.0,30.0,0.0077734338119626045,0.112
EOF2,-8.0,30.5,0.0091148242354393,0.112
EOF2,-8.0,31.0,0.010481282137334347,0.112
EOF2,-8.0,31.5,0.011621508747339249,0.112
EOF2,-8.0,32.0,0.012173372320830822,0.112
EOF2,-8.0,32.5,0.011129449121654034,0.112
EOF2,-8.0,33.0,0.010056577622890472,0.112
EOF2,-8.0,33.5,0.0073711867444217205,0.112
EOF2,-8.0,34.0,0.005485133733600378,0.112
EOF2,-8.0,34.5,0.004508282523602247,0.112
EOF2,-7.5,0.5,-0.017220521345734596,0.112
EOF2,-7.5,1.0,-0.017905738204717636,0.112
EOF2,-7.5,1.5,-0.018581384792923927,0.112
EOF2,-7.5,2.0,-0.019221285358071327,0.112
EOF2,-7.5,2.5,-0.019731786102056503,0.112
EOF2,-7.5,3.0,-0.020235467702150345,0.112
EOF2,-7.5,3.5,-0.020743662491440773,0.112
EOF2,-7.5,4.0,-0.020796161144971848,0.112
EOF2,-7.5,4.5,-0.02039720118045807,0.112
EOF2,-7.5,5.0,-0.019999124109745026,0.112
EOF2,-7.5,5.5,-0.019610052928328514,0.112
EOF2,-7.5,6.0,-0.020197369158267975,0.112
EOF2,-7.5,6.5,-0.021105531603097916,0.112
EOF2,-7.5,7.0,-0.022008895874023438,0.112
EOF2,-7.5,7.5,-0.022899441421031952,0.112
EOF2,-7.5,8.0,-0.02370285429060459,0.112
EOF2,-7.5,8.5,-0.024488138034939766,0.112
EOF2,-7.5,9.0,-0.02526955120265484,0.112
EOF2,-7.5,9.5,-0.02607646957039833,0.112
EOF2,-7.5,10.0,-0.02692529372870922,0.112
EOF2,-7.5,10.5,-0.027765115723013878,0.112
EOF2,-7.5,11.0,-0.028598729521036148,0.112
EOF2,-7.5,11.5,-0.02617095597088337,0.112
EOF2,-7.5,12.0,-0.02068537287414074,0.112
EOF2,-7.5,12.5,-0.01543540321290493,0.112
EOF2,-7.5,13.0,-0.010412823408842087,0.112
EOF2,-7.5,13.5,-0.005365020129829645,0.112
EOF2,-7.5,14.0,-0.0006664108950644732,0.112
EOF2,-7.5,14.5,0.003673562314361334,0.112
EOF2,-7.5,15.0,0.007653260603547096,0.112
EOF2,-7.5,15.5,0.00802764855325222,0.112
EOF2,-7.5,16.0,0.008365289308130741,0.112
EOF2,-7.5,16.5,0.00867853220552206,0.112
EOF2,-7.5,17.0,0.009123089723289013,0.112
EOF2,-7.5,17.5,0.009974930435419083,0.112
EOF2,-7.5,18.0,0.010807611979544163,0.112
EOF2,-7.5,18.5,0.011624300852417946,0.112
EOF2,-7.5,19.0,0.012381049804389477,0.112
EOF2,-7.5,19.5,0.013117276132106781,0.112
EOF2,-7.5,20.0,0.013850086368620396,0.112
EOF2,-7.5,20.5,0.014582681469619274,0.112
EOF2,-7.5,21.0,0.013359781354665756,0.112
EOF2,-7.5,21.5,0.011463925242424011,0.112
EOF2,-7.5,22.0,0.009556465782225132,0.112
EOF2,-7.5,22.5,0.007642747368663549,0.112
EOF2,-7.5,23.0,0.007474455051124096,0.112
EOF2,-7.5,23.5,0.007314726710319519,0.112
EOF2,-7.5,24.0,0.007157733663916588,0.112
EOF2,-7.5,24.5,0.0071245296858251095,0.112
EOF2,-7.5,25.0,0.007446896750479937,0.112
EOF2,-7.5,25.5,0.007770654745399952,0.112
EOF2,-7.5,26.0,0.00809282623231411,0.112
EOF2,-7.5,26.5,0.008308894000947475,0.112
EOF2,-7.5,27.0,0.00843333825469017,0.112
EOF2,-7.5,27.5,0.008558571338653564,0.112
EOF2,-7.5,28.0,0.008689427748322487,0.112
EOF2,-7.5,28.5,0.008492757566273212,0.112
EOF2,-7.5,29.0,0.008178282529115677,0.112
EOF2,-7.5,29.5,0.007853490300476551,0.112
EOF2,-7.5,30.0,0.007518206723034382,0.112
EOF2,-7.5,30.5,0.008898709900677204,0.112
EOF2,-7.5,31.0,0.010301304049789906,0.112
EOF2,-7.5,31.5,0.011728575453162193,0.112
EOF2,-7.5,32.0,0.012544393539428711,0.112
EOF2,-7.5,32.5,0.011480019427835941,0.112
EOF2,-7.5,33.0,0.010397711768746376,0.112
EOF2,-7.5,33.5,0.009293868206441402,0.112
EOF2,-7.5,34.0,0.008224047720432281,0.112
EOF2,-7.5,34.5,0.007211110554635525,0.112
EOF2,-7.0,0.5,-0.016865896061062813,0.112
EOF2,-7.0,1.0,-0.01755228452384472,0.112
EOF2,-7.0,1.5,-0.01811467856168747,0.112
EOF2,-7.0,2.0,-0.018630629405379295,0.112
EOF2,-7.0,2.5,-0.01914260722696781,0.112
EOF2,-7.0,3.0,-0.019644320011138916,0.112
EOF2,-7.0,3.5,-0.01985282450914383,0.112
EOF2,-7.0,4.0,-0.01975361257791519,0.112
EOF2,-7.0,4.5,-0.01936260424554348,0.112
EOF2,-7.0,5.0,-0.01907692849636078,0.112
EOF2,-7.0,5.5,-0.019098971039056778,0.112
EOF2,-7.0,6.0,-0.019788071513175964,0.112
EOF2,-7.0,6.5,-0.020698552951216698,0.112
EOF2,-7.0,7.0,-0.021529721096158028,0.112
EOF2,-7.0,7.5,-0.022285666316747665,0.112
EOF2,-7.0,8.0,-0.02308972179889679,0.112
EOF2,-7.0,8.5,-0.023880857974290848,0.112
EOF2,-7.0,9.0,-0.02497987635433674,0.112
EOF2,-7.0,9.5,-0.026358358561992645,0.112
EOF2,-7.0,10.0,-0.028283262625336647,0.112
EOF2,-7.0,10.5,-0.02937478944659233,0.112
EOF2,-7.0,11.0,-0.030194686725735664,0.112
EOF2,-7.0,11.5,-0.027752166613936424,0.112
EOF2,-7.0,12.0,-0.022241907194256783,0.112
EOF2,-7.0,12.5,-0.014717801474034786,0.112
EOF2,-7.0,13.0,-0.0016153586329892278,0.112
EOF2,-7.0,13.5,0.0046559893526136875,0.112
EOF2,-7.0,14.0,0.008708354085683823,0.112
EOF2,-7.0,14.5,0.008761655539274216,0.112
EOF2,-7.0,15.0,0.00515331793576479,0.112
EOF2,-7.0,15.5,0.007684101350605488,0.112
EOF2,-7.0,16.0,0.009075019508600235,0.112
EOF2,-7.0,16.5,0.009369258768856525,0.112
EOF2,-7.0,17.0,0.00979344081133604,0.112
EOF2,-7.0,17.5,0.010634911246597767,0.112
EOF2,-7.0,18.0,0.011453520506620407,0.112
EOF2,-7.0,18.5,0.011363749392330647,0.112
EOF2,-7.0,19.0,0.011686156503856182,0.112
EOF2,-7.0,19.5,0.012420556508004665,0.112
EOF2,-7.0,20.0,0.01296323910355568,0.112
EOF2,-7.0,20.5,0.012925476767122746,0.112
EOF2,-7.0,21.0,0.012725671753287315,0.112
EOF2,-7.0,21.5,0.012062168680131435,0.112
EOF2,-7.0,22.0,0.01016320288181305,0.112
EOF2,-7.0,22.5,0.008259564638137817,0.112
EOF2,-7.0,23.0,0.008088328875601292,0.112
EOF2,-7.0,23.5,0.007929242216050625,0.112
EOF2,-7.0,24.0,0.007374770473688841,0.112
EOF2,-7.0,24.5,0.007047678809612989,0.112
EOF2,-7.0,25.0,0.007776408456265926,0.112
EOF2,-7.0,25.5,0.008202305063605309,0.112
EOF2,-7.0,26.0,0.008524422533810139,0.112
EOF2,-7.0,26.5,0.008745812810957432,0.112
EOF2,-7.0,27.0,0.008872843347489834,0.112
EOF2,-7.0,27.5,0.008785666897892952,0.112
EOF2,-7.0,28.0,0.008041837252676487,0.112
EOF2,-7.0,28.5,0.007616451010107994,0.112
EOF2,-7.0,29.0,0.007287353742867708,0.112
EOF2,-7.0,29.5,0.006814931519329548,0.112
EOF2,-7.0,30.0,0.006212085951119661,0.112
EOF2,-7.0,30.5,0.007687961682677269,0.112
EOF2,-7.0,31.0,0.009130183607339859,0.112
EOF2,-7.0,31.5,0.010530486702919006,0.112
EOF2,-7.0,32.0,0.011328131891787052,0.112
EOF2,-7.0,32.5,0.010268800891935825,0.112
EOF2,-7.0,33.0,0.009204248897731304,0.112
EOF2,-7.0,33.5,0.010213079862296581,0.112
EOF2,-7.0,34.0,0.010209711268544197,0.112
EOF2,-7.0,34.5,0.009166305884718895,0.112
EOF2,-6.5,0.5,-0.01648165099322796,0.112
EOF2,-6.5,1.0,-0.017010023817420006,0.112
EOF2,-6.5,1.5,-0.017532160505652428,0.112
EOF2,-6.5,2.0,-0.018047738820314407,0.112
EOF2,-6.5,2.5,-0.018406301736831665,0.112
EOF2,-6.5,3.0,-0.01860940456390381,0.112
EOF2,-6.5,3.5,-0.018813932314515114,0.112
EOF2,-6.5,4.0,-0.018724551424384117,0.112
EOF2,-6.5,4.5,-0.0186445489525795,0.112
EOF2,-6.5,5.0,-0.018664734438061714,0.112
EOF2,-6.5,5.5,-0.018691562116146088,0.112
EOF2,-6.5,6.0,-0.019382251426577568,0.112
EOF2,-6.5,6.5,-0.020148903131484985,0.112
EOF2,-6.5,7.0,-0.02090873196721077,0.112
EOF2,-6.5,7.5,-0.02167583256959915,0.112
EOF2,-6.5,8.0,-0.02257993444800377,0.112
EOF2,-6.5,8.5,-0.02379797212779522,0.112
EOF2,-6.5,9.0,-0.025004377588629723,0.112
EOF2,-6.5,9.5,-0.02639257162809372,0.112
EOF2,-6.5,10.0,-0.028309402987360954,0.112
EOF2,-6.5,10.5,-0.030198635533452034,0.112
EOF2,-6.5,11.0,-0.03179428353905678,0.112
EOF2,-6.5,11.5,-0.02933470532298088,0.112
EOF2,-6.5,12.0,-0.01684524118900299,0.112
EOF2,-6.5,12.5,-0.0036220517940819263,0.112
EOF2,-6.5,13.0,0.008046937175095081,0.112
EOF2,-6.5,13.5,0.013508480973541737,0.112
EOF2,-6.5,14.0,0.009841261431574821,0.112
EOF2,-6.5,14.5,0.006224329583346844,0.112
EOF2,-6.5,15.0,0.002727363957092166,0.112
EOF2,-6.5,15.5,0.005251278635114431,0.112
EOF2,-6.5,16.0,0.007701915223151445,0.112
EOF2,-6.5,16.5,0.010046768002212048,0.112
EOF2,-6.5,17.0,0.010463360697031021,0.112
EOF2,-6.5,17.5,0.010836818255484104,0.112
EOF2,-6.5,18.0,0.010749618522822857,0.112
EOF2,-6.5,18.5,0.01065787486732006,0.112
EOF2,-6.5,19.0,0.010983511805534363,0.112
EOF2,-6.5,19.5,0.011143862269818783,0.112
EOF2,-6.5,20.0,0.011115964502096176,0.112
EOF2,-6.5,20.5,0.011086049489676952,0.112
EOF2,-6.5,21.0,0.010886108502745628,0.112
EOF2,-6.5,21.5,0.010624363087117672,0.112
EOF2,-6.5,22.0,0.010359237901866436,0.112
EOF2,-6.5,22.5,0.008875415660440922,0.112
EOF2,-6.5,23.0,0.008571384474635124,0.112
EOF2,-6.5,23.5,0.00789149571210146,0.112
EOF2,-6.5,24.0,0.007204982917755842,0.112
EOF2,-6.5,24.5,0.006872969679534435,0.112
EOF2,-6.5,25.0,0.007610634434968233,0.112
EOF2,-6.5,25.5,0.008338747546076775,0.112
EOF2,-6.5,26.0,0.00896276906132698,0.112
EOF2,-6.5,26.5,0.009186078794300556,0.112
EOF2,-6.5,27.0,0.008666962385177612,0.112
EOF2,-6.5,27.5,0.007925129495561123,0.112
EOF2,-6.5,28.0,0.007183045148849487,0.112
EOF2,-6.5,28.5,0.006740582175552845,0.112
EOF2,-6.5,29.0,0.006158222444355488,0.112
EOF2,-6.5,29.5,0.005554068833589554,0.112
EOF2,-6.5,30.0,0.00494299316778779,0.112
EOF2,-6.5,30.5,0.006382616702467203,0.112
EOF2,-6.5,31.0,0.007857190445065498,0.112
EOF2,-6.5,31.5,0.009357575327157974,0.112
EOF2,-6.5,32.0,0.010136028751730919,0.112
EOF2,-6.5,32.5,0.010109521448612213,0.112
EOF2,-6.5,33.0,0.011138916946947575,0.112
EOF2,-6.5,33.5,0.012209816835820675,0.112
EOF2,-6.5,34.0,0.012219573371112347,0.112
EOF2,-6.5,34.5,0.010599986650049686,0.112
EOF2,-6.0,0.5,-0.01607992686331272,0.112
EOF2,-6.0,1.0,-0.016602560877799988,0.112
EOF2,-6.0,1.5,-0.017120305448770523,0.112
EOF2,-6.0,2.0,-0.0175189021974802,0.112
EOF2,-6.0,2.5,-0.017639048397541046,0.112
EOF2,-6.0,3.0,-0.01784142665565014,0.112
EOF2,-6.0,3.5,-0.01804376393556595,0.112
EOF2,-6.0,4.0,-0.01831277459859848,0.112
EOF2,-6.0,4.5,-0.01842004992067814,0.112
EOF2,-6.0,5.0,-0.018444640561938286,0.112
EOF2,-6.0,5.5,-0.018466513603925705,0.112
EOF2,-6.0,6.0,-0.019053492695093155,0.112
EOF2,-6.0,6.5,-0.019815554842352867,0.112
EOF2,-6.0,7.0,-0.020582027733325958,0.112
EOF2,-6.0,7.5,-0.021285763010382652,0.112
EOF2,-6.0,8.0,-0.022624799981713295,0.112
EOF2,-6.0,8.5,-0.023842839524149895,0.112
EOF2,-6.0,9.0,-0.025040993466973305,0.112
EOF2,-6.0,9.5,-0.026072757318615913,0.112
EOF2,-6.0,10.0,-0.027281779795885086,0.112
EOF2,-6.0,10.5,-0.029183413833379745,0.112
EOF2,-6.0,11.0,-0.031049571931362152,0.112
EOF2,-6.0,11.5,-0.024220945313572884,0.112
EOF2,-6.0,12.0,-0.01015325915068388,0.112
EOF2,-6.0,12.5,0.002250123070552945,0.112
EOF2,-6.0,13.0,0.010172001086175442,0.112
EOF2,-6.0,13.5,0.012491718865931034,0.112
EOF2,-6.0,14.0,0.008896304294466972,0.112
EOF2,-6.0,14.5,0.00535600446164608,0.112
EOF2,-6.0,15.0,0.0019351175287738442,0.112
EOF2,-6.0,15.5,0.003993509337306023,0.112
EOF2,-6.0,16.0,0.006442023906856775,0.112
EOF2,-6.0,16.5,0.008798781782388687,0.112
EOF2,-6.0,17.0,0.010483372025191784,0.112
EOF2,-6.0,17.5,0.01039929874241352,0.112
EOF2,-6.0,18.0,0.010308247059583664,0.112
EOF2,-6.0,18.5,0.01025987509638071,0.112
EOF2,-6.0,19.0,0.010280308313667774,0.112
EOF2,-6.0,19.5,0.010255260393023491,0.112
EOF2,-6.0,20.0,0.010229297913610935,0.112
EOF2,-6.0,20.5,0.010017422959208488,0.112
EOF2,-6.0,21.0,0.009697921574115753,0.112
EOF2,-6.0,21.5,0.009432448074221611,0.112
EOF2,-6.0,22.0,0.009167525917291641,0.112
EOF2,-6.0,22.5,0.008895937353372574,0.112
EOF2,-6.0,23.0,0.008219517767429352,0.112
EOF2,-6.0,23.5,0.007534284610301256,0.112
EOF2,-6.0,24.0,0.006849966943264008,0.112
EOF2,-6.0,24.5,0.006571553647518158,0.112
EOF2,-6.0,25.0,0.007311712484806776,0.112
EOF2,-6.0,25.5,0.008046096190810204,0.112
EOF2,-6.0,26.0,0.008595838211476803,0.112
EOF2,-6.0,26.5,0.00878757331520319,0.112
EOF2,-6.0,27.0,0.008321966975927353,0.112
EOF2,-6.0,27.5,0.007574344519525766,0.112
EOF2,-6.0,28.0,0.0068232230842113495,0.112
EOF2,-6.0,28.5,0.005441796965897083,0.112
EOF2,-6.0,29.0,0.004842511378228664,0.112
EOF2,-6.0,29.5,0.004228691570460796,0.112
EOF2,-6.0,30.0,0.003610622836276889,0.112
EOF2,-6.0,30.5,0.005012916401028633,0.112
EOF2,-6.0,31.0,0.0064478674903512,0.112
EOF2,-6.0,31.5,0.00791084486991167,0.112
EOF2,-6.0,32.0,0.00950702466070652,0.112
EOF2,-6.0,32.5,0.010817033238708973,0.112
EOF2,-6.0,33.0,0.011868447996675968,0.112
EOF2,-6.0,33.5,0.01296599768102169,0.112
EOF2,-6.0,34.0,0.012603574432432652,0.112
EOF2,-6.0,34.5,0.010789584368467331,0.112
EOF2,-5.5,0.5,-0.016010276973247528,0.112
EOF2,-5.5,1.0,-0.0164058655500412,0.112
EOF2,-5.5,1.5,-0.016895536333322525,0.112
EOF2,-5.5,2.0,-0.01729237660765648,0.112
EOF2,-5.5,2.5,-0.01731342263519764,0.112
EOF2,-5.5,3.0,-0.01733533665537834,0.112
EOF2,-5.5,3.5,-0.01753373071551323,0.112
EOF2,-5.5,4.0,-0.017811650410294533,0.112
EOF2,-5.5,4.5,-0.018152065575122833,0.112
EOF2,-5.5,5.0,-0.018406542018055916,0.112
EOF2,-5.5,5.5,-0.018428508192300797,0.112
EOF2,-5.5,6.0,-0.01900959201157093,0.112
EOF2,-5.5,6.5,-0.019757267087697983,0.112
EOF2,-5.5,7.0,-0.020443368703126907,0.112
EOF2,-5.5,7.5,-0.02112693339586258,0.112
EOF2,-5.5,8.0,-0.02249925769865513,0.112
EOF2,-5.5,8.5,-0.023857973515987396,0.112
EOF2,-5.5,9.0,-0.025098012760281563,0.112
EOF2,-5.5,9.5,-0.026124367490410805,0.112
EOF2,-5.5,10.0,-0.02662724070250988,0.112
EOF2,-5.5,10.5,-0.027126247063279152,0.112
EOF2,-5.5,11.0,-0.028996385633945465,0.112
EOF2,-5.5,11.5,-0.022261183708906174,0.112
EOF2,-5.5,12.0,-0.00839825440198183,0.112
EOF2,-5.5,12.5,-0.002638330450281501,0.112
EOF2,-5.5,13.0,0.002482401207089424,0.112
EOF2,-5.5,13.5,0.00510972086340189,0.112
EOF2,-5.5,14.0,0.0069265104830265045,0.112
EOF2,-5.5,14.5,0.006065360736101866,0.112
EOF2,-5.5,15.0,0.0026844243984669447,0.112
EOF2,-5.5,15.5,0.004558165557682514,0.112
EOF2,-5.5,16.0,0.006416944786906242,0.112
EOF2,-5.5,16.5,0.008636770769953728,0.112
EOF2,-5.5,17.0,0.010322962887585163,0.112
EOF2,-5.5,17.5,0.01023274939507246,0.112
EOF2,-5.5,18.0,0.010261766612529755,0.112
EOF2,-5.5,18.5,0.010324780829250813,0.112
EOF2,-5.5,19.0,0.010345281101763248,0.112
EOF2,-5.5,19.5,0.010316308587789536,0.112
EOF2,-5.5,20.0,0.009921045042574406,0.112
EOF2,-5.5,20.5,0.0095274168998003,0.112
EOF2,-5.5,21.0,0.009203742258250713,0.112
EOF2,-5.5,21.5,0.00890701450407505,0.112
EOF2,-5.5,22.0,0.00862489640712738,0.112
EOF2,-5.5,22.5,0.0083552785217762,0.112
EOF2,-5.5,23.0,0.007681325543671846,0.112
EOF2,-5.5,23.5,0.007036476396024227,0.112
EOF2,-5.5,24.0,0.006427854765206575,0.112
EOF2,-5.5,24.5,0.006148704793304205,0.112
EOF2,-5.5,25.0,0.00688978610560298,0.112
EOF2,-5.5,25.5,0.007083407137542963,0.112
EOF2,-5.5,26.0,0.007095615845173597,0.112
EOF2,-5.5,26.5,0.007278778124600649,0.112
EOF2,-5.5,27.0,0.007643648888915777,0.112
EOF2,-5.5,27.5,0.007732189726084471,0.112
EOF2,-5.5,28.0,0.006963512860238552,0.112
EOF2,-5.5,28.5,0.005547134205698967,0.112
EOF2,-5.5,29.0,0.0039474195800721645,0.112
EOF2,-5.5,29.5,0.002850573044270277,0.112
EOF2,-5.5,30.0,0.0022207654546946287,0.112
EOF2,-5.5,30.5,0.0035855392925441265,0.112
EOF2,-5.5,31.0,0.004996488336473703,0.112
EOF2,-5.5,31.5,0.006492577958852053,0.112
EOF2,-5.5,32.0,0.00806757528334856,0.112
EOF2,-5.5,32.5,0.00968648586422205,0.112
EOF2,-5.5,33.0,0.011354167945683002,0.112
EOF2,-5.5,33.5,0.012451366521418095,0.112
EOF2,-5.5,34.0,0.012087429873645306,0.112
EOF2,-5.5,34.5,0.01027359813451767,0.112
EOF2,-5.0,0.5,-0.015978628769516945,0.112
EOF2,-5.0,1.0,-0.016372859477996826,0.112
EOF2,-5.0,1.5,-0.016764234751462936,0.112
EOF2,-5.0,2.0,-0.017063895240426064,0.112
EOF2,-5.0,2.5,-0.01708471216261387,0.112
EOF2,-5.0,3.0,-0.017109930515289307,0.112
EOF2,-5.0,3.5,-0.017127400264143944,0.112
EOF2,-5.0,4.0,-0.01731242425739765,0.112
EOF2,-5.0,4.5,-0.017643718048930168,0.112
EOF2,-5.0,5.0,-0.017983727157115936,0.112
EOF2,-5.0,5.5,-0.0183172095566988,0.112
EOF2,-5.0,6.0,-0.018913758918642998,0.112
EOF2,-5.0,6.5,-0.019602235406637192,0.112
EOF2,-5.0,7.0,-0.02028624713420868,0.112
EOF2,-5.0,7.5,-0.020976554602384567,0.112
EOF2,-5.0,8.0,-0.022344287484884262,0.112
EOF2,-5.0,8.5,-0.02370363473892212,0.112
EOF2,-5.0,9.0,-0.025052329525351524,0.112
EOF2,-5.0,9.5,-0.026172637939453125,0.112
EOF2,-5.0,10.0,-0.02667069621384144,0.112
EOF2,-5.0,10.5,-0.027166645973920822,0.112
EOF2,-5.0,11.0,-0.02764865942299366,0.112
EOF2,-5.0,11.5,-0.024015340954065323,0.112
EOF2,-5.0,12.0,-0.017042716965079308,0.112
EOF2,-5.0,12.5,-0.010825863108038902,0.112
EOF2,-5.0,13.0,-0.005254422780126333,0.112
EOF2,-5.0,13.5,-0.002343706088140607,0.112
EOF2,-5.0,14.0,-0.00030857394449412823,0.112
EOF2,-5.0,14.5,0.0016133927274495363,0.112
EOF2,-5.0,15.0,0.003413483267650008,0.112
EOF2,-5.0,15.5,0.00526164285838604,0.112
EOF2,-5.0,16.0,0.007085333578288555,0.112
EOF2,-5.0,16.5,0.008872879669070244,0.112
EOF2,-5.0,17.0,0.010193808935582638,0.112
EOF2,-5.0,17.5,0.01025916263461113,0.112
EOF2,-5.0,18.0,0.010323863476514816,0.112
EOF2,-5.0,18.5,0.010386033914983273,0.112
EOF2,-5.0,19.0,0.010220018215477467,0.112
EOF2,-5.0,19.5,0.009823346510529518,0.112
EOF2,-5.0,20.0,0.00942529272288084,0.112
EOF2,-5.0,20.5,0.009034549817442894,0.112
EOF2,-5.0,21.0,0.00871509313583374,0.112
EOF2,-5.0,21.5,0.00841827504336834,0.112
EOF2,-5.0,22.0,0.008120942860841751,0.112
EOF2,-5.0,22.5,0.00782402977347374,0.112
EOF2,-5.0,23.0,0.007230193354189396,0.112
EOF2,-5.0,23.5,0.00662259804084897,0.112
EOF2,-5.0,24.0,0.006007715594023466,0.112
EOF2,-5.0,24.5,0.00555017264559865,0.112
EOF2,-5.0,25.0,0.005564059130847454,0.112
EOF2,-5.0,25.5,0.005578232929110527,0.112
EOF2,-5.0,26.0,0.005589578300714493,0.112
EOF2,-5.0,26.5,0.005760704167187214,0.112
EOF2,-5.0,27.0,0.006104832980781794,0.112
EOF2,-5.0,27.5,0.006461392622441053,0.112
EOF2,-5.0,28.0,0.006827071774750948,0.112
EOF2,-5.0,28.5,0.005663074087351561,0.112
EOF2,-5.0,29.0,0.004029782023280859,0.112
EOF2,-5.0,29.5,0.0024324427358806133,0.112
EOF2,-5.0,30.0,0.0008955260273069143,0.112
EOF2,-5.0,30.5,0.002201860537752509,0.112
EOF2,-5.0,31.0,0.0035902198869735003,0.112
EOF2,-5.0,31.5,0.005060064140707254,0.112
EOF2,-5.0,32.0,0.006599747575819492,0.112
EOF2,-5.0,32.5,0.008209889754652977,0.112
EOF2,-5.0,33.0,0.009880094788968563,0.112
EOF2,-5.0,33.5,0.011605358682572842,0.112
EOF2,-5.0,34.0,0.012130828574299812,0.112
EOF2,-5.0,34.5,0.011410601437091827,0.112
EOF2,-4.5,0.5,-0.016793597489595413,0.112
EOF2,-4.5,1.0,-0.017182232812047005,0.112
EOF2,-4.5,1.5,-0.017393527552485466,0.112
EOF2,-4.5,2.0,-0.017494894564151764,0.112
EOF2,-4.5,2.5,-0.017462776973843575,0.112
EOF2,-4.5,3.0,-0.017473796382546425,0.112
EOF2,-4.5,3.5,-0.01749589666724205,0.112
EOF2,-4.5,4.0,-0.017673814669251442,0.112
EOF2,-4.5,4.5,-0.018006594851613045,0.112
EOF2,-4.5,5.0,-0.018312158063054085,0.112
EOF2,-4.5,5.5,-0.018519455567002296,0.112
EOF2,-4.5,6.0,-0.019106073305010796,0.112
EOF2,-4.5,6.5,-0.019802963361144066,0.112
EOF2,-4.5,7.0,-0.020482420921325684,0.112
EOF2,-4.5,7.5,-0.021165432408452034,0.112
EOF2,-4.5,8.0,-0.022516336292028427,0.112
EOF2,-4.5,8.5,-0.02386740781366825,0.112
EOF2,-4.5,9.0,-0.024862006306648254,0.112
EOF2,-4.5,9.5,-0.025651544332504272,0.112
EOF2,-4.5,10.0,-0.026159469038248062,0.112
EOF2,-4.5,10.5,-0.026615140959620476,0.112
EOF2,-4.5,11.0,-0.021430402994155884,0.112
EOF2,-4.5,11.5,-0.016984082758426666,0.112
EOF2,-4.5,12.0,-0.013323139399290085,0.112
EOF2,-4.5,12.5,-0.007519794162362814,0.112
EOF2,-4.5,13.0,-0.002287748036906123,0.112
EOF2,-4.5,13.5,0.0004352245887275785,0.112
EOF2,-4.5,14.0,0.002334351884201169,0.112
EOF2,-4.5,14.5,0.004446492996066809,0.112
EOF2,-4.5,15.0,0.006829963997006416,0.112
EOF2,-4.5,15.5,0.008660589344799519,0.112
EOF2,-4.5,16.0,0.010457309894263744,0.112
EOF2,-4.5,16.5,0.010229747742414474,0.112
EOF2,-4.5,17.0,0.009551274590194225,0.112
EOF2,-4.5,17.5,0.00948045402765274,0.112
EOF2,-4.5,18.0,0.009519059211015701,0.112
EOF2,-4.5,18.5,0.009589655324816704,0.112
EOF2,-4.5,19.0,0.009425501339137554,0.112
EOF2,-4.5,19.5,0.009028098545968533,0.112
EOF2,-4.5,20.0,0.008778615854680538,0.112
EOF2,-4.5,20.5,0.008964983746409416,0.112
EOF2,-4.5,21.0,0.008785690180957317,0.112
EOF2,-4.5,21.5,0.008488045074045658,0.112
EOF2,-4.5,22.0,0.008383635431528091,0.112
EOF2,-4.5,22.5,0.008472856134176254,0.112
EOF2,-4.5,23.0,0.00815323181450367,0.112
EOF2,-4.5,23.5,0.007689500227570534,0.112
EOF2,-4.5,24.0,0.007083721458911896,0.112
EOF2,-4.5,24.5,0.006622678600251675,0.112
EOF2,-4.5,25.0,0.0066343131475150585,0.112
EOF2,-4.5,25.5,0.006635779049247503,0.112
EOF2,-4.5,26.0,0.004831129685044289,0.112
EOF2,-4.5,26.5,0.004641784820705652,0.112
EOF2,-4.5,27.0,0.0060941558331251144,0.112
EOF2,-4.5,27.5,0.006456684786826372,0.112
EOF2,-4.5,28.0,0.0068204887211322784,0.112
EOF2,-4.5,28.5,0.005664316471666098,0.112
EOF2,-4.5,29.0,0.004032106138765812,0.112
EOF2,-4.5,29.5,0.0035767012741416693,0.112
EOF2,-4.5,30.0,0.004258137661963701,0.112
EOF2,-4.5,30.5,0.005666394717991352,0.112
EOF2,-4.5,31.0,0.0071556479670107365,0.112
EOF2,-4.5,31.5,0.006312426645308733,0.112
EOF2,-4.5,32.0,0.005468685645610094,0.112
EOF2,-4.5,32.5,0.0072204614989459515,0.112
EOF2,-4.5,33.0,0.008878545835614204,0.112
EOF2,-4.5,33.5,0.01055191457271576,0.112
EOF2,-4.5,34.0,0.012234690599143505,0.112
EOF2,-4.5,34.5,0.013869814574718475,0.112
EOF2,-4.0,0.5,-0.0175397340208292,0.112
EOF2,-4.0,1.0,-0.01768818125128746,0.112
EOF2,-4.0,1.5,-0.017839742824435234,0.112
EOF2,-4.0,2.0,-0.017941990867257118,0.112
EOF2,-4.0,2.5,-0.01790907047688961,0.112
EOF2,-4.0,3.0,-0.01787746511399746,0.112
EOF2,-4.0,3.5,-0.017857257276773453,0.112
EOF2,-4.0,4.0,-0.01803244836628437,0.112
EOF2,-4.0,4.5,-0.018281182274222374,0.112
EOF2,-4.0,5.0,-0.018492316827178,0.112
EOF2,-4.0,5.5,-0.01869569905102253,0.112
EOF2,-4.0,6.0,-0.019275790080428123,0.112
EOF2,-4.0,6.5,-0.019976912066340446,0.112
EOF2,-4.0,7.0,-0.02066805399954319,0.112
EOF2,-4.0,7.5,-0.02135000191628933,0.112
EOF2,-4.0,8.0,-0.022579820826649666,0.112
EOF2,-4.0,8.5,-0.023465866222977638,0.112
EOF2,-4.0,9.0,-0.024346377700567245,0.112
EOF2,-4.0,9.5,-0.025133950635790825,0.112
EOF2,-4.0,10.0,-0.022730747237801552,0.112
EOF2,-4.0,10.5,-0.017689257860183716,0.112
EOF2,-4.0,11.0,-0.012987187132239342,0.112
EOF2,-4.0,11.5,-0.009079838171601295,0.112
EOF2,-4.0,12.0,-0.00597296841442585,0.112
EOF2,-4.0,12.5,-0.0031634275801479816,0.112
EOF2,-4.0,13.0,0.0005396661581471562,0.112
EOF2,-4.0,13.5,0.0030925851315259933,0.112
EOF2,-4.0,14.0,0.005515917669981718,0.112
EOF2,-4.0,14.5,0.00791855063289404,0.112
EOF2,-4.0,15.0,0.010293577797710896,0.112
EOF2,-4.0,15.5,0.011418849229812622,0.112
EOF2,-4.0,16.0,0.010507755912840366,0.112
EOF2,-4.0,16.5,0.009613042697310448,0.112
EOF2,-4.0,17.0,0.008940598927438259,0.112
EOF2,-4.0,17.5,0.008876126259565353,0.112
EOF2,-4.0,18.0,0.008813567459583282,0.112
EOF2,-4.0,18.5,0.008786553516983986,0.112
EOF2,-4.0,19.0,0.008625187911093235,0.112
EOF2,-4.0,19.5,0.008669309318065643,0.112
EOF2,-4.0,20.0,0.008850530721247196,0.112
EOF2,-4.0,20.5,0.009039502590894699,0.112
EOF2,-4.0,21.0,0.008863470517098904,0.112
EOF2,-4.0,21.5,0.00895153358578682,0.112
EOF2,-4.0,22.0,0.009044184349477291,0.112
EOF2,-4.0,22.5,0.009133419953286648,0.112
EOF2,-4.0,23.0,0.008816101588308811,0.112
EOF2,-4.0,23.5,0.008492572233080864,0.112
EOF2,-4.0,24.0,0.008165578357875347,0.112
EOF2,-4.0,24.5,0.007712371647357941,0.112
EOF2,-4.0,25.0,0.006807824596762657,0.112
EOF2,-4.0,25.5,0.004978815093636513,0.112
EOF2,-4.0,26.0,0.0031423091422766447,0.112
EOF2,-4.0,26.5,0.0029474145267158747,0.112
EOF2,-4.0,27.0,0.004403797443956137,0.112
EOF2,-4.0,27.5,0.005886047147214413,0.112
EOF2,-4.0,28.0,0.006821761839091778,0.112
EOF2,-4.0,28.5,0.005678705405443907,0.112
EOF2,-4.0,29.0,0.0063419342041015625,0.112
EOF2,-4.0,29.5,0.007002013269811869,0.112
EOF2,-4.0,30.0,0.00765193859115243,0.112
EOF2,-4.0,30.5,0.008389594964683056,0.112
EOF2,-4.0,31.0,0.00681725749745965,0.112
EOF2,-4.0,31.5,0.005173608660697937,0.112
EOF2,-4.0,32.0,0.004317719489336014,0.112
EOF2,-4.0,32.5,0.006041824817657471,0.112
EOF2,-4.0,33.0,0.007798006758093834,0.112
EOF2,-4.0,33.5,0.009544453583657742,0.112
EOF2,-4.0,34.0,0.011180248111486435,0.112
EOF2,-4.0,34.5,0.012796490453183651,0.112
EOF2,-3.5,0.5,-0.018226241692900658,0.112
EOF2,-3.5,1.0,-0.018378814682364464,0.112
EOF2,-3.5,1.5,-0.018527111038565636,0.112
EOF2,-3.5,2.0,-0.018418675288558006,0.112
EOF2,-3.5,2.5,-0.01843005232512951,0.112
EOF2,-3.5,3.0,-0.01839517056941986,0.112
EOF2,-3.5,3.5,-0.01835983246564865,0.112
EOF2,-3.5,4.0,-0.01844586245715618,0.112
EOF2,-3.5,4.5,-0.018657397478818893,0.112
EOF2,-3.5,5.0,-0.018866775557398796,0.112
EOF2,-3.5,5.5,-0.01910221576690674,0.112
EOF2,-3.5,6.0,-0.01969582960009575,0.112
EOF2,-3.5,6.5,-0.02038770541548729,0.112
EOF2,-3.5,7.0,-0.021074695512652397,0.112
EOF2,-3.5,7.5,-0.021257037296891212,0.112
EOF2,-3.5,8.0,-0.022138003259897232,0.112
EOF2,-3.5,8.5,-0.023020382970571518,0.112
EOF2,-3.5,9.0,-0.023873552680015564,0.112
EOF2,-3.5,9.5,-0.020298603922128677,0.112
EOF2,-3.5,10.0,-0.015092761255800724,0.112
EOF2,-3.5,10.5,-0.010571062564849854,0.112
EOF2,-3.5,11.0,-0.006349112838506699,0.112
EOF2,-3.5,11.5,-0.002902717562392354,0.112
EOF2,-3.5,12.0,-0.00024194715660996735,0.112
EOF2,-3.5,12.5,0.002178577473387122,0.112
EOF2,-3.5,13.0,0.003213639138266444,0.112
EOF2,-3.5,13.5,0.005143938586115837,0.112
EOF2,-3.5,14.0,0.007575218565762043,0.112
EOF2,-3.5,14.5,0.009978567250072956,0.112
EOF2,-3.5,15.0,0.012344002723693848,0.112
EOF2,-3.5,15.5,0.011645744554698467,0.112
EOF2,-3.5,16.0,0.010728113353252411,0.112
EOF2,-3.5,16.5,0.009828758426010609,0.112
EOF2,-3.5,17.0,0.009150848723948002,0.112
EOF2,-3.5,17.5,0.009084060788154602,0.112
EOF2,-3.5,18.0,0.009019136428833008,0.112
EOF2,-3.5,18.5,0.008766722865402699,0.112
EOF2,-3.5,19.0,0.008659069426357746,0.112
EOF2,-3.5,19.5,0.008952169679105282,0.112
EOF2,-3.5,20.0,0.0091395890340209,0.112
EOF2,-3.5,20.5,0.009330363012850285,0.112
EOF2,-3.5,21.0,0.009348167106509209,0.112
EOF2,-3.5,21.5,0.009440227411687374,0.112
EOF2,-3.5,22.0,0.009531904011964798,0.112
EOF2,-3.5,22.5,0.009622874669730663,0.112
EOF2,-3.5,23.0,0.009304430335760117,0.112
EOF2,-3.5,23.5,0.008978850208222866,0.112
EOF2,-3.5,24.0,0.008657589554786682,0.112
EOF2,-3.5,24.5,0.00845789723098278,0.112
EOF2,-3.5,25.0,0.006623369641602039,0.112
EOF2,-3.5,25.5,0.004780512768775225,0.112
EOF2,-3.5,26.0,0.003236922435462475,0.112
EOF2,-3.5,26.5,0.0036526203621178865,0.112
EOF2,-3.5,27.0,0.005128955934196711,0.112
EOF2,-3.5,27.5,0.006629938259720802,0.112
EOF2,-3.5,28.0,0.007079979870468378,0.112
EOF2,-3.5,28.5,0.007689259015023708,0.112
EOF2,-3.5,29.0,0.008351091295480728,0.112
EOF2,-3.5,29.5,0.008994788862764835,0.112
EOF2,-3.5,30.0,0.009617035277187824,0.112
EOF2,-3.5,30.5,0.008116407319903374,0.112
EOF2,-3.5,31.0,0.006535762920975685,0.112
EOF2,-3.5,31.5,0.004884547553956509,0.112
EOF2,-3.5,32.0,0.003390081925317645,0.112
EOF2,-3.5,32.5,0.005097143352031708,0.112
EOF2,-3.5,33.0,0.006834996864199638,0.112
EOF2,-3.5,33.5,0.008384322747588158,0.112
EOF2,-3.5,34.0,0.009639828465878963,0.112
EOF2,-3.5,34.5,0.01122625358402729,0.112
EOF2,-3.0,0.5,-0.01915396749973297,0.112
EOF2,-3.0,1.0,-0.01914464309811592,0.112
EOF2,-3.0,1.5,-0.018982453271746635,0.112
EOF2,-3.0,2.0,-0.01887037418782711,0.112
EOF2,-3.0,2.5,-0.018918659538030624,0.112
EOF2,-3.0,3.0,-0.018972964957356453,0.112
EOF2,-3.0,3.5,-0.018938735127449036,0.112
EOF2,-3.0,4.0,-0.019024239853024483,0.112
EOF2,-3.0,4.5,-0.01923316903412342,0.112
EOF2,-3.0,5.0,-0.019496846944093704,0.112
EOF2,-3.0,5.5,-0.01976490579545498,0.112
EOF2,-3.0,6.0,-0.020350825041532516,0.112
EOF2,-3.0,6.5,-0.020867731422185898,0.112
EOF2,-3.0,7.0,-0.020876603201031685,0.112
EOF2,-3.0,7.5,-0.020885920152068138,0.112
EOF2,-3.0,8.0,-0.021763557568192482,0.112
EOF2,-3.0,8.5,-0.020802799612283707,0.112
EOF2,-3.0,9.0,-0.01807519793510437,0.112
EOF2,-3.0,9.5,-0.014723030850291252,0.112
EOF2,-3.0,10.0,-0.00971311517059803,0.112
EOF2,-3.0,10.5,-0.005273152142763138,0.112
EOF2,-3.0,11.0,-0.0014633169630542397,0.112
EOF2,-3.0,11.5,0.0015977321891114116,0.112
EOF2,-3.0,12.0,0.0038937218487262726,0.112
EOF2,-3.0,12.5,0.00371183711104095,0.112
EOF2,-3.0,13.0,0.0035195122472941875,0.112
EOF2,-3.0,13.5,0.005445240531116724,0.112
EOF2,-3.0,14.0,0.008086247369647026,0.112
EOF2,-3.0,14.5,0.010618072003126144,0.112
EOF2,-3.0,15.0,0.012996958568692207,0.112
EOF2,-3.0,15.5,0.012359040789306164,0.112
EOF2,-3.0,16.0,0.011722004041075706,0.112
EOF2,-3.0,16.5,0.010884590446949005,0.112
EOF2,-3.0,17.0,0.01019191648811102,0.112
EOF2,-3.0,17.5,0.010117393918335438,0.112
EOF2,-3.0,18.0,0.009471304714679718,0.112
EOF2,-3.0,18.5,0.008643565699458122,0.112
EOF2,-3.0,19.0,0.008536206558346748,0.112
EOF2,-3.0,19.5,0.009143013507127762,0.112
EOF2,-3.0,20.0,0.009641234762966633,0.112
EOF2,-3.0,20.5,0.009834559634327888,0.112
EOF2,-3.0,21.0,0.009853593073785305,0.112
EOF2,-3.0,21.5,0.009819051250815392,0.112
EOF2,-3.0,22.0,0.009849545545876026,0.112
EOF2,-3.0,22.5,0.009940741583704948,0.112
EOF2,-3.0,23.0,0.00961909070611,0.112
EOF2,-3.0,23.5,0.009633367881178856,0.112
EOF2,-3.0,24.0,0.009987873025238514,0.112
EOF2,-3.0,24.5,0.009794860146939754,0.112
EOF2,-3.0,25.0,0.007944934070110321,0.112
EOF2,-3.0,25.5,0.00701317610219121,0.112
EOF2,-3.0,26.0,0.006387339439243078,0.112
EOF2,-3.0,26.5,0.006821143440902233,0.112
EOF2,-3.0,27.0,0.008326048962771893,0.112
EOF2,-3.0,27.5,0.007718456909060478,0.112
EOF2,-3.0,28.0,0.007105477154254913,0.112
EOF2,-3.0,28.5,0.0077150785364210606,0.112
EOF2,-3.0,29.0,0.008726652711629868,0.112
EOF2,-3.0,29.5,0.00955812819302082,0.112
EOF2,-3.0,30.0,0.010180337354540825,0.112
EOF2,-3.0,30.5,0.008676907978951931,0.112
EOF2,-3.0,31.0,0.00667223334312439,0.112
EOF2,-3.0,31.5,0.00417843135073781,0.112
EOF2,-3.0,32.0,0.0026874723844230175,0.112
EOF2,-3.0,32.5,0.004377285018563271,0.112
EOF2,-3.0,33.0,0.0054796920157969,0.112
EOF2,-3.0,33.5,0.006388471927493811,0.112
EOF2,-3.0,34.0,0.007623725570738316,0.112
EOF2,-3.0,34.5,0.009188603609800339,0.112
EOF2,-2.5,0.5,-0.01975562982261181,0.112
EOF2,-2.5,1.0,-0.019593050703406334,0.112
EOF2,-2.5,1.5,-0.019428476691246033,0.112
EOF2,-2.5,2.0,-0.019315466284751892,0.112
EOF2,-2.5,2.5,-0.019360236823558807,0.112
EOF2,-2.5,3.0,-0.019418571144342422,0.112
EOF2,-2.5,3.5,-0.019468160346150398,0.112
EOF2,-2.5,4.0,-0.019624100998044014,0.112
EOF2,-2.5,4.5,-0.019889352843165398,0.112
EOF2,-2.5,5.0,-0.020154699683189392,0.112
EOF2,-2.5,5.5,-0.020416175946593285,0.112
EOF2,-2.5,6.0,-0.02048778161406517,0.112
EOF2,-2.5,6.5,-0.02049868553876877,0.112
EOF2,-2.5,7.0,-0.020508669316768646,0.112
EOF2,-2.5,7.5,-0.020505083724856377,0.112
EOF2,-2.5,8.0,-0.017790907993912697,0.112
EOF2,-2.5,8.5,-0.015131884254515171,0.112
EOF2,-2.5,9.0,-0.0125541090965271,0.112
EOF2,-2.5,9.5,-0.009438327513635159,0.112
EOF2,-2.5,10.0,-0.0048592365346848965,0.112
EOF2,-2.5,10.5,-0.0007892809808254242,0.112
EOF2,-2.5,11.0,0.0028448589146137238,0.112
EOF2,-2.5,11.5,0.004421142861247063,0.112
EOF2,-2.5,12.0,0.004217170178890228,0.112
EOF2,-2.5,12.5,0.0040183295495808125,0.112
EOF2,-2.5,13.0,0.0038229660131037235,0.112
EOF2,-2.5,13.5,0.005747593939304352,0.112
EOF2,-2.5,14.0,0.008380603976547718,0.112
EOF2,-2.5,14.5,0.011024209670722485,0.112
EOF2,-2.5,15.0,0.013654923997819424,0.112
EOF2,-2.5,15.5,0.013003703206777573,0.112
EOF2,-2.5,16.0,0.012355014681816101,0.112
EOF2,-2.5,16.5,0.011720696464180946,0.112
EOF2,-2.5,17.0,0.011054707691073418,0.112
EOF2,-2.5,17.5,0.010201338678598404,0.112
EOF2,-2.5,18.0,0.009357145987451077,0.112
EOF2,-2.5,18.5,0.00852368026971817,0.112
EOF2,-2.5,19.0,0.00841732881963253,0.112
EOF2,-2.5,19.5,0.009026776067912579,0.112
EOF2,-2.5,20.0,0.009638393297791481,0.112
EOF2,-2.5,20.5,0.010253384709358215,0.112
EOF2,-2.5,21.0,0.010378936305642128,0.112
EOF2,-2.5,21.5,0.01034292858093977,0.112
EOF2,-2.5,22.0,0.010307262651622295,0.112
EOF2,-2.5,22.5,0.010272206738591194,0.112
EOF2,-2.5,23.0,0.01062284130603075,0.112
EOF2,-2.5,23.5,0.010984675958752632,0.112
EOF2,-2.5,24.0,0.011343761347234249,0.112
EOF2,-2.5,24.5,0.011450668796896935,0.112
EOF2,-2.5,25.0,0.010829178616404533,0.112
EOF2,-2.5,25.5,0.010206568986177444,0.112
EOF2,-2.5,26.0,0.009580927900969982,0.112
EOF2,-2.5,26.5,0.008972296491265297,0.112
EOF2,-2.5,27.0,0.008356056176126003,0.112
EOF2,-2.5,27.5,0.007743312511593103,0.112
EOF2,-2.5,28.0,0.007130049169063568,0.112
EOF2,-2.5,28.5,0.007737767416983843,0.112
EOF2,-2.5,29.0,0.008750077337026596,0.112
EOF2,-2.5,29.5,0.00976274348795414,0.112
EOF2,-2.5,30.0,0.010754776187241077,0.112
EOF2,-2.5,30.5,0.008398676291108131,0.112
EOF2,-2.5,31.0,0.005970947444438934,0.112
EOF2,-2.5,31.5,0.0034839618019759655,0.112
EOF2,-2.5,32.0,0.0018000482814386487,0.112
EOF2,-2.5,32.5,0.0026837834157049656,0.112
EOF2,-2.5,33.0,0.0035682041198015213,0.112
EOF2,-2.5,33.5,0.004460760857909918,0.112
EOF2,-2.5,34.0,0.0058519551530480385,0.112
EOF2,-2.5,34.5,0.007791484706103802,0.112
EOF2,-2.0,0.5,-0.01931600086390972,0.112
EOF2,-2.0,1.0,-0.01915155164897442,0.112
EOF2,-2.0,1.5,-0.018978094682097435,0.112
EOF2,-2.0,2.0,-0.01880755089223385,0.112
EOF2,-2.0,2.5,-0.01864306814968586,0.112
EOF2,-2.0,3.0,-0.018639666959643364,0.112
EOF2,-2.0,3.5,-0.018690409138798714,0.112
EOF2,-2.0,4.0,-0.018847249448299408,0.112
EOF2,-2.0,4.5,-0.019109142944216728,0.112
EOF2,-2.0,5.0,-0.019305966794490814,0.112
EOF2,-2.0,5.5,-0.019270267337560654,0.112
EOF2,-2.0,6.0,-0.0192613136023283,0.112
EOF2,-2.0,6.5,-0.019254084676504135,0.112
EOF2,-2.0,7.0,-0.01926722191274166,0.112
EOF2,-2.0,7.5,-0.019263850525021553,0.112
EOF2,-2.0,8.0,-0.01428981963545084,0.112
EOF2,-2.0,8.5,-0.010605283081531525,0.112
EOF2,-2.0,9.0,-0.008117584511637688,0.112
EOF2,-2.0,9.5,-0.0051444340497255325,0.112
EOF2,-2.0,10.0,-0.0008564225281588733,0.112
EOF2,-2.0,10.5,0.0029421132057905197,0.112
EOF2,-2.0,11.0,0.0038556142244488,0.112
EOF2,-2.0,11.5,0.004141427576541901,0.112
EOF2,-2.0,12.0,0.0038819105830043554,0.112
EOF2,-2.0,12.5,0.0036873258650302887,0.112
EOF2,-2.0,13.0,0.0034940179903060198,0.112
EOF2,-2.0,13.5,0.005424506962299347,0.112
EOF2,-2.0,14.0,0.008075118996202946,0.112
EOF2,-2.0,14.5,0.010578245855867863,0.112
EOF2,-2.0,15.0,0.01291684154421091,0.112
EOF2,-2.0,15.5,0.012270993553102016,0.112
EOF2,-2.0,16.0,0.011627291329205036,0.112
EOF2,-2.0,16.5,0.01119167823344469,0.112
EOF2,-2.0,17.0,0.010966151021420956,0.112
EOF2,-2.0,17.5,0.011157035827636719,0.112
EOF2,-2.0,18.0,0.010562346316874027,0.112
EOF2,-2.0,18.5,0.009716568514704704,0.112
EOF2,-2.0,19.0,0.009604771621525288,0.112
EOF2,-2.0,19.5,0.010221763513982296,0.112
EOF2,-2.0,20.0,0.010831957682967186,0.112
EOF2,-2.0,20.5,0.011412994004786015,0.112
EOF2,-2.0,21.0,0.011535247787833214,0.112
EOF2,-2.0,21.5,0.011498196981847286,0.112
EOF2,-2.0,22.0,0.011610360816121101,0.112
EOF2,-2.0,22.5,0.011866480112075806,0.112
EOF2,-2.0,23.0,0.011659195646643639,0.112
EOF2,-2.0,23.5,0.011738548055291176,0.112
EOF2,-2.0,24.0,0.012101617641746998,0.112
EOF2,-2.0,24.5,0.012140215374529362,0.112
EOF2,-2.0,25.0,0.011206598952412605,0.112
EOF2,-2.0,25.5,0.010506601072847843,0.112
EOF2,-2.0,26.0,0.009879001416265965,0.112
EOF2,-2.0,26.5,0.00925262551754713,0.112
EOF2,-2.0,27.0,0.00863347016274929,0.112
EOF2,-2.0,27.5,0.00816029217094183,0.112
EOF2,-2.0,28.0,0.00812529493123293,0.112
EOF2,-2.0,28.5,0.008888104930520058,0.112
EOF2,-2.0,29.0,0.009916594251990318,0.112
EOF2,-2.0,29.5,0.010855598375201225,0.112
EOF2,-2.0,30.0,0.011686998419463634,0.112
EOF2,-2.0,30.5,0.008985440246760845,0.112
EOF2,-2.0,31.0,0.0062654586508870125,0.112
EOF2,-2.0,31.5,0.003632440697401762,0.112
EOF2,-2.0,32.0,0.0018474743701517582,0.112
EOF2,-2.0,32.5,0.002782112220302224,0.112
EOF2,-2.0,33.0,0.0037204851396381855,0.112
EOF2,-2.0,33.5,0.004182792734354734,0.112
EOF2,-2.0,34.0,0.005288248881697655,0.112
EOF2,-2.0,34.5,0.007123993709683418,0.112
EOF2,-1.5,0.5,-0.01886763609945774,0.112
EOF2,-1.5,1.0,-0.018695790320634842,0.112
EOF2,-1.5,1.5,-0.0185231976211071,0.112
EOF2,-1.5,2.0,-0.018352510407567024,0.112
EOF2,-1.5,2.5,-0.01818522997200489,0.112
EOF2,-1.5,3.0,-0.01801968738436699,0.112
EOF2,-1.5,3.5,-0.017910707741975784,0.112
EOF2,-1.5,4.0,-0.018064705654978752,0.112
EOF2,-1.5,4.5,-0.01811574585735798,0.112
EOF2,-1.5,5.0,-0.018084725365042686,0.112
EOF2,-1.5,5.5,-0.018057292327284813,0.112
EOF2,-1.5,6.0,-0.018048107624053955,0.112
EOF2,-1.5,6.5,-0.01804112270474434,0.112
EOF2,-1.5,7.0,-0.01803339272737503,0.112
EOF2,-1.5,7.5,-0.018024468794465065,0.112
EOF2,-1.5,8.0,-0.013067339546978474,0.112
EOF2,-1.5,8.5,-0.008308769203722477,0.112
EOF2,-1.5,9.0,-0.003776884637773037,0.112
EOF2,-1.5,9.5,-0.0009317838121205568,0.112
EOF2,-1.5,10.0,0.0016803753096610308,0.112
EOF2,-1.5,10.5,0.0026963583659380674,0.112
EOF2,-1.5,11.0,0.0036051124334335327,0.112
EOF2,-1.5,11.5,0.0038966606371104717,0.112
EOF2,-1.5,12.0,0.003639805829152465,0.112
EOF2,-1.5,12.5,0.00337974913418293,0.112
EOF2,-1.5,13.0,0.003158544423058629,0.112
EOF2,-1.5,13.5,0.005097579676657915,0.112
EOF2,-1.5,14.0,0.0074576688930392265,0.112
EOF2,-1.5,14.5,0.009818698279559612,0.112
EOF2,-1.5,15.0,0.01216882187873125,0.112
EOF2,-1.5,15.5,0.011592242866754532,0.112
EOF2,-1.5,16.0,0.01121411845088005,0.112
EOF2,-1.5,16.5,0.010842093266546726,0.112
EOF2,-1.5,17.0,0.010617032647132874,0.112
EOF2,-1.5,17.5,0.01081172563135624,0.112
EOF2,-1.5,18.0,0.011003091000020504,0.112
EOF2,-1.5,18.5,0.010932722128927708,0.112
EOF2,-1.5,19.0,0.010816249065101147,0.112
EOF2,-1.5,19.5,0.011406712234020233,0.112
EOF2,-1.5,20.0,0.011995581910014153,0.112
EOF2,-1.5,20.5,0.0125810531899333,0.112
EOF2,-1.5,21.0,0.012705935165286064,0.112
EOF2,-1.5,21.5,0.012963787652552128,0.112
EOF2,-1.5,22.0,0.013224243186414242,0.112
EOF2,-1.5,22.5,0.013483014889061451,0.112
EOF2,-1.5,23.0,0.013277980498969555,0.112
EOF2,-1.5,23.5,0.013070582412183285,0.112
EOF2,-1.5,24.0,0.012869246304035187,0.112
EOF2,-1.5,24.5,0.01290386077016592,0.112
EOF2,-1.5,25.0,0.011967562139034271,0.112
EOF2,-1.5,25.5,0.011027033440768719,0.112
EOF2,-1.5,26.0,0.010164369828999043,0.112
EOF2,-1.5,26.5,0.009536489844322205,0.112
EOF2,-1.5,27.0,0.009360880590975285,0.112
EOF2,-1.5,27.5,0.009333720430731773,0.112
EOF2,-1.5,28.0,0.00930689089000225,0.112
EOF2,-1.5,28.5,0.010084536857903004,0.112
EOF2,-1.5,29.0,0.01094855461269617,0.112
EOF2,-1.5,29.5,0.011814027093350887,0.112
EOF2,-1.5,30.0,0.01266871765255928,0.112
EOF2,-1.5,30.5,0.009938481263816357,0.112
EOF2,-1.5,31.0,0.006988347042351961,0.112
EOF2,-1.5,31.5,0.0038042564410716295,0.112
EOF2,-1.5,32.0,0.0019064740044996142,0.112
EOF2,-1.5,32.5,0.00268553476780653,0.112
EOF2,-1.5,33.0,0.0032127078156918287,0.112
EOF2,-1.5,33.5,0.0036894967779517174,0.112
EOF2,-1.5,34.0,0.004785819910466671,0.112
EOF2,-1.5,34.5,0.006581527646631002,0.112
EOF2,-1.0,0.5,-0.018142668530344963,0.112
EOF2,-1.0,1.0,-0.017967425286769867,0.112
EOF2,-1.0,1.5,-0.017793675884604454,0.112
EOF2,-1.0,2.0,-0.017621830105781555,0.112
EOF2,-1.0,2.5,-0.01745602861046791,0.112
EOF2,-1.0,3.0,-0.0172903910279274,0.112
EOF2,-1.0,3.5,-0.01706896722316742,0.112
EOF2,-1.0,4.0,-0.016745639964938164,0.112
EOF2,-1.0,4.5,-0.016662584617733955,0.112
EOF2,-1.0,5.0,-0.016639001667499542,0.112
EOF2,-1.0,5.5,-0.01661115139722824,0.112
EOF2,-1.0,6.0,-0.016482507809996605,0.112
EOF2,-1.0,6.5,-0.016481265425682068,0.112
EOF2,-1.0,7.0,-0.016477322205901146,0.112
EOF2,-1.0,7.5,-0.01645742356777191,0.112
EOF2,-1.0,8.0,-0.012263819575309753,0.112
EOF2,-1.0,8.5,-0.007507635280489922,0.112
EOF2,-1.0,9.0,-0.002963720355182886,0.112
EOF2,-1.0,9.5,0.0005056080990470946,0.112
EOF2,-1.0,10.0,0.0014395263278856874,0.112
EOF2,-1.0,10.5,0.00246262620203197,0.112
EOF2,-1.0,11.0,0.003381126094609499,0.112
EOF2,-1.0,11.5,0.003676975378766656,0.112
EOF2,-1.0,12.0,0.0034199298825114965,0.112
EOF2,-1.0,12.5,0.003162490902468562,0.112
EOF2,-1.0,13.0,0.0028421760071069,0.112
EOF2,-1.0,13.5,0.003777473233640194,0.112
EOF2,-1.0,14.0,0.006112708710134029,0.112
EOF2,-1.0,14.5,0.008461903780698776,0.112
EOF2,-1.0,15.0,0.010797616094350815,0.112
EOF2,-1.0,15.5,0.010438421741127968,0.112
EOF2,-1.0,16.0,0.010071289725601673,0.112
EOF2,-1.0,16.5,0.00972224771976471,0.112
EOF2,-1.0,17.0,0.01014711894094944,0.112
EOF2,-1.0,17.5,0.010343851521611214,0.112
EOF2,-1.0,18.0,0.010536733083426952,0.112
EOF2,-1.0,18.5,0.010911119170486927,0.112
EOF2,-1.0,19.0,0.011759760789573193,0.112
EOF2,-1.0,19.5,0.012394056655466557,0.112
EOF2,-1.0,20.0,0.012981760315597057,0.112
EOF2,-1.0,20.5,0.013573392294347286,0.112
EOF2,-1.0,21.0,0.013551845215260983,0.112
EOF2,-1.0,21.5,0.013807917013764381,0.112
EOF2,-1.0,22.0,0.014069763012230396,0.112
EOF2,-1.0,22.5,0.014328929595649242,0.112
EOF2,-1.0,23.0,0.01401086337864399,0.112
EOF2,-1.0,23.5,0.013805265538394451,0.112
EOF2,-1.0,24.0,0.013597719371318817,0.112
EOF2,-1.0,24.5,0.013206147588789463,0.112
EOF2,-1.0,25.0,0.012264085933566093,0.112
EOF2,-1.0,25.5,0.011321919970214367,0.112
EOF2,-1.0,26.0,0.01048966497182846,0.112
EOF2,-1.0,26.5,0.010164909064769745,0.112
EOF2,-1.0,27.0,0.010105506516993046,0.112
EOF2,-1.0,27.5,0.010080298408865929,0.112
EOF2,-1.0,28.0,0.010061781853437424,0.112
EOF2,-1.0,28.5,0.010707953944802284,0.112
EOF2,-1.0,29.0,0.011574845761060715,0.112
EOF2,-1.0,29.5,0.012447837740182877,0.112
EOF2,-1.0,30.0,0.011916005052626133,0.112
EOF2,-1.0,30.5,0.009119509719312191,0.112
EOF2,-1.0,31.0,0.006108582951128483,0.112
EOF2,-1.0,31.5,0.0028745210729539394,0.112
EOF2,-1.0,32.0,0.0025952670257538557,0.112
EOF2,-1.0,32.5,0.002373098861426115,0.112
EOF2,-1.0,33.0,0.002913749311119318,0.112
EOF2,-1.0,33.5,0.0034060056786984205,0.112
EOF2,-1.0,34.0,0.004508055280894041,0.112
EOF2,-1.0,34.5,0.006302088964730501,0.112
EOF2,-0.5,0.5,-0.017311127856373787,0.112
EOF2,-0.5,1.0,-0.01699812151491642,0.112
EOF2,-0.5,1.5,-0.016784392297267914,0.112
EOF2,-0.5,2.0,-0.016608951613307,0.112
EOF2,-0.5,2.5,-0.016446508467197418,0.112
EOF2,-0.5,3.0,-0.01611495204269886,0.112
EOF2,-0.5,3.5,-0.01573093794286251,0.112
EOF2,-0.5,4.0,-0.015405332669615746,0.112
EOF2,-0.5,4.5,-0.015149303711950779,0.112
EOF2,-0.5,5.0,-0.014955054968595505,0.112
EOF2,-0.5,5.5,-0.014933289960026741,0.112
EOF2,-0.5,6.0,-0.014801930636167526,0.112
EOF2,-0.5,6.5,-0.01463679876178503,0.112
EOF2,-0.5,7.0,-0.014553413726389408,0.112
EOF2,-0.5,7.5,-0.014533702284097672,0.112
EOF2,-0.5,8.0,-0.010617062449455261,0.112
EOF2,-0.5,8.5,-0.006864516064524651,0.112
EOF2,-0.5,9.0,-0.0025593875907361507,0.112
EOF2,-0.5,9.5,0.0009216818143613636,0.112
EOF2,-0.5,10.0,0.0016228050226345658,0.112
EOF2,-0.5,10.5,0.002252798294648528,0.112
EOF2,-0.5,11.0,0.0031812372617423534,0.112
EOF2,-0.5,11.5,0.00348363583907485,0.112
EOF2,-0.5,12.0,0.003225464140996337,0.112
EOF2,-0.5,12.5,0.0028342825826257467,0.112
EOF2,-0.5,13.0,0.0024450840428471565,0.112
EOF2,-0.5,13.5,0.0033730934374034405,0.112
EOF2,-0.5,14.0,0.004724216181784868,0.112
EOF2,-0.5,14.5,0.0065497420728206635,0.112
EOF2,-0.5,15.0,0.008859035558998585,0.112
EOF2,-0.5,15.5,0.008523445576429367,0.112
EOF2,-0.5,16.0,0.008611987344920635,0.112
EOF2,-0.5,16.5,0.009125100448727608,0.112
EOF2,-0.5,17.0,0.009556242264807224,0.112
EOF2,-0.5,17.5,0.009757264517247677,0.112
EOF2,-0.5,18.0,0.010498251765966415,0.112
EOF2,-0.5,18.5,0.011416018940508366,0.112
EOF2,-0.5,19.0,0.012268409132957458,0.112
EOF2,-0.5,19.5,0.013053524307906628,0.112
EOF2,-0.5,20.0,0.013788376934826374,0.112
EOF2,-0.5,20.5,0.01438090205192566,0.112
EOF2,-0.5,21.0,0.014357991516590118,0.112
EOF2,-0.5,21.5,0.014125309884548187,0.112
EOF2,-0.5,22.0,0.014139384962618351,0.112
EOF2,-0.5,22.5,0.014398617669939995,0.112
EOF2,-0.5,23.0,0.014040432870388031,0.112
EOF2,-0.5,23.5,0.013677790760993958,0.112
EOF2,-0.5,24.0,0.013428932055830956,0.112
EOF2,-0.5,24.5,0.013038553297519684,0.112
EOF2,-0.5,25.0,0.012095739133656025,0.112
EOF2,-0.5,25.5,0.011492330580949783,0.112
EOF2,-0.5,26.0,0.011003941297531128,0.112
EOF2,-0.5,26.5,0.010674656368792057,0.112
EOF2,-0.5,27.0,0.0105069475248456,0.112
EOF2,-0.5,27.5,0.010376292280852795,0.112
EOF2,-0.5,28.0,0.010355763137340546,0.112
EOF2,-0.5,28.5,0.010995836928486824,0.112
EOF2,-0.5,29.0,0.011393532156944275,0.112
EOF2,-0.5,29.5,0.010405419394373894,0.112
EOF2,-0.5,30.0,0.009388032369315624,0.112
EOF2,-0.5,30.5,0.0065129948779940605,0.112
EOF2,-0.5,31.0,0.005028024781495333,0.112
EOF2,-0.5,31.5,0.005111369304358959,0.112
EOF2,-0.5,32.0,0.004892599768936634,0.112
EOF2,-0.5,32.5,0.0038247667253017426,0.112
EOF2,-0.5,33.0,0.002825295552611351,0.112
EOF2,-0.5,33.5,0.003321312600746751,0.112
EOF2,-0.5,34.0,0.004444981459528208,0.112
EOF2,-0.5,34.5,0.006263074465095997,0.112
EOF2,0.0,0.5,-0.016506172716617584,0.112
EOF2,0.0,1.0,-0.01618756167590618,0.112
EOF2,0.0,1.5,-0.015869025141000748,0.112
EOF2,0.0,2.0,-0.015537952072918415,0.112
EOF2,0.0,2.5,-0.015150344930589199,0.112
EOF2,0.0,3.0,-0.014766640961170197,0.112
EOF2,0.0,3.5,-0.014378265477716923,0.112
EOF2,0.0,4.0,-0.014051338657736778,0.112
EOF2,0.0,4.5,-0.013802923262119293,0.112
EOF2,0.0,5.0,-0.013550588861107826,0.112
EOF2,0.0,5.5,-0.013292355462908745,0.112
EOF2,0.0,6.0,-0.013112534768879414,0.112
EOF2,0.0,6.5,-0.01294733863323927,0.112
EOF2,0.0,7.0,-0.012778784148395061,0.112
EOF2,0.0,7.5,-0.012594318948686123,0.112
EOF2,0.0,8.0,-0.008695916272699833,0.112
EOF2,0.0,8.5,-0.0049712518230080605,0.112
EOF2,0.0,9.0,-0.0014130731578916311,0.112
EOF2,0.0,9.5,0.0013337096897885203,0.112
EOF2,0.0,10.0,0.002017766237258911,0.112
EOF2,0.0,10.5,0.0026265515480190516,0.112
EOF2,0.0,11.0,0.003172500990331173,0.112
EOF2,0.0,11.5,0.003221239196136594,0.112
EOF2,0.0,12.0,0.00282646412961185,0.112
EOF2,0.0,12.5,0.0024382283445447683,0.112
EOF2,0.0,13.0,0.002052683848887682,0.112
EOF2,0.0,13.5,0.002981507685035467,0.112
EOF2,0.0,14.0,0.004330936819314957,0.112
EOF2,0.0,14.5,0.00566672021523118,0.112
EOF2,0.0,15.0,0.006981693208217621,0.112
EOF2,0.0,15.5,0.007505286019295454,0.112
EOF2,0.0,16.0,0.008021136745810509,0.112
EOF2,0.0,16.5,0.008535811677575111,0.112
EOF2,0.0,17.0,0.009148279204964638,0.112
EOF2,0.0,17.5,0.01007919106632471,0.112
EOF2,0.0,18.0,0.011003308929502964,0.112
EOF2,0.0,18.5,0.011927599087357521,0.112
EOF2,0.0,19.0,0.012777785770595074,0.112
EOF2,0.0,19.5,0.01356535218656063,0.112
EOF2,0.0,20.0,0.01435593981295824,0.112
EOF2,0.0,20.5,0.015147523023188114,0.112
EOF2,0.0,21.0,0.015165932476520538,0.112
EOF2,0.0,21.5,0.014929922297596931,0.112
EOF2,0.0,22.0,0.014697141014039516,0.112
EOF2,0.0,22.5,0.01446402259171009,0.112
EOF2,0.0,23.0,0.014103185385465622,0.112
EOF2,0.0,23.5,0.013740337453782558,0.112
EOF2,0.0,24.0,0.013375631533563137,0.112
EOF2,0.0,24.5,0.012978015467524529,0.112
EOF2,0.0,25.0,0.012492390349507332,0.112
EOF2,0.0,25.5,0.012004533782601357,0.112
EOF2,0.0,26.0,0.011515283025801182,0.112
EOF2,0.0,26.5,0.011185236275196075,0.112
EOF2,0.0,27.0,0.011013125069439411,0.112
EOF2,0.0,27.5,0.010847522877156734,0.112
EOF2,0.0,28.0,0.01068012323230505,0.112
EOF2,0.0,28.5,0.009908015839755535,0.112
EOF2,0.0,29.0,0.008917407132685184,0.112
EOF2,0.0,29.5,0.007912819273769855,0.112
EOF2,0.0,30.0,0.006889759097248316,0.112
EOF2,0.0,30.5,0.007015521638095379,0.112
EOF2,0.0,31.0,0.007163471542298794,0.112
EOF2,0.0,31.5,0.00732132513076067,0.112
EOF2,0.0,32.0,0.007151714060455561,0.112
EOF2,0.0,32.5,0.006019022781401873,0.112
EOF2,0.0,33.0,0.004951064940541983,0.112
EOF2,0.0,33.5,0.003948713652789593,0.112
EOF2,0.0,34.0,0.0034246952272951603,0.112
EOF2,0.0,34.5,0.003317705588415265,0.112
EOF2,0.5,0.5,-0.014277215115725994,0.112
EOF2,0.5,1.0,-0.0139207374304533,0.112
EOF2,0.5,1.5,-0.013596750795841217,0.112
EOF2,0.5,2.0,-0.013298189267516136,0.112
EOF2,0.5,2.5,-0.013074198737740517,0.112
EOF2,0.5,3.0,-0.012734104879200459,0.112
EOF2,0.5,3.5,-0.012346449308097363,0.112
EOF2,0.5,4.0,-0.012025398202240467,0.112
EOF2,0.5,4.5,-0.011774272657930851,0.112
EOF2,0.5,5.0,-0.011551905423402786,0.112
EOF2,0.5,5.5,-0.011403829790651798,0.112
EOF2,0.5,6.0,-0.011240494437515736,0.112
EOF2,0.5,6.5,-0.011071604676544666,0.112
EOF2,0.5,7.0,-0.010908800177276134,0.112
EOF2,0.5,7.5,-0.010732547380030155,0.112
EOF2,0.5,8.0,-0.006860997062176466,0.112
EOF2,0.5,8.5,-0.003154377918690443,0.112
EOF2,0.5,9.0,0.00011202095629414544,0.112
EOF2,0.5,9.5,0.0025517926551401615,0.112
EOF2,0.5,10.0,0.0031650569289922714,0.112
EOF2,0.5,10.5,0.003704329486936331,0.112
EOF2,0.5,11.0,0.0033033781219273806,0.112
EOF2,0.5,11.5,0.0031466560903936625,0.112
EOF2,0.5,12.0,0.0031993798911571503,0.112
EOF2,0.5,12.5,0.0028079375624656677,0.112
EOF2,0.5,13.0,0.0024232137948274612,0.112
EOF2,0.5,13.5,0.003345138393342495,0.112
EOF2,0.5,14.0,0.004689443856477737,0.112
EOF2,0.5,14.5,0.005535236559808254,0.112
EOF2,0.5,15.0,0.0058977846056222916,0.112
EOF2,0.5,15.5,0.007515549659729004,0.112
EOF2,0.5,16.0,0.008579349145293236,0.112
EOF2,0.5,16.5,0.009086711332201958,0.112
EOF2,0.5,17.0,0.009697546251118183,0.112
EOF2,0.5,17.5,0.01061396673321724,0.112
EOF2,0.5,18.0,0.011530551128089428,0.112
EOF2,0.5,18.5,0.011942111887037754,0.112
EOF2,0.5,19.0,0.012535265646874905,0.112
EOF2,0.5,19.5,0.013321305625140667,0.112
EOF2,0.5,20.0,0.014012899249792099,0.112
EOF2,0.5,20.5,0.014438547194004059,0.112
EOF2,0.5,21.0,0.014369441196322441,0.112
EOF2,0.5,21.5,0.014136485755443573,0.112
EOF2,0.5,22.0,0.013880599290132523,0.112
EOF2,0.5,22.5,0.01360112614929676,0.112
EOF2,0.5,23.0,0.013236635364592075,0.112
EOF2,0.5,23.5,0.012873447500169277,0.112
EOF2,0.5,24.0,0.012538308277726173,0.112
EOF2,0.5,24.5,0.012250811792910099,0.112
EOF2,0.5,25.0,0.012064611539244652,0.112
EOF2,0.5,25.5,0.011652546003460884,0.112
EOF2,0.5,26.0,0.011161993257701397,0.112
EOF2,0.5,26.5,0.010829992592334747,0.112
EOF2,0.5,27.0,0.010660489089787006,0.112
EOF2,0.5,27.5,0.01017847191542387,0.112
EOF2,0.5,28.0,0.008760415948927402,0.112
EOF2,0.5,28.5,0.008140943013131618,0.112
EOF2,0.5,29.0,0.007623482029885054,0.112
EOF2,0.5,29.5,0.006612885277718306,0.112
EOF2,0.5,30.0,0.005596698261797428,0.112
EOF2,0.5,30.5,0.006633478216826916,0.112
EOF2,0.5,31.0,0.007237978279590607,0.112
EOF2,0.5,31.5,0.007391100283712149,0.112
EOF2,0.5,32.0,0.007231994532048702,0.112
EOF2,0.5,32.5,0.006143903825432062,0.112
EOF2,0.5,33.0,0.005111940670758486,0.112
EOF2,0.5,33.5,0.0028934611473232508,0.112
EOF2,0.5,34.0,0.0012826265301555395,0.112
EOF2,0.5,34.5,0.0002845505077857524,0.112
EOF2,1.0,0.5,-0.012085404247045517,0.112
EOF2,1.0,1.0,-0.011697943322360516,0.112
EOF2,1.0,1.5,-0.011309183202683926,0.112
EOF2,1.0,2.0,-0.011005330830812454,0.112
EOF2,1.0,2.5,-0.010781350545585155,0.112
EOF2,1.0,3.0,-0.010560322552919388,0.112
EOF2,1.0,3.5,-0.010295937769114971,0.112
EOF2,1.0,4.0,-0.0099757956340909,0.112
EOF2,1.0,4.5,-0.00980423204600811,0.112
EOF2,1.0,5.0,-0.00965577270835638,0.112
EOF2,1.0,5.5,-0.009509630501270294,0.112
EOF2,1.0,6.0,-0.009348134510219097,0.112
EOF2,1.0,6.5,-0.009187549352645874,0.112
EOF2,1.0,7.0,-0.009031834080815315,0.112
EOF2,1.0,7.5,-0.00885336846113205,0.112
EOF2,1.0,8.0,-0.00508975749835372,0.112
EOF2,1.0,8.5,-0.0017741649644449353,0.112
EOF2,1.0,9.0,0.0013714962406083941,0.112
EOF2,1.0,9.5,0.003774524200707674,0.112
EOF2,1.0,10.0,0.003818809986114502,0.112
EOF2,1.0,10.5,0.0033813503105193377,0.112
EOF2,1.0,11.0,0.002995699644088745,0.112
EOF2,1.0,11.5,0.002846311777830124,0.112
EOF2,1.0,12.0,0.0029032507445663214,0.112
EOF2,1.0,12.5,0.002959263976663351,0.112
EOF2,1.0,13.0,0.0027957800775766373,0.112
EOF2,1.0,13.5,0.003708125092089176,0.112
EOF2,1.0,14.0,0.0040910798124969006,0.112
EOF2,1.0,14.5,0.004468603990972042,0.112
EOF2,1.0,15.0,0.0048363530077040195,0.112
EOF2,1.0,15.5,0.006434818729758263,0.112
EOF2,1.0,16.0,0.008037040010094643,0.112
EOF2,1.0,16.5,0.009625351056456566,0.112
EOF2,1.0,17.0,0.010235650464892387,0.112
EOF2,1.0,17.5,0.010891836136579514,0.112
EOF2,1.0,18.0,0.0112977409735322,0.112
EOF2,1.0,18.5,0.0117060961201787,0.112
EOF2,1.0,19.0,0.012297428213059902,0.112
EOF2,1.0,19.5,0.012800650671124458,0.112
EOF2,1.0,20.0,0.013219269923865795,0.112
EOF2,1.0,20.5,0.013637364841997623,0.112
EOF2,1.0,21.0,0.013568420894443989,0.112
EOF2,1.0,21.5,0.013289603404700756,0.112
EOF2,1.0,22.0,0.013009598478674889,0.112
EOF2,1.0,22.5,0.01273049134761095,0.112
EOF2,1.0,23.0,0.012377018108963966,0.112
EOF2,1.0,23.5,0.012051854282617569,0.112
EOF2,1.0,24.0,0.01173033844679594,0.112
EOF2,1.0,24.5,0.011437409557402134,0.112
EOF2,1.0,25.0,0.011253378354012966,0.112
EOF2,1.0,25.5,0.011064348742365837,0.112
EOF2,1.0,26.0,0.0108030391857028,0.112
EOF2,1.0,26.5,0.010469937697052956,0.112
EOF2,1.0,27.0,0.009360918775200844,0.112
EOF2,1.0,27.5,0.007938682101666927,0.112
EOF2,1.0,28.0,0.006515132263302803,0.112
EOF2,1.0,28.5,0.0058898478746414185,0.112
EOF2,1.0,29.0,0.00552762346342206,0.112
EOF2,1.0,29.5,0.005169134587049484,0.112
EOF2,1.0,30.0,0.004313633311539888,0.112
EOF2,1.0,30.5,0.005333622917532921,0.112
EOF2,1.0,31.0,0.006381671875715256,0.112
EOF2,1.0,31.5,0.007439970970153809,0.112
EOF2,1.0,32.0,0.007292751222848892,0.112
EOF2,1.0,32.5,0.005649959202855825,0.112
EOF2,1.0,33.0,0.0034213666804134846,0.112
EOF2,1.0,33.5,0.0011983204167336226,0.112
EOF2,1.0,34.0,-0.0004089349240530282,0.112
EOF2,1.0,34.5,-0.0014228810323402286,0.112
EOF2,1.5,0.5,-0.009797660633921623,0.112
EOF2,1.5,1.0,-0.009407609701156616,0.112
EOF2,1.5,1.5,-0.009009798988699913,0.112
EOF2,1.5,2.0,-0.008691971190273762,0.112
EOF2,1.5,2.5,-0.008471010252833366,0.112
EOF2,1.5,3.0,-0.00824607815593481,0.112
EOF2,1.5,3.5,-0.008122499100863934,0.112
EOF2,1.5,4.0,-0.008114994503557682,0.112
EOF2,1.5,4.5,-0.007958058267831802,0.112
EOF2,1.5,5.0,-0.007806893438100815,0.112
EOF2,1.5,5.5,-0.007660295814275742,0.112
EOF2,1.5,6.0,-0.0076348562724888325,0.112
EOF2,1.5,6.5,-0.007475261576473713,0.112
EOF2,1.5,7.0,-0.007323865778744221,0.112
EOF2,1.5,7.5,-0.007154766470193863,0.112
EOF2,1.5,8.0,-0.005505330394953489,0.112
EOF2,1.5,8.5,-0.002137928269803524,0.112
EOF2,1.5,9.0,0.001055479166097939,0.112
EOF2,1.5,9.5,0.003657293738797307,0.112
EOF2,1.5,10.0,0.003994771745055914,0.112
EOF2,1.5,10.5,0.0035454665776342154,0.112
EOF2,1.5,11.0,0.003145750844851136,0.112
EOF2,1.5,11.5,0.002990239067003131,0.112
EOF2,1.5,12.0,0.0030453295912593603,0.112
EOF2,1.5,12.5,0.003100637113675475,0.112
EOF2,1.5,13.0,0.00320819322951138,0.112
EOF2,1.5,13.5,0.00353860086761415,0.112
EOF2,1.5,14.0,0.003922402858734131,0.112
EOF2,1.5,14.5,0.00429203687235713,0.112
EOF2,1.5,15.0,0.004553003236651421,0.112
EOF2,1.5,15.5,0.006147508043795824,0.112
EOF2,1.5,16.0,0.007739142049103975,0.112
EOF2,1.5,16.5,0.009328187443315983,0.112
EOF2,1.5,17.0,0.010027018375694752,0.112
EOF2,1.5,17.5,0.010666290298104286,0.112
EOF2,1.5,18.0,0.011069522239267826,0.112
EOF2,1.5,18.5,0.011473093181848526,0.112
EOF2,1.5,19.0,0.01172525342553854,0.112
EOF2,1.5,19.5,0.01205705851316452,0.112
EOF2,1.5,20.0,0.012466668151319027,0.112
EOF2,1.5,20.5,0.012882840819656849,0.112
EOF2,1.5,21.0,0.012777457945048809,0.112
EOF2,1.5,21.5,0.012497964315116405,0.112
EOF2,1.5,22.0,0.01222048420459032,0.112
EOF2,1.5,22.5,0.011893391609191895,0.112
EOF2,1.5,23.0,0.011646372266113758,0.112
EOF2,1.5,23.5,0.011323670856654644,0.112
EOF2,1.5,24.0,0.010996329598128796,0.112
EOF2,1.5,24.5,0.010704555548727512,0.112
EOF2,1.5,25.0,0.010517352260649204,0.112
EOF2,1.5,25.5,0.01033099740743637,0.112
EOF2,1.5,26.0,0.010037878528237343,0.112
EOF2,1.5,26.5,0.009251127019524574,0.112
EOF2,1.5,27.0,0.007935362868010998,0.112
EOF2,1.5,27.5,0.0065134442411363125,0.112
EOF2,1.5,28.0,0.005092493258416653,0.112
EOF2,1.5,28.5,0.004465365782380104,0.112
EOF2,1.5,29.0,0.004101715050637722,0.112
EOF2,1.5,29.5,0.0037372678052634,0.112
EOF2,1.5,30.0,0.004056273493915796,0.112
EOF2,1.5,30.5,0.005085781682282686,0.112
EOF2,1.5,31.0,0.006130987778306007,0.112
EOF2,1.5,31.5,0.007191987242549658,0.112
EOF2,1.5,32.0,0.0069514308124780655,0.112
EOF2,1.5,32.5,0.005012092646211386,0.112
EOF2,1.5,33.0,0.0027959339786320925,0.112
EOF2,1.5,33.5,0.0005845727864652872,0.112
EOF2,1.5,34.0,-0.0010184918064624071,0.112
EOF2,1.5,34.5,-0.002026376547291875,0.112
EOF2,2.0,0.5,-0.007403993979096413,0.112
EOF2,2.0,1.0,-0.007028506137430668,0.112
EOF2,2.0,1.5,-0.006685719825327396,0.112
EOF2,2.0,2.0,-0.006365196779370308,0.112
EOF2,2.0,2.5,-0.006142609752714634,0.112
EOF2,2.0,3.0,-0.006212870590388775,0.112
EOF2,2.0,3.5,-0.006385104265064001,0.112
EOF2,2.0,4.0,-0.00637831911444664,0.112
EOF2,2.0,4.5,-0.006195491645485163,0.112
EOF2,2.0,5.0,-0.006012317258864641,0.112
EOF2,2.0,5.5,-0.005860574077814817,0.112
EOF2,2.0,6.0,-0.005836828611791134,0.112
EOF2,2.0,6.5,-0.005856045056134462,0.112
EOF2,2.0,7.0,-0.005781073123216629,0.112
EOF2,2.0,7.5,-0.005619790870696306,0.112
EOF2,2.0,8.0,-0.004598665051162243,0.112
EOF2,2.0,8.5,-0.0036116878036409616,0.112
EOF2,2.0,9.0,-0.0009030751534737647,0.112
EOF2,2.0,9.5,0.0018161284970119596,0.112
EOF2,2.0,10.0,0.003089131787419319,0.112
EOF2,2.0,10.5,0.004199508111923933,0.112
EOF2,2.0,11.0,0.003767067799344659,0.112
EOF2,2.0,11.5,0.0035886375699192286,0.112
EOF2,2.0,12.0,0.0036444293800741434,0.112
EOF2,2.0,12.5,0.0037926656659692526,0.112
EOF2,2.0,13.0,0.003940497525036335,0.112
EOF2,2.0,13.5,0.004259591922163963,0.112
EOF2,2.0,14.0,0.004592874553054571,0.112
EOF2,2.0,14.5,0.004811019636690617,0.112
EOF2,2.0,15.0,0.005030208267271519,0.112
EOF2,2.0,15.5,0.006632551085203886,0.112
EOF2,2.0,16.0,0.007760982029139996,0.112
EOF2,2.0,16.5,0.0084061985835433,0.112
EOF2,2.0,17.0,0.009097347036004066,0.112
EOF2,2.0,17.5,0.009970074519515038,0.112
EOF2,2.0,18.0,0.010842579416930676,0.112
EOF2,2.0,18.5,0.011245222762227058,0.112
EOF2,2.0,19.0,0.011495036073029041,0.112
EOF2,2.0,19.5,0.011592937633395195,0.112
EOF2,2.0,20.0,0.011767048388719559,0.112
EOF2,2.0,20.5,0.012180009856820107,0.112
EOF2,2.0,21.0,0.01207245234400034,0.112
EOF2,2.0,21.5,0.011778140440583229,0.112
EOF2,2.0,22.0,0.01143699511885643,0.112
EOF2,2.0,22.5,0.011088255792856216,0.112
EOF2,2.0,23.0,0.010869275778532028,0.112
EOF2,2.0,23.5,0.01064648199826479,0.112
EOF2,2.0,24.0,0.010346396826207638,0.112
EOF2,2.0,24.5,0.010055926628410816,0.112
EOF2,2.0,25.0,0.009868999011814594,0.112
EOF2,2.0,25.5,0.009375215508043766,0.112
EOF2,2.0,26.0,0.008776916190981865,0.112
EOF2,2.0,26.5,0.007987732999026775,0.112
EOF2,2.0,27.0,0.007010371889919043,0.112
EOF2,2.0,27.5,0.005922733806073666,0.112
EOF2,2.0,28.0,0.004501586779952049,0.112
EOF2,2.0,28.5,0.0038755873683840036,0.112
EOF2,2.0,29.0,0.003737554419785738,0.112
EOF2,2.0,29.5,0.004280545748770237,0.112
EOF2,2.0,30.0,0.0048358566127717495,0.112
EOF2,2.0,30.5,0.005884264595806599,0.112
EOF2,2.0,31.0,0.006529659032821655,0.112
EOF2,2.0,31.5,0.006759959738701582,0.112
EOF2,2.0,32.0,0.006512542255222797,0.112
EOF2,2.0,32.5,0.004857719410210848,0.112
EOF2,2.0,33.0,0.003229980356991291,0.112
EOF2,2.0,33.5,0.0010423035128042102,0.112
EOF2,2.0,34.0,-0.0005465900176204741,0.112
EOF2,2.0,34.5,-0.0015271970769390464,0.112
EOF2,2.5,0.5,-0.005041814409196377,0.112
EOF2,2.5,1.0,-0.0046891989186406136,0.112
EOF2,2.5,1.5,-0.004340063314884901,0.112
EOF2,2.5,2.0,-0.004119156859815121,0.112
EOF2,2.5,2.5,-0.004291217774152756,0.112
EOF2,2.5,3.0,-0.004460772033780813,0.112
EOF2,2.5,3.5,-0.004634140059351921,0.112
EOF2,2.5,4.0,-0.004625993315130472,0.112
EOF2,2.5,4.5,-0.004440185148268938,0.112
EOF2,2.5,5.0,-0.004254197236150503,0.112
EOF2,2.5,5.5,-0.0040667010471224785,0.112
EOF2,2.5,6.0,-0.0040308465249836445,0.112
EOF2,2.5,6.5,-0.004043830558657646,0.112
EOF2,2.5,7.0,-0.004056114237755537,0.112
EOF2,2.5,7.5,-0.004067703615874052,0.112
EOF2,2.5,8.0,-0.0030682843644171953,0.112
EOF2,2.5,8.5,-0.0021013098303228617,0.112
EOF2,2.5,9.0,-0.001162745407782495,0.112
EOF2,2.5,9.5,-8.206711208913475e-05,0.112
EOF2,2.5,10.0,0.0013356400886550546,0.112
EOF2,2.5,10.5,0.0025785930920392275,0.112
EOF2,2.5,11.0,0.003685612929984927,0.112
EOF2,2.5,11.5,0.004255197010934353,0.112
EOF2,2.5,12.0,0.0043973783031105995,0.112
EOF2,2.5,12.5,0.004533683881163597,0.112
EOF2,2.5,13.0,0.004662137012928724,0.112
EOF2,2.5,13.5,0.0048602004535496235,0.112
EOF2,2.5,14.0,0.005079011432826519,0.112
EOF2,2.5,14.5,0.0052944328635931015,0.112
EOF2,2.5,15.0,0.00551047595217824,0.112
EOF2,2.5,15.5,0.006194190587848425,0.112
EOF2,2.5,16.0,0.006856112740933895,0.112
EOF2,2.5,16.5,0.007505426183342934,0.112
EOF2,2.5,17.0,0.008197818882763386,0.112
EOF2,2.5,17.5,0.009056846611201763,0.112
EOF2,2.5,18.0,0.009923143312335014,0.112
EOF2,2.5,18.5,0.010790364816784859,0.112
EOF2,2.5,19.0,0.011272058822214603,0.112
EOF2,2.5,19.5,0.01136861089617014,0.112
EOF2,2.5,20.0,0.011467311531305313,0.112
EOF2,2.5,20.5,0.011562949977815151,0.112
EOF2,2.5,21.0,0.011332165449857712,0.112
EOF2,2.5,21.5,0.010992085561156273,0.112
EOF2,2.5,22.0,0.010651332326233387,0.112
EOF2,2.5,22.5,0.01030805055052042,0.112
EOF2,2.5,23.0,0.010080316103994846,0.112
EOF2,2.5,23.5,0.009855709038674831,0.112
EOF2,2.5,24.0,0.009632417000830173,0.112
EOF2,2.5,24.5,0.009316664189100266,0.112
EOF2,2.5,25.0,0.008726394735276699,0.112
EOF2,2.5,25.5,0.008126205764710903,0.112
EOF2,2.5,26.0,0.007524285931140184,0.112
EOF2,2.5,26.5,0.006737574469298124,0.112
EOF2,2.5,27.0,0.005765290930867195,0.112
EOF2,2.5,27.5,0.0047900001518428326,0.112
EOF2,2.5,28.0,0.0038109926972538233,0.112
EOF2,2.5,28.5,0.0039703501388430595,0.112
EOF2,2.5,29.0,0.004517445806413889,0.112
EOF2,2.5,29.5,0.005073987413197756,0.112
EOF2,2.5,30.0,0.005637879949063063,0.112
EOF2,2.5,30.5,0.005869072396308184,0.112
EOF2,2.5,31.0,0.0060964892618358135,0.112
EOF2,2.5,31.5,0.006327938754111528,0.112
EOF2,2.5,32.0,0.006079880520701408,0.112
EOF2,2.5,32.5,0.0044218506664037704,0.112
EOF2,2.5,33.0,0.0028005929198116064,0.112
EOF2,2.5,33.5,0.0012050486402586102,0.112
EOF2,2.5,34.0,0.0007291854126378894,0.112
EOF2,2.5,34.5,0.0014099112013354897,0.112
EOF2,3.0,0.5,-0.003433803329244256,0.112
EOF2,3.0,1.0,-0.003304118989035487,0.112
EOF2,3.0,1.5,-0.002946185413748026,0.112
EOF2,3.0,2.0,-0.0027288293931633234,0.112
EOF2,3.0,2.5,-0.0029041962698101997,0.112
EOF2,3.0,3.0,-0.0030760816298425198,0.112
EOF2,3.0,3.5,-0.0037928884848952293,0.112
EOF2,3.0,4.0,-0.003774711862206459,0.112
EOF2,3.0,4.5,-0.0030357844661921263,0.112
EOF2,3.0,5.0,-0.0028463720809668303,0.112
EOF2,3.0,5.5,-0.002661189530044794,0.112
EOF2,3.0,6.0,-0.002626032568514347,0.112
EOF2,3.0,6.5,-0.0026313853450119495,0.112
EOF2,3.0,7.0,-0.0029161216225475073,0.112
EOF2,3.0,7.5,-0.0034700913820415735,0.112
EOF2,3.0,8.0,-0.002485925331711769,0.112
EOF2,3.0,8.5,-0.0015220476780086756,0.112
EOF2,3.0,9.0,-0.0004443552461452782,0.112
EOF2,3.0,9.5,0.0007246397435665131,0.112
EOF2,3.0,10.0,0.0020618000999093056,0.112
EOF2,3.0,10.5,0.0032424847595393658,0.112
EOF2,3.0,11.0,0.003667438868433237,0.112
EOF2,3.0,11.5,0.004030650015920401,0.112
EOF2,3.0,12.0,0.004369413945823908,0.112
EOF2,3.0,12.5,0.004505988210439682,0.112
EOF2,3.0,13.0,0.0046358187682926655,0.112
EOF2,3.0,13.5,0.004834327846765518,0.112
EOF2,3.0,14.0,0.0050493511371314526,0.112
EOF2,3.0,14.5,0.005322522483766079,0.112
EOF2,3.0,15.0,0.005654085893183947,0.112
EOF2,3.0,15.5,0.006333026569336653,0.112
EOF2,3.0,16.0,0.007000818382948637,0.112
EOF2,3.0,16.5,0.007353054825216532,0.112
EOF2,3.0,17.0,0.007972612045705318,0.112
EOF2,3.0,17.5,0.009699176996946335,0.112
EOF2,3.0,18.0,0.010771865025162697,0.112
EOF2,3.0,18.5,0.011637384071946144,0.112
EOF2,3.0,19.0,0.01212377566844225,0.112
EOF2,3.0,19.5,0.012221027165651321,0.112
EOF2,3.0,20.0,0.01216486468911171,0.112
EOF2,3.0,20.5,0.011637205258011818,0.112
EOF2,3.0,21.0,0.011270959861576557,0.112
EOF2,3.0,21.5,0.01095807459205389,0.112
EOF2,3.0,22.0,0.01061404962092638,0.112
EOF2,3.0,22.5,0.010272575542330742,0.112
EOF2,3.0,23.0,0.009483058005571365,0.112
EOF2,3.0,23.5,0.008972403593361378,0.112
EOF2,3.0,24.0,0.008747822605073452,0.112
EOF2,3.0,24.5,0.008430573157966137,0.112
EOF2,3.0,25.0,0.007837546057999134,0.112
EOF2,3.0,25.5,0.007245813962072134,0.112
EOF2,3.0,26.0,0.007188750896602869,0.112
EOF2,3.0,26.5,0.006681538186967373,0.112
EOF2,3.0,27.0,0.0057180351577699184,0.112
EOF2,3.0,27.5,0.005081281065940857,0.112
EOF2,3.0,28.0,0.005430336110293865,0.112
EOF2,3.0,28.5,0.006186666898429394,0.112
EOF2,3.0,29.0,0.007006383966654539,0.112
EOF2,3.0,29.5,0.007582271937280893,0.112
EOF2,3.0,30.0,0.008162823505699635,0.112
EOF2,3.0,30.5,0.007791463751345873,0.112
EOF2,3.0,31.0,0.007716600317507982,0.112
EOF2,3.0,31.5,0.007945932447910309,0.112
EOF2,3.0,32.0,0.007706392090767622,0.112
EOF2,3.0,32.5,0.006073846016079187,0.112
EOF2,3.0,33.0,0.0044565098360180855,0.112
EOF2,3.0,33.5,0.0008611629018560052,0.112
EOF2,3.0,34.0,-0.0006817286484874785,0.112
EOF2,3.0,34.5,-5.784883614978753e-05,0.112
EOF2,3.5,0.5,-0.00139415985904634,0.112
EOF2,3.5,1.0,-0.0014768082182854414,0.112
EOF2,3.5,1.5,-0.0015609936090186238,0.112
EOF2,3.5,2.0,-0.0013386555947363377,0.112
EOF2,3.5,2.5,-0.0017828767886385322,0.112
EOF2,3.5,3.0,-0.0025038679596036673,0.112
EOF2,3.5,3.5,-0.0032177565153688192,0.112
EOF2,3.5,4.0,-0.0032048376742750406,0.112
EOF2,3.5,4.5,-0.002459927462041378,0.112
EOF2,3.5,5.0,-0.0017190759535878897,0.112
EOF2,3.5,5.5,-0.0012619521003216505,0.112
EOF2,3.5,6.0,-0.0012215396855026484,0.112
EOF2,3.5,6.5,-0.0017698378069326282,0.112
EOF2,3.5,7.0,-0.002324252389371395,0.112
EOF2,3.5,7.5,-0.002876075217500329,0.112
EOF2,3.5,8.0,-0.0018437302205711603,0.112
EOF2,3.5,8.5,-0.0006875316030345857,0.112
EOF2,3.5,9.0,0.00039944209856912494,0.112
EOF2,3.5,9.5,0.0015148348174989223,0.112
EOF2,3.5,10.0,0.002430667169392109,0.112
EOF2,3.5,10.5,0.0029146268498152494,0.112
EOF2,3.5,11.0,0.0033422030974179506,0.112
EOF2,3.5,11.5,0.0037105123046785593,0.112
EOF2,3.5,12.0,0.004049485083669424,0.112
EOF2,3.5,12.5,0.004378948360681534,0.112
EOF2,3.5,13.0,0.00460728257894516,0.112
EOF2,3.5,13.5,0.004802618641406298,0.112
EOF2,3.5,14.0,0.0051340204663574696,0.112
EOF2,3.5,14.5,0.005464999005198479,0.112
EOF2,3.5,15.0,0.0057984027080237865,0.112
EOF2,3.5,15.5,0.006378953345119953,0.112
EOF2,3.5,16.0,0.006640259642153978,0.112
EOF2,3.5,16.5,0.006898150313645601,0.112
EOF2,3.5,17.0,0.007526514586061239,0.112
EOF2,3.5,17.5,0.00927337259054184,0.112
EOF2,3.5,18.0,0.010993669740855694,0.112
EOF2,3.5,18.5,0.012485086917877197,0.112
EOF2,3.5,19.0,0.012971099466085434,0.112
EOF2,3.5,19.5,0.012603659182786942,0.112
EOF2,3.5,20.0,0.01208281610161066,0.112
EOF2,3.5,20.5,0.011558668687939644,0.112
EOF2,3.5,21.0,0.01119583286345005,0.112
EOF2,3.5,21.5,0.010887236334383488,0.112
EOF2,3.5,22.0,0.010578463785350323,0.112
EOF2,3.5,22.5,0.01024532224982977,0.112
EOF2,3.5,23.0,0.00945946853607893,0.112
EOF2,3.5,23.5,0.008670459501445293,0.112
EOF2,3.5,24.0,0.007885857485234737,0.112
EOF2,3.5,24.5,0.007563096471130848,0.112
EOF2,3.5,25.0,0.007243782747536898,0.112
EOF2,3.5,25.5,0.007186405826359987,0.112
EOF2,3.5,26.0,0.007128573022782803,0.112
EOF2,3.5,26.5,0.0066306935623288155,0.112
EOF2,3.5,27.0,0.0066569093614816666,0.112
EOF2,3.5,27.5,0.007013979367911816,0.112
EOF2,3.5,28.0,0.007378016598522663,0.112
EOF2,3.5,28.5,0.008148315362632275,0.112
EOF2,3.5,29.0,0.009054127149283886,0.112
EOF2,3.5,29.5,0.009969995357096195,0.112
EOF2,3.5,30.0,0.010655654594302177,0.112
EOF2,3.5,30.5,0.01026877574622631,0.112
EOF2,3.5,31.0,0.00988189596682787,0.112
EOF2,3.5,31.5,0.009507903829216957,0.112
EOF2,3.5,32.0,0.009265468455851078,0.112
EOF2,3.5,32.5,0.006708839908242226,0.112
EOF2,3.5,33.0,0.003139655804261565,0.112
EOF2,3.5,33.5,-0.000528740871232003,0.112
EOF2,3.5,34.0,-0.0021092367824167013,0.112
EOF2,3.5,34.5,-0.0015066813211888075,0.112
EOF2,4.0,0.5,-0.0012523616896942258,0.112
EOF2,4.0,1.0,-0.001339917303994298,0.112
EOF2,4.0,1.5,-0.0014224778860807419,0.112
EOF2,4.0,2.0,-0.00148021278437227,0.112
EOF2,4.0,2.5,-0.0021441965363919735,0.112
EOF2,4.0,3.0,-0.002861970104277134,0.112
EOF2,4.0,3.5,-0.0035732511896640062,0.112
EOF2,4.0,4.0,-0.0035609279293566942,0.112
EOF2,4.0,4.5,-0.0028167327400296926,0.112
EOF2,4.0,5.0,-0.0020785885863006115,0.112
EOF2,4.0,5.5,-0.0008175930706784129,0.112
EOF2,4.0,6.0,0.00037963854265399277,0.112
EOF2,4.0,6.5,-0.00013797955762129277,0.112
EOF2,4.0,7.0,-0.0006733200279995799,0.112
EOF2,4.0,7.5,-0.0012069043004885316,0.112
EOF2,4.0,8.0,-0.000674771552439779,0.112
EOF2,4.0,8.5,0.00040950332186184824,0.112
EOF2,4.0,9.0,0.0014236593851819634,0.112
EOF2,4.0,9.5,0.002701500430703163,0.112
EOF2,4.0,10.0,0.003992102574557066,0.112
EOF2,4.0,10.5,0.004379841964691877,0.112
EOF2,4.0,11.0,0.004722511861473322,0.112
EOF2,4.0,11.5,0.00504068611189723,0.112
EOF2,4.0,12.0,0.005359469447284937,0.112
EOF2,4.0,12.5,0.005673725623637438,0.112
EOF2,4.0,13.0,0.005206046625971794,0.112
EOF2,4.0,13.5,0.007323677185922861,0.112
EOF2,4.0,14.0,0.007679397705942392,0.112
EOF2,4.0,14.5,0.008021099492907524,0.112
EOF2,4.0,15.0,0.008348796516656876,0.112
EOF2,4.0,15.5,0.006736080162227154,0.112
EOF2,4.0,16.0,0.0069978791289031506,0.112
EOF2,4.0,16.5,0.007254947442561388,0.112
EOF2,4.0,17.0,0.00789190735667944,0.112
EOF2,4.0,17.5,0.009659314528107643,0.112
EOF2,4.0,18.0,0.01139987912029028,0.112
EOF2,4.0,18.5,0.012861487455666065,0.112
EOF2,4.0,19.0,0.012946299277245998,0.112
EOF2,4.0,19.5,0.012426155619323254,0.112
EOF2,4.0,20.0,0.011898341588675976,0.112
EOF2,4.0,20.5,0.011257280595600605,0.112
EOF2,4.0,21.0,0.01084012072533369,0.112
EOF2,4.0,21.5,0.010529224760830402,0.112
EOF2,4.0,22.0,0.010218064300715923,0.112
EOF2,4.0,22.5,0.010017694905400276,0.112
EOF2,4.0,23.0,0.00923672690987587,0.112
EOF2,4.0,23.5,0.008447312749922276,0.112
EOF2,4.0,24.0,0.0076677268370985985,0.112
EOF2,4.0,24.5,0.007892919704318047,0.112
EOF2,4.0,25.0,0.008114601485431194,0.112
EOF2,4.0,25.5,0.008061235770583153,0.112
EOF2,4.0,26.0,0.0080065056681633,0.112
EOF2,4.0,26.5,0.009034538641571999,0.112
EOF2,4.0,27.0,0.009838997386395931,0.112
EOF2,4.0,27.5,0.010220133699476719,0.112
EOF2,4.0,28.0,0.01060475967824459,0.112
EOF2,4.0,28.5,0.011385103687644005,0.112
EOF2,4.0,29.0,0.012300846166908741,0.112
EOF2,4.0,29.5,0.013222862966358662,0.112
EOF2,4.0,30.0,0.011948237195611,0.112
EOF2,4.0,30.5,0.011542082764208317,0.112
EOF2,4.0,31.0,0.011155389249324799,0.112
EOF2,4.0,31.5,0.010767903178930283,0.112
EOF2,4.0,32.0,0.009907247498631477,0.112
EOF2,4.0,32.5,0.008063114248216152,0.112
EOF2,4.0,33.0,0.004487296566367149,0.112
EOF2,4.0,33.5,0.0008105025626718998,0.112
EOF2,4.0,34.0,-0.000760709575843066,0.112
EOF2,4.0,34.5,-0.00013068508997093886,0.112
EOF2,4.5,0.5,-0.0029989834874868393,0.112
EOF2,4.5,1.0,-0.00298525532707572,0.112
EOF2,4.5,1.5,-0.002867970149964094,0.112
EOF2,4.5,2.0,-0.0029341597110033035,0.112
EOF2,4.5,2.5,-0.003544233273714781,0.112
EOF2,4.5,3.0,-0.004148818086832762,0.112
EOF2,4.5,3.5,-0.0048591080121695995,0.112
EOF2,4.5,4.0,-0.00484227342531085,0.112
EOF2,4.5,4.5,-0.004092277027666569,0.112
EOF2,4.5,5.0,-0.0022832811810076237,0.112
EOF2,4.5,5.5,-0.0005424829432740808,0.112
EOF2,4.5,6.0,0.0006244545802474022,0.112
EOF2,4.5,6.5,0.0015725257107988,0.112
EOF2,4.5,7.0,0.0017866843845695257,0.112
EOF2,4.5,7.5,0.001295063877478242,0.112
EOF2,4.5,8.0,0.0015557038132101297,0.112
EOF2,4.5,8.5,0.001808748347684741,0.112
EOF2,4.5,9.0,0.002566079841926694,0.112
EOF2,4.5,9.5,0.0037538381293416023,0.112
EOF2,4.5,10.0,0.0057474663481116295,0.112
EOF2,4.5,10.5,0.0076216342858970165,0.112
EOF2,4.5,11.0,0.0077923801727592945,0.112
EOF2,4.5,11.5,0.008012663573026657,0.112
EOF2,4.5,12.0,0.00828746147453785,0.112
EOF2,4.5,12.5,0.007022741250693798,0.112
EOF2,4.5,13.0,0.005770805757492781,0.112
EOF2,4.5,13.5,0.007920138537883759,0.112
EOF2,4.5,14.0,0.011296916753053665,0.112
EOF2,4.5,14.5,0.013208167627453804,0.112
EOF2,4.5,15.0,0.013546749018132687,0.112
EOF2,4.5,15.5,0.011163750663399696,0.112
EOF2,4.5,16.0,0.008847667835652828,0.112
EOF2,4.5,16.5,0.008466772735118866,0.112
EOF2,4.5,17.0,0.009103305637836456,0.112
EOF2,4.5,17.5,0.01089214626699686,0.112
EOF2,4.5,18.0,0.011877011507749557,0.112
EOF2,4.5,18.5,0.012585911899805069,0.112
EOF2,4.5,19.0,0.012670369818806648,0.112
EOF2,4.5,19.5,0.012140028178691864,0.112
EOF2,4.5,20.0,0.011378890834748745,0.112
EOF2,4.5,20.5,0.010615358129143715,0.112
EOF2,4.5,21.0,0.010188670828938484,0.112
EOF2,4.5,21.5,0.009915986098349094,0.112
EOF2,4.5,22.0,0.009755674749612808,0.112
EOF2,4.5,22.5,0.009594772942364216,0.112
EOF2,4.5,23.0,0.008812406100332737,0.112
EOF2,4.5,23.5,0.00848952867090702,0.112
EOF2,4.5,24.0,0.008632298558950424,0.112
EOF2,4.5,24.5,0.008856458589434624,0.112
EOF2,4.5,25.0,0.009354328736662865,0.112
EOF2,4.5,25.5,0.009851804003119469,0.112
EOF2,4.5,26.0,0.009811656549572945,0.112
EOF2,4.5,26.5,0.010831558145582676,0.112
EOF2,4.5,27.0,0.012930747121572495,0.112
EOF2,4.5,27.5,0.01460349466651678,0.112
EOF2,4.5,28.0,0.01501309685409069,0.112
EOF2,4.5,28.5,0.015804361552000046,0.112
EOF2,4.5,29.0,0.016006413847208023,0.112
EOF2,4.5,29.5,0.014035689644515514,0.112
EOF2,4.5,30.0,0.012046056799590588,0.112
EOF2,4.5,30.5,0.011649396270513535,0.112
EOF2,4.5,31.0,0.010911555960774422,0.112
EOF2,4.5,31.5,0.009835860691964626,0.112
EOF2,4.5,32.0,0.008984136395156384,0.112
EOF2,4.5,32.5,0.008765939623117447,0.112
EOF2,4.5,33.0,0.008519110269844532,0.112
EOF2,4.5,33.5,0.004911389201879501,0.112
EOF2,4.5,34.0,0.003405411960557103,0.112
EOF2,4.5,34.5,0.00410857517272234,0.112
EOF2,5.0,0.5,-0.00449742516502738,0.112
EOF2,5.0,1.0,-0.004390276502817869,0.112
EOF2,5.0,1.5,-0.004279222805052996,0.112
EOF2,5.0,2.0,-0.004343539942055941,0.112
EOF2,5.0,2.5,-0.0049536628648638725,0.112
EOF2,5.0,3.0,-0.005563930608332157,0.112
EOF2,5.0,3.5,-0.00617373688146472,0.112
EOF2,5.0,4.0,-0.005545304622501135,0.112
EOF2,5.0,4.5,-0.003716273931786418,0.112
EOF2,5.0,5.0,-0.001962735317647457,0.112
EOF2,5.0,5.5,-0.00027752426103688776,0.112
EOF2,5.0,6.0,0.0008524167351424694,0.112
EOF2,5.0,6.5,0.001771510113030672,0.112
EOF2,5.0,7.0,0.0026574493385851383,0.112
EOF2,5.0,7.5,0.00350098661147058,0.112
EOF2,5.0,8.0,0.0037036689464002848,0.112
EOF2,5.0,8.5,0.003902051830664277,0.112
EOF2,5.0,9.0,0.004087810404598713,0.112
EOF2,5.0,9.5,0.004712744615972042,0.112
EOF2,5.0,10.0,0.0065900664776563644,0.112
EOF2,5.0,10.5,0.00836856383830309,0.112
EOF2,5.0,11.0,0.010048636235296726,0.112
EOF2,5.0,11.5,0.010193237103521824,0.112
EOF2,5.0,12.0,0.008883628994226456,0.112
EOF2,5.0,12.5,0.007597597781568766,0.112
EOF2,5.0,13.0,0.006335551384836435,0.112
EOF2,5.0,13.5,0.008500766009092331,0.112
EOF2,5.0,14.0,0.011903394013643265,0.112
EOF2,5.0,14.5,0.015427542850375175,0.112
EOF2,5.0,15.0,0.019027220085263252,0.112
EOF2,5.0,15.5,0.01648974046111107,0.112
EOF2,5.0,16.0,0.014013451524078846,0.112
EOF2,5.0,16.5,0.011620390228927135,0.112
EOF2,5.0,17.0,0.010088126175105572,0.112
EOF2,5.0,17.5,0.01084078662097454,0.112
EOF2,5.0,18.0,0.011578838340938091,0.112
EOF2,5.0,18.5,0.012297509238123894,0.112
EOF2,5.0,19.0,0.012268933467566967,0.112
EOF2,5.0,19.5,0.011498539708554745,0.112
EOF2,5.0,20.0,0.010729418136179447,0.112
EOF2,5.0,20.5,0.009959941729903221,0.112
EOF2,5.0,21.0,0.009645354934036732,0.112
EOF2,5.0,21.5,0.009487472474575043,0.112
EOF2,5.0,22.0,0.009329527616500854,0.112
EOF2,5.0,22.5,0.009171845391392708,0.112
EOF2,5.0,23.0,0.009309269487857819,0.112
EOF2,5.0,23.5,0.009448729455471039,0.112
EOF2,5.0,24.0,0.00958533026278019,0.112
EOF2,5.0,24.5,0.009825058281421661,0.112
EOF2,5.0,25.0,0.010321219451725483,0.112
EOF2,5.0,25.5,0.010823840275406837,0.112
EOF2,5.0,26.0,0.011331201530992985,0.112
EOF2,5.0,26.5,0.012626695446670055,0.112
EOF2,5.0,27.0,0.014717279002070427,0.112
EOF2,5.0,27.5,0.016803568229079247,0.112
EOF2,5.0,28.0,0.018890919163823128,0.112
EOF2,5.0,28.5,0.017985522747039795,0.112
EOF2,5.0,29.0,0.016055220738053322,0.112
EOF2,5.0,29.5,0.014109811745584011,0.112
EOF2,5.0,30.0,0.012147506698966026,0.112
EOF2,5.0,30.5,0.011064556427299976,0.112
EOF2,5.0,31.0,0.009990734048187733,0.112
EOF2,5.0,31.5,0.008934831246733665,0.112
EOF2,5.0,32.0,0.008092436008155346,0.112
EOF2,5.0,32.5,0.007855957373976707,0.112
EOF2,5.0,33.0,0.007610552944242954,0.112
EOF2,5.0,33.5,0.0073476554825901985,0.112
EOF2,5.0,34.0,0.006738459225744009,0.112
EOF2,5.0,34.5,0.005812202580273151,0.112
EOF2,5.5,0.5,-0.0019280926790088415,0.112
EOF2,5.5,1.0,-0.0023359411861747503,0.112
EOF2,5.5,1.5,-0.0022207938600331545,0.112
EOF2,5.5,2.0,-0.002284351969137788,0.112
EOF2,5.5,2.5,-0.00286981463432312,0.112
EOF2,5.5,3.0,-0.0034533243160694838,0.112
EOF2,5.5,3.5,-0.004102092236280441,0.112
EOF2,5.5,4.0,-0.003528093220666051,0.112
EOF2,5.5,4.5,-0.0017878514481708407,0.112
EOF2,5.5,5.0,-5.0111695600207895e-05,0.112
EOF2,5.5,5.5,0.0017992982175201178,0.112
EOF2,5.5,6.0,0.00325521151535213,0.112
EOF2,5.5,6.5,0.004432972986251116,0.112
EOF2,5.5,7.0,0.005215955898165703,0.112
EOF2,5.5,7.5,0.005973527207970619,0.112
EOF2,5.5,8.0,0.006118746940046549,0.112
EOF2,5.5,8.5,0.006257958244532347,0.112
EOF2,5.5,9.0,0.006831587757915258,0.112
EOF2,5.5,9.5,0.007487194612622261,0.112
EOF2,5.5,10.0,0.007904448546469212,0.112
EOF2,5.5,10.5,0.009343156591057777,0.112
EOF2,5.5,11.0,0.011032933369278908,0.112
EOF2,5.5,11.5,0.011161756701767445,0.112
EOF2,5.5,12.0,0.009812586940824986,0.112
EOF2,5.5,12.5,0.008551804348826408,0.112
EOF2,5.5,13.0,0.007484057452529669,0.112
EOF2,5.5,13.5,0.009773915633559227,0.112
EOF2,5.5,14.0,0.01328964438289404,0.112
EOF2,5.5,14.5,0.015123547054827213,0.112
EOF2,5.5,15.0,0.015182637609541416,0.112
EOF2,5.5,15.5,0.01441720500588417,0.112
EOF2,5.5,16.0,0.01282365433871746,0.112
EOF2,5.5,16.5,0.010459170676767826,0.112
EOF2,5.5,17.0,0.008928058668971062,0.112
EOF2,5.5,17.5,0.009691774845123291,0.112
EOF2,5.5,18.0,0.010434281080961227,0.112
EOF2,5.5,18.5,0.010458911769092083,0.112
EOF2,5.5,19.0,0.010601876303553581,0.112
EOF2,5.5,19.5,0.010865920223295689,0.112
EOF2,5.5,20.0,0.010109401308000088,0.112
EOF2,5.5,20.5,0.009344950318336487,0.112
EOF2,5.5,21.0,0.009037722833454609,0.112
EOF2,5.5,21.5,0.008884836919605732,0.112
EOF2,5.5,22.0,0.008883950300514698,0.112
EOF2,5.5,22.5,0.009043639525771141,0.112
EOF2,5.5,23.0,0.009183105081319809,0.112
EOF2,5.5,23.5,0.009322863072156906,0.112
EOF2,5.5,24.0,0.00979990791529417,0.112
EOF2,5.5,24.5,0.010606013238430023,0.112
EOF2,5.5,25.0,0.012076892890036106,0.112
EOF2,5.5,25.5,0.012829668819904327,0.112
EOF2,5.5,26.0,0.013346281833946705,0.112
EOF2,5.5,26.5,0.014646797440946102,0.112
EOF2,5.5,27.0,0.01673169620335102,0.112
EOF2,5.5,27.5,0.017941512167453766,0.112
EOF2,5.5,28.0,0.016534719616174698,0.112
EOF2,5.5,28.5,0.017265694215893745,0.112
EOF2,5.5,29.0,0.017887432128190994,0.112
EOF2,5.5,29.5,0.01594393514096737,0.112
EOF2,5.5,30.0,0.013982107862830162,0.112
EOF2,5.5,30.5,0.01314014382660389,0.112
EOF2,5.5,31.0,0.01218100544065237,0.112
EOF2,5.5,31.5,0.011109416373074055,0.112
EOF2,5.5,32.0,0.01001702155917883,0.112
EOF2,5.5,32.5,0.008815313689410686,0.112
EOF2,5.5,33.0,0.0083464989438653,0.112
EOF2,5.5,33.5,0.00811201985925436,0.112
EOF2,5.5,34.0,0.007538204547017813,0.112
EOF2,5.5,34.5,0.006642348598688841,0.112
EOF2,6.0,0.5,0.0012483774917200208,0.112
EOF2,6.0,1.0,0.0005252567352727056,0.112
EOF2,6.0,1.5,-0.0002555396349634975,0.112
EOF2,6.0,2.0,-0.00031169643625617027,0.112
EOF2,6.0,2.5,-0.0009057762217707932,0.112
EOF2,6.0,3.0,-0.0015303483232855797,0.112
EOF2,6.0,3.5,-0.0021542408503592014,0.112
EOF2,6.0,4.0,-0.0016076149186119437,0.112
EOF2,6.0,4.5,0.000256673782132566,0.112
EOF2,6.0,5.0,0.00206415681168437,0.112
EOF2,6.0,5.5,0.0037513207644224167,0.112
EOF2,6.0,6.0,0.00508931465446949,0.112
EOF2,6.0,6.5,0.006276652216911316,0.112
EOF2,6.0,7.0,0.007397273555397987,0.112
EOF2,6.0,7.5,0.008173123933374882,0.112
EOF2,6.0,8.0,0.008430875837802887,0.112
EOF2,6.0,8.5,0.009170503355562687,0.112
EOF2,6.0,9.0,0.009929242543876171,0.112
EOF2,6.0,9.5,0.010612579062581062,0.112
EOF2,6.0,10.0,0.010998210869729519,0.112
EOF2,6.0,10.5,0.011371373198926449,0.112
EOF2,6.0,11.0,0.012060717679560184,0.112
EOF2,6.0,11.5,0.012173407711088657,0.112
EOF2,6.0,12.0,0.010973476804792881,0.112
EOF2,6.0,12.5,0.00985585618764162,0.112
EOF2,6.0,13.0,0.008748723194003105,0.112
EOF2,6.0,13.5,0.01109476201236248,0.112
EOF2,6.0,14.0,0.011227437295019627,0.112
EOF2,6.0,14.5,0.011331768706440926,0.112
EOF2,6.0,15.0,0.01143350824713707,0.112
EOF2,6.0,15.5,0.010711820796132088,0.112
EOF2,6.0,16.0,0.009990601800382137,0.112
EOF2,6.0,16.5,0.009270288050174713,0.112
EOF2,6.0,17.0,0.00777373556047678,0.112
EOF2,6.0,17.5,0.008183772675693035,0.112
EOF2,6.0,18.0,0.00823050644248724,0.112
EOF2,6.0,18.5,0.00827525183558464,0.112
EOF2,6.0,19.0,0.008432313799858093,0.112
EOF2,6.0,19.5,0.008711133152246475,0.112
EOF2,6.0,20.0,0.008986220695078373,0.112
EOF2,6.0,20.5,0.00874295737594366,0.112
EOF2,6.0,21.0,0.00844087265431881,0.112
EOF2,6.0,21.5,0.008600683882832527,0.112
EOF2,6.0,22.0,0.008755143731832504,0.112
EOF2,6.0,22.5,0.008914714679121971,0.112
EOF2,6.0,23.0,0.009168289601802826,0.112
EOF2,6.0,23.5,0.009754533879458904,0.112
EOF2,6.0,24.0,0.010345783084630966,0.112
EOF2,6.0,24.5,0.011154433712363243,0.112
EOF2,6.0,25.0,0.012628711760044098,0.112
EOF2,6.0,25.5,0.014110026881098747,0.112
EOF2,6.0,26.0,0.015356144867837429,0.112
EOF2,6.0,26.5,0.01666097715497017,0.112
EOF2,6.0,27.0,0.016132615506649017,0.112
EOF2,6.0,27.5,0.014748966321349144,0.112
EOF2,6.0,28.0,0.013389957137405872,0.112
EOF2,6.0,28.5,0.01407803874462843,0.112
EOF2,6.0,29.0,0.015482673421502113,0.112
EOF2,6.0,29.5,0.01693502441048622,0.112
EOF2,6.0,30.0,0.015834441408514977,0.112
EOF2,6.0,30.5,0.014974325895309448,0.112
EOF2,6.0,31.0,0.014128372073173523,0.112
EOF2,6.0,31.5,0.013298206962645054,0.112
EOF2,6.0,32.0,0.012195504270493984,0.112
EOF2,6.0,32.5,0.010998965241014957,0.112
EOF2,6.0,33.0,0.00979583989828825,0.112
EOF2,6.0,33.5,0.008833969943225384,0.112
EOF2,6.0,34.0,0.008289245888590813,0.112
EOF2,6.0,34.5,0.006371034774929285,0.112
EOF2,6.5,0.5,0.0024457264225929976,0.112
EOF2,6.5,1.0,0.001812828821130097,0.112
EOF2,6.5,1.5,0.00113662239164114,0.112
EOF2,6.5,2.0,0.002310307463631034,0.112
EOF2,6.5,2.5,0.003128155367448926,0.112
EOF2,6.5,3.0,0.0025540213100612164,0.112
EOF2,6.5,3.5,0.001977750798687339,0.112
EOF2,6.5,4.0,0.002571218181401491,0.112
EOF2,6.5,4.5,0.004248009994626045,0.112
EOF2,6.5,5.0,0.005815061274915934,0.112
EOF2,6.5,5.5,0.006604356225579977,0.112
EOF2,6.5,6.0,0.007476877886801958,0.112
EOF2,6.5,6.5,0.008561494760215282,0.112
EOF2,6.5,7.0,0.009589076973497868,0.112
EOF2,6.5,7.5,0.009644705802202225,0.112
EOF2,6.5,8.0,0.01038062758743763,0.112
EOF2,6.5,8.5,0.011146632954478264,0.112
EOF2,6.5,9.0,0.01193179003894329,0.112
EOF2,6.5,9.5,0.011491384357213974,0.112
EOF2,6.5,10.0,0.011856925673782825,0.112
EOF2,6.5,10.5,0.012217923998832703,0.112
EOF2,6.5,11.0,0.01348347868770361,0.112
EOF2,6.5,11.5,0.01304730586707592,0.112
EOF2,6.5,12.0,0.01097127515822649,0.112
EOF2,6.5,12.5,0.009838936850428581,0.112
EOF2,6.5,13.0,0.008723138831555843,0.112
EOF2,6.5,13.5,0.008631044067442417,0.112
EOF2,6.5,14.0,0.008769387379288673,0.112
EOF2,6.5,14.5,0.00890518631786108,0.112
EOF2,6.5,15.0,0.009030655026435852,0.112
EOF2,6.5,15.5,0.008334304206073284,0.112
EOF2,6.5,16.0,0.007638812996447086,0.112
EOF2,6.5,16.5,0.006964104250073433,0.112
EOF2,6.5,17.0,0.008234456181526184,0.112
EOF2,6.5,17.5,0.00960131548345089,0.112
EOF2,6.5,18.0,0.009630553424358368,0.112
EOF2,6.5,18.5,0.009658925235271454,0.112
EOF2,6.5,19.0,0.008837733417749405,0.112
EOF2,6.5,19.5,0.008630611002445221,0.112
EOF2,6.5,20.0,0.008904491551220417,0.112
EOF2,6.5,20.5,0.00917814951390028,0.112
EOF2,6.5,21.0,0.009362253360450268,0.112
EOF2,6.5,21.5,0.009520181454718113,0.112
EOF2,6.5,22.0,0.009676461108028889,0.112
EOF2,6.5,22.5,0.009175061248242855,0.112
EOF2,6.5,23.0,0.009577520191669464,0.112
EOF2,6.5,23.5,0.010168036445975304,0.112
EOF2,6.5,24.0,0.010758998803794384,0.112
EOF2,6.5,24.5,0.01157295424491167,0.112
EOF2,6.5,25.0,0.013049625791609287,0.112
EOF2,6.5,25.5,0.014534765854477882,0.112
EOF2,6.5,26.0,0.016302630305290222,0.112
EOF2,6.5,26.5,0.01614094339311123,0.112
EOF2,6.5,27.0,0.014360710047185421,0.112
EOF2,6.5,27.5,0.012998311780393124,0.112
EOF2,6.5,28.0,0.011653671972453594,0.112
EOF2,6.5,28.5,0.012196797877550125,0.112
EOF2,6.5,29.0,0.013561614789068699,0.112
EOF2,6.5,29.5,0.014964820817112923,0.112
EOF2,6.5,30.0,0.016406891867518425,0.112
EOF2,6.5,30.5,0.015552466735243797,0.112
EOF2,6.5,31.0,0.014706388115882874,0.112
EOF2,6.5,31.5,0.013883382081985474,0.112
EOF2,6.5,32.0,0.014772837981581688,0.112
EOF2,6.5,32.5,0.013583325780928135,0.112
EOF2,6.5,33.0,0.012383951805531979,0.112
EOF2,6.5,33.5,0.010792376473546028,0.112
EOF2,6.5,34.0,0.007921593263745308,0.112
EOF2,6.5,34.5,0.00543301273137331,0.112
EOF2,7.0,0.5,0.002058941638097167,0.112
EOF2,7.0,1.0,0.0021357452496886253,0.112
EOF2,7.0,1.5,0.00292319362051785,0.112
EOF2,7.0,2.0,0.004017279949039221,0.112
EOF2,7.0,2.5,0.006060262676328421,0.112
EOF2,7.0,3.0,0.00811821036040783,0.112
EOF2,7.0,3.5,0.007621049880981445,0.112
EOF2,7.0,4.0,0.008082488551735878,0.112
EOF2,7.0,4.5,0.009459570981562138,0.112
EOF2,7.0,5.0,0.009550373069941998,0.112
EOF2,7.0,5.5,0.00963706336915493,0.112
EOF2,7.0,6.0,0.010429025627672672,0.112
EOF2,7.0,6.5,0.011100415140390396,0.112
EOF2,7.0,7.0,0.010815379209816456,0.112
EOF2,7.0,7.5,0.010539012961089611,0.112
EOF2,7.0,8.0,0.011290226131677628,0.112
EOF2,7.0,8.5,0.011324693448841572,0.112
EOF2,7.0,9.0,0.010622003115713596,0.112
EOF2,7.0,9.5,0.01018447708338499,0.112
EOF2,7.0,10.0,0.010557237081229687,0.112
EOF2,7.0,10.5,0.013626283034682274,0.112
EOF2,7.0,11.0,0.01763940043747425,0.112
EOF2,7.0,11.5,0.01719261333346367,0.112
EOF2,7.0,12.0,0.012325099669396877,0.112
EOF2,7.0,12.5,0.008458948694169521,0.112
EOF2,7.0,13.0,0.0073614357970654964,0.112
EOF2,7.0,13.5,0.0072882031090557575,0.112
EOF2,7.0,14.0,0.007549997419118881,0.112
EOF2,7.0,14.5,0.007750311866402626,0.112
EOF2,7.0,15.0,0.00788962747901678,0.112
EOF2,7.0,15.5,0.007204839959740639,0.112
EOF2,7.0,16.0,0.0072642662562429905,0.112
EOF2,7.0,16.5,0.008062124252319336,0.112
EOF2,7.0,17.0,0.009312103502452374,0.112
EOF2,7.0,17.5,0.011977522633969784,0.112
EOF2,7.0,18.0,0.014628377743065357,0.112
EOF2,7.0,18.5,0.014612123370170593,0.112
EOF2,7.0,19.0,0.013740139082074165,0.112
EOF2,7.0,19.5,0.0120535958558321,0.112
EOF2,7.0,20.0,0.010871222242712975,0.112
EOF2,7.0,20.5,0.011136092245578766,0.112
EOF2,7.0,21.0,0.01132141426205635,0.112
EOF2,7.0,21.5,0.01125891413539648,0.112
EOF2,7.0,22.0,0.01053978968411684,0.112
EOF2,7.0,22.5,0.009821589104831219,0.112
EOF2,7.0,23.0,0.010164284147322178,0.112
EOF2,7.0,23.5,0.010511735454201698,0.112
EOF2,7.0,24.0,0.011041403748095036,0.112
EOF2,7.0,24.5,0.011855053715407848,0.112
EOF2,7.0,25.0,0.013337801210582256,0.112
EOF2,7.0,25.5,0.01566089317202568,0.112
EOF2,7.0,26.0,0.018254149705171585,0.112
EOF2,7.0,26.5,0.018091315403580666,0.112
EOF2,7.0,27.0,0.015162734314799309,0.112
EOF2,7.0,27.5,0.01261059008538723,0.112
EOF2,7.0,28.0,0.011248850263655186,0.112
EOF2,7.0,28.5,0.011804727837443352,0.112
EOF2,7.0,29.0,0.012994601391255856,0.112
EOF2,7.0,29.5,0.014295967295765877,0.112
EOF2,7.0,30.0,0.015722280368208885,0.112
EOF2,7.0,30.5,0.014874568209052086,0.112
EOF2,7.0,31.0,0.015261233784258366,0.112
EOF2,7.0,31.5,0.016876591369509697,0.112
EOF2,7.0,32.0,0.017789991572499275,0.112
EOF2,7.0,32.5,0.01660202443599701,0.112
EOF2,7.0,33.0,0.014246134087443352,0.112
EOF2,7.0,33.5,0.011486836709082127,0.112
EOF2,7.0,34.0,0.008601113222539425,0.112
EOF2,7.0,34.5,0.005501483101397753,0.112
EOF2,7.5,0.5,0.0029860648792237043,0.112
EOF2,7.5,1.0,0.0037122408393770456,0.112
EOF2,7.5,1.5,0.004438713192939758,0.112
EOF2,7.5,2.0,0.005453415215015411,0.112
EOF2,7.5,2.5,0.007351930718868971,0.112
EOF2,7.5,3.0,0.00927415769547224,0.112
EOF2,7.5,3.5,0.011220807209610939,0.112
EOF2,7.5,4.0,0.012244324199855328,0.112
EOF2,7.5,4.5,0.012334092520177364,0.112
EOF2,7.5,5.0,0.012422516010701656,0.112
EOF2,7.5,5.5,0.012511368840932846,0.112
EOF2,7.5,6.0,0.012307453900575638,0.112
EOF2,7.5,6.5,0.01200308557599783,0.112
EOF2,7.5,7.0,0.011707193218171597,0.112
EOF2,7.5,7.5,0.011423458345234394,0.112
EOF2,7.5,8.0,0.010732426308095455,0.112
EOF2,7.5,8.5,0.010049015283584595,0.112
EOF2,7.5,9.0,0.009359107352793217,0.112
EOF2,7.5,9.5,0.00979562196880579,0.112
EOF2,7.5,10.0,0.01373542845249176,0.112
EOF2,7.5,10.5,0.01772272400557995,0.112
EOF2,7.5,11.0,0.021759936586022377,0.112
EOF2,7.5,11.5,0.02127884514629841,0.112
EOF2,7.5,12.0,0.016375305131077766,0.112
EOF2,7.5,12.5,0.011565543711185455,0.112
EOF2,7.5,13.0,0.006845369003713131,0.112
EOF2,7.5,13.5,0.005962795577943325,0.112
EOF2,7.5,14.0,0.006243888754397631,0.112
EOF2,7.5,14.5,0.006516639608889818,0.112
EOF2,7.5,15.0,0.00678432360291481,0.112
EOF2,7.5,15.5,0.007586841471493244,0.112
EOF2,7.5,16.0,0.008375260978937149,0.112
EOF2,7.5,16.5,0.0091444943100214,0.112
EOF2,7.5,17.0,0.010365495458245277,0.112
EOF2,7.5,17.5,0.012989656068384647,0.112
EOF2,7.5,18.0,0.01561558898538351,0.112
EOF2,7.5,18.5,0.018237121403217316,0.112
EOF2,7.5,19.0,0.018661290407180786,0.112
EOF2,7.5,19.5,0.016931600868701935,0.112
EOF2,7.5,20.0,0.015225214883685112,0.112
EOF2,7.5,20.5,0.013550982810556889,0.112
EOF2,7.5,21.0,0.012610213831067085,0.112
EOF2,7.5,21.5,0.01189702469855547,0.112
EOF2,7.5,22.0,0.011182518675923347,0.112
EOF2,7.5,22.5,0.010463311336934566,0.112
EOF2,7.5,23.0,0.01080795843154192,0.112
EOF2,7.5,23.5,0.011157386004924774,0.112
EOF2,7.5,24.0,0.011506949551403522,0.112
EOF2,7.5,24.5,0.012392022646963596,0.112
EOF2,7.5,25.0,0.014988928101956844,0.112
EOF2,7.5,25.5,0.017576636746525764,0.112
EOF2,7.5,26.0,0.020153673365712166,0.112
EOF2,7.5,26.5,0.0199965201318264,0.112
EOF2,7.5,27.0,0.017088335007429123,0.112
EOF2,7.5,27.5,0.014158457517623901,0.112
EOF2,7.5,28.0,0.011203552596271038,0.112
EOF2,7.5,28.5,0.011389951221644878,0.112
EOF2,7.5,29.0,0.012598613277077675,0.112
EOF2,7.5,29.5,0.013820230029523373,0.112
EOF2,7.5,30.0,0.015041014179587364,0.112
EOF2,7.5,30.5,0.016659986227750778,0.112
EOF2,7.5,31.0,0.01828949525952339,0.112
EOF2,7.5,31.5,0.019917065277695656,0.112
EOF2,7.5,32.0,0.02046426199376583,0.112
EOF2,7.5,32.5,0.017720302566885948,0.112
EOF2,7.5,33.0,0.014964389614760876,0.112
EOF2,7.5,33.5,0.012186899781227112,0.112
EOF2,7.5,34.0,0.009298361837863922,0.112
EOF2,7.5,34.5,0.006191393826156855,0.112
EOF2,8.0,0.5,0.002334493910893798,0.112
EOF2,8.0,1.0,0.002217833185568452,0.112
EOF2,8.0,1.5,0.0029336395673453808,0.112
EOF2,8.0,2.0,0.003935311920940876,0.112
EOF2,8.0,2.5,0.0058004180900752544,0.112
EOF2,8.0,3.0,0.00768636167049408,0.112
EOF2,8.0,3.5,0.009599859826266766,0.112
EOF2,8.0,4.0,0.011058459058403969,0.112
EOF2,8.0,4.5,0.012038170360028744,0.112
EOF2,8.0,5.0,0.012131270952522755,0.112
EOF2,8.0,5.5,0.01222056895494461,0.112
EOF2,8.0,6.0,0.012011404149234295,0.112
EOF2,8.0,6.5,0.011711910367012024,0.112
EOF2,8.0,7.0,0.013067016378045082,0.112
EOF2,8.0,7.5,0.016024470329284668,0.112
EOF2,8.0,8.0,0.010209477506577969,0.112
EOF2,8.0,8.5,0.006961696315556765,0.112
EOF2,8.0,9.0,0.006268325261771679,0.112
EOF2,8.0,9.5,0.006714607123285532,0.112
EOF2,8.0,10.0,0.010627057403326035,0.112
EOF2,8.0,10.5,0.01455763354897499,0.112
EOF2,8.0,11.0,0.014199222438037395,0.112
EOF2,8.0,11.5,0.011637210845947266,0.112
EOF2,8.0,12.0,0.006974078714847565,0.112
EOF2,8.0,12.5,0.003944781143218279,0.112
EOF2,8.0,13.0,0.005588661879301071,0.112
EOF2,8.0,13.5,0.0062014139257371426,0.112
EOF2,8.0,14.0,0.006472769193351269,0.112
EOF2,8.0,14.5,0.007223584223538637,0.112
EOF2,8.0,15.0,0.008472606539726257,0.112
EOF2,8.0,15.5,0.010570753365755081,0.112
EOF2,8.0,16.0,0.012029656209051609,0.112
EOF2,8.0,16.5,0.012792021036148071,0.112
EOF2,8.0,17.0,0.014011492021381855,0.112
EOF2,8.0,17.5,0.01667794957756996,0.112
EOF2,8.0,18.0,0.0194438137114048,0.112
EOF2,8.0,18.5,0.02222895435988903,0.112
EOF2,8.0,19.0,0.02267494797706604,0.112
EOF2,8.0,19.5,0.02080870419740677,0.112
EOF2,8.0,20.0,0.019418952986598015,0.112
EOF2,8.0,20.5,0.019402196630835533,0.112
EOF2,8.0,21.0,0.01583540253341198,0.112
EOF2,8.0,21.5,0.012187165208160877,0.112
EOF2,8.0,22.0,0.01147911325097084,0.112
EOF2,8.0,22.5,0.010769946500658989,0.112
EOF2,8.0,23.0,0.0111105777323246,0.112
EOF2,8.0,23.5,0.011457241140305996,0.112
EOF2,8.0,24.0,0.012725268490612507,0.112
EOF2,8.0,24.5,0.013222715817391872,0.112
EOF2,8.0,25.0,0.010426019318401814,0.112
EOF2,8.0,25.5,0.011671801097691059,0.112
EOF2,8.0,26.0,0.014253553003072739,0.112
EOF2,8.0,26.5,0.014089790172874928,0.112
EOF2,8.0,27.0,0.01116949412971735,0.112
EOF2,8.0,27.5,0.009029457345604897,0.112
EOF2,8.0,28.0,0.009288571774959564,0.112
EOF2,8.0,28.5,0.010241239331662655,0.112
EOF2,8.0,29.0,0.011430617421865463,0.112
EOF2,8.0,29.5,0.012218761257827282,0.112
EOF2,8.0,30.0,0.012619593180716038,0.112
EOF2,8.0,30.5,0.015453946776688099,0.112
EOF2,8.0,31.0,0.017701569944620132,0.112
EOF2,8.0,31.5,0.019348256289958954,0.112
EOF2,8.0,32.0,0.019894078373908997,0.112
EOF2,8.0,32.5,0.01711931824684143,0.112
EOF2,8.0,33.0,0.014320708811283112,0.112
EOF2,8.0,33.5,0.011380046606063843,0.112
EOF2,8.0,34.0,0.009153138846158981,0.112
EOF2,8.0,34.5,0.007631316781044006,0.112
EOF2,8.5,0.5,0.0033418897073715925,0.112
EOF2,8.5,1.0,0.002391694812104106,0.112
EOF2,8.5,1.5,0.0014655826380476356,0.112
EOF2,8.5,2.0,0.002441858174279332,0.112
EOF2,8.5,2.5,0.004264566116034985,0.112
EOF2,8.5,3.0,0.0061080558225512505,0.112
EOF2,8.5,3.5,0.00799157377332449,0.112
EOF2,8.5,4.0,0.009433245286345482,0.112
EOF2,8.5,4.5,0.010404573753476143,0.112
EOF2,8.5,5.0,0.011380508542060852,0.112
EOF2,8.5,5.5,0.011914013884961605,0.112
EOF2,8.5,6.0,0.011734360828995705,0.112
EOF2,8.5,6.5,0.014758819714188576,0.112
EOF2,8.5,7.0,0.017789209261536598,0.112
EOF2,8.5,7.5,0.020762285217642784,0.112
EOF2,8.5,8.0,0.014855818822979927,0.112
EOF2,8.5,8.5,0.008983093313872814,0.112
EOF2,8.5,9.0,0.003215795150026679,0.112
EOF2,8.5,9.5,0.0036200648173689842,0.112
EOF2,8.5,10.0,0.0054185595363378525,0.112
EOF2,8.5,10.5,0.005149465054273605,0.112
EOF2,8.5,11.0,0.004892532713711262,0.112
EOF2,8.5,11.5,0.0025058595929294825,0.112
EOF2,8.5,12.0,0.002622157335281372,0.112
EOF2,8.5,12.5,0.004246963653713465,0.112
EOF2,8.5,13.0,0.005842020735144615,0.112
EOF2,8.5,13.5,0.0064417035318911076,0.112
EOF2,8.5,14.0,0.007670983672142029,0.112
EOF2,8.5,14.5,0.008922101929783821,0.112
EOF2,8.5,15.0,0.010202252306044102,0.112
EOF2,8.5,15.5,0.012338044121861458,0.112
EOF2,8.5,16.0,0.014532981440424919,0.112
EOF2,8.5,16.5,0.016786810010671616,0.112
EOF2,8.5,17.0,0.018043790012598038,0.112
EOF2,8.5,17.5,0.0208827406167984,0.112
EOF2,8.5,18.0,0.023786237463355064,0.112
EOF2,8.5,18.5,0.026748649775981903,0.112
EOF2,8.5,19.0,0.027206314727663994,0.112
EOF2,8.5,19.5,0.026483973488211632,0.112
EOF2,8.5,20.0,0.026224298402667046,0.112
EOF2,8.5,20.5,0.025978023186326027,0.112
EOF2,8.5,21.0,0.022203348577022552,0.112
EOF2,8.5,21.5,0.01739005371928215,0.112
EOF2,8.5,22.0,0.012731385417282581,0.112
EOF2,8.5,22.5,0.011064186692237854,0.112
EOF2,8.5,23.0,0.011703316122293472,0.112
EOF2,8.5,23.5,0.013271477073431015,0.112
EOF2,8.5,24.0,0.014863704331219196,0.112
EOF2,8.5,24.5,0.015370490029454231,0.112
EOF2,8.5,25.0,0.012563150376081467,0.112
EOF2,8.5,25.5,0.00978651363402605,0.112
EOF2,8.5,26.0,0.008367994800209999,0.112
EOF2,8.5,26.5,0.008196244016289711,0.112
EOF2,8.5,27.0,0.007663503754884005,0.112
EOF2,8.5,27.5,0.00792353879660368,0.112
EOF2,8.5,28.0,0.008180342614650726,0.112
EOF2,8.5,28.5,0.0091094346717,0.112
EOF2,8.5,29.0,0.009434984996914864,0.112
EOF2,8.5,29.5,0.00976851861923933,0.112
EOF2,8.5,30.0,0.010126005858182907,0.112
EOF2,8.5,30.5,0.01298837922513485,0.112
EOF2,8.5,31.0,0.01586826518177986,0.112
EOF2,8.5,31.5,0.018746042624115944,0.112
EOF2,8.5,32.0,0.01930524781346321,0.112
EOF2,8.5,32.5,0.016414109617471695,0.112
EOF2,8.5,33.0,0.013452641665935516,0.112
EOF2,8.5,33.5,0.010487213730812073,0.112
EOF2,8.5,34.0,0.008243375457823277,0.112
EOF2,8.5,34.5,0.006730983965098858,0.112
EOF2,9.0,0.5,0.004753136076033115,0.112
EOF2,9.0,1.0,0.0037851205561310053,0.112
EOF2,9.0,1.5,0.0028377065900713205,0.112
EOF2,9.0,2.0,0.002872428158298135,0.112
EOF2,9.0,2.5,0.0038852670695632696,0.112
EOF2,9.0,3.0,0.005725694354623556,0.112
EOF2,9.0,3.5,0.007600938435643911,0.112
EOF2,9.0,4.0,0.009037889540195465,0.112
EOF2,9.0,4.5,0.010007637552917004,0.112
EOF2,9.0,5.0,0.010980934835970402,0.112
EOF2,9.0,5.5,0.011123891919851303,0.112
EOF2,9.0,6.0,0.009557368233799934,0.112
EOF2,9.0,6.5,0.012589860707521439,0.112
EOF2,9.0,7.0,0.01563188247382641,0.112
EOF2,9.0,7.5,0.01862204261124134,0.112
EOF2,9.0,8.0,0.012710987590253353,0.112
EOF2,9.0,8.5,0.006839343812316656,0.112
EOF2,9.0,9.0,0.0010907923569902778,0.112
EOF2,9.0,9.5,0.0036512750666588545,0.112
EOF2,9.0,10.0,0.005313376430422068,0.112
EOF2,9.0,10.5,0.005047047045081854,0.112
EOF2,9.0,11.0,0.004786201287060976,0.112
EOF2,9.0,11.5,0.0033558188006281853,0.112
EOF2,9.0,12.0,0.003947107587009668,0.112
EOF2,9.0,12.5,0.005590697750449181,0.112
EOF2,9.0,13.0,0.007207086309790611,0.112
EOF2,9.0,13.5,0.010147114284336567,0.112
EOF2,9.0,14.0,0.011471572332084179,0.112
EOF2,9.0,14.5,0.012812749482691288,0.112
EOF2,9.0,15.0,0.014175517484545708,0.112
EOF2,9.0,15.5,0.016456956043839455,0.112
EOF2,9.0,16.0,0.018802620470523834,0.112
EOF2,9.0,16.5,0.021212145686149597,0.112
EOF2,9.0,17.0,0.023653319105505943,0.112
EOF2,9.0,17.5,0.026665382087230682,0.112
EOF2,9.0,18.0,0.02974342182278633,0.112
EOF2,9.0,18.5,0.03361302614212036,0.112
EOF2,9.0,19.0,0.03401812165975571,0.112
EOF2,9.0,19.5,0.03233855962753296,0.112
EOF2,9.0,20.0,0.03186289593577385,0.112
EOF2,9.0,20.5,0.03142132610082626,0.112
EOF2,9.0,21.0,0.027427518740296364,0.112
EOF2,9.0,21.5,0.022396648302674294,0.112
EOF2,9.0,22.0,0.017526885494589806,0.112
EOF2,9.0,22.5,0.013005059212446213,0.112
EOF2,9.0,23.0,0.012072308920323849,0.112
EOF2,9.0,23.5,0.013647489249706268,0.112
EOF2,9.0,24.0,0.015245746821165085,0.112
EOF2,9.0,24.5,0.015757601708173752,0.112
EOF2,9.0,25.0,0.012941240333020687,0.112
EOF2,9.0,25.5,0.010156285017728806,0.112
EOF2,9.0,26.0,0.008798118680715561,0.112
EOF2,9.0,26.5,0.008217713795602322,0.112
EOF2,9.0,27.0,0.007408904377371073,0.112
EOF2,9.0,27.5,0.0076705776154994965,0.112
EOF2,9.0,28.0,0.007925926707684994,0.112
EOF2,9.0,28.5,0.008210917003452778,0.112
EOF2,9.0,29.0,0.008520427159965038,0.112
EOF2,9.0,29.5,0.008836910128593445,0.112
EOF2,9.0,30.0,0.009080934338271618,0.112
EOF2,9.0,30.5,0.011939775198698044,0.112
EOF2,9.0,31.0,0.014819096773862839,0.112
EOF2,9.0,31.5,0.0176826361566782,0.112
EOF2,9.0,32.0,0.01734444871544838,0.112
EOF2,9.0,32.5,0.015099946409463882,0.112
EOF2,9.0,33.0,0.012157497927546501,0.112
EOF2,9.0,33.5,0.009212701581418514,0.112
EOF2,9.0,34.0,0.006989715155214071,0.112
EOF2,9.0,34.5,0.005491340067237616,0.112
EOF2,9.5,0.5,0.00658418470993638,0.112
EOF2,9.5,1.0,0.006077417638152838,0.112
EOF2,9.5,1.5,0.006065173074603081,0.112
EOF2,9.5,2.0,0.00611242838203907,0.112
EOF2,9.5,2.5,0.0063159572891891,0.112
EOF2,9.5,3.0,0.006529937963932753,0.112
EOF2,9.5,3.5,0.00841471180319786,0.112
EOF2,9.5,4.0,0.00986303761601448,0.112
EOF2,9.5,4.5,0.010823520831763744,0.112
EOF2,9.5,5.0,0.010145746171474457,0.112
EOF2,9.5,5.5,0.00945780798792839,0.112
EOF2,9.5,6.0,0.007881958968937397,0.112
EOF2,9.5,6.5,0.0060073272325098515,0.112
EOF2,9.5,7.0,0.00659971684217453,0.112
EOF2,9.5,7.5,0.009594257920980453,0.112
EOF2,9.5,8.0,0.0037736031226813793,0.112
EOF2,9.5,8.5,0.0020285993814468384,0.112
EOF2,9.5,9.0,0.004319251049309969,0.112
EOF2,9.5,9.5,0.00692747114226222,0.112
EOF2,9.5,10.0,0.010587036609649658,0.112
EOF2,9.5,10.5,0.014317968860268593,0.112
EOF2,9.5,11.0,0.013956922106444836,0.112
EOF2,9.5,11.5,0.012469355016946793,0.112
EOF2,9.5,12.0,0.009830807335674763,0.112
EOF2,9.5,12.5,0.008239860646426678,0.112
EOF2,9.5,13.0,0.009942862205207348,0.112
EOF2,9.5,13.5,0.01311738882213831,0.112
EOF2,9.5,14.0,0.016880573704838753,0.112
EOF2,9.5,14.5,0.01955721527338028,0.112
EOF2,9.5,15.0,0.021091271191835403,0.112
EOF2,9.5,15.5,0.023651763796806335,0.112
EOF2,9.5,16.0,0.026127085089683533,0.112
EOF2,9.5,16.5,0.0283933375030756,0.112
EOF2,9.5,17.0,0.03081083856523037,0.112
EOF2,9.5,17.5,0.03397473320364952,0.112
EOF2,9.5,18.0,0.03942396119236946,0.112
EOF2,9.5,18.5,0.045777034014463425,0.112
EOF2,9.5,19.0,0.04608965665102005,0.112
EOF2,9.5,19.5,0.04049153998494148,0.112
EOF2,9.5,20.0,0.03635036572813988,0.112
EOF2,9.5,20.5,0.03573375195264816,0.112
EOF2,9.5,21.0,0.031511127948760986,0.112
EOF2,9.5,21.5,0.026299024000763893,0.112
EOF2,9.5,22.0,0.021440766751766205,0.112
EOF2,9.5,22.5,0.016761720180511475,0.112
EOF2,9.5,23.0,0.01490781083703041,0.112
EOF2,9.5,23.5,0.013107212260365486,0.112
EOF2,9.5,24.0,0.013860786333680153,0.112
EOF2,9.5,24.5,0.014367310330271721,0.112
EOF2,9.5,25.0,0.011547951959073544,0.112
EOF2,9.5,25.5,0.012937799096107483,0.112
EOF2,9.5,26.0,0.015633180737495422,0.112
EOF2,9.5,26.5,0.015057776123285294,0.112
EOF2,9.5,27.0,0.011188373900949955,0.112
EOF2,9.5,27.5,0.008261293172836304,0.112
EOF2,9.5,28.0,0.008522825315594673,0.112
EOF2,9.5,28.5,0.008819160982966423,0.112
EOF2,9.5,29.0,0.009109372273087502,0.112
EOF2,9.5,29.5,0.009311194531619549,0.112
EOF2,9.5,30.0,0.009526040405035019,0.112
EOF2,9.5,30.5,0.01234972570091486,0.112
EOF2,9.5,31.0,0.013780098408460617,0.112
EOF2,9.5,31.5,0.013807961717247963,0.112
EOF2,9.5,32.0,0.013454058207571507,0.112
EOF2,9.5,32.5,0.011964376084506512,0.112
EOF2,9.5,33.0,0.010493752546608448,0.112
EOF2,9.5,33.5,0.007619893178343773,0.112
EOF2,9.5,34.0,0.005446258466690779,0.112
EOF2,9.5,34.5,0.003989752847701311,0.112
EOF2,10.0,0.5,0.009459486231207848,0.112
EOF2,10.0,1.0,0.009456021711230278,0.112
EOF2,10.0,1.5,0.009451538324356079,0.112
EOF2,10.0,2.0,0.009495887905359268,0.112
EOF2,10.0,2.5,0.00969607476145029,0.112
EOF2,10.0,3.0,0.00989064946770668,0.112
EOF2,10.0,3.5,0.010088973678648472,0.112
EOF2,10.0,4.0,0.009857000783085823,0.112
EOF2,10.0,4.5,0.009172387421131134,0.112
EOF2,10.0,5.0,0.008494773879647255,0.112
EOF2,10.0,5.5,0.00782304722815752,0.112
EOF2,10.0,6.0,0.006256684195250273,0.112
EOF2,10.0,6.5,0.004398472141474485,0.112
EOF2,10.0,7.0,0.0025470945984125137,0.112
EOF2,10.0,7.5,0.0007438586326315999,0.112
EOF2,10.0,8.0,0.0030197843443602324,0.112
EOF2,10.0,8.5,0.005309168249368668,0.112
EOF2,10.0,9.0,0.007586430758237839,0.112
EOF2,10.0,9.5,0.01014253031462431,0.112
EOF2,10.0,10.0,0.01383531279861927,0.112
EOF2,10.0,10.5,0.017626237124204636,0.112
EOF2,10.0,11.0,0.02151530608534813,0.112
EOF2,10.0,11.5,0.022190801799297333,0.112
EOF2,10.0,12.0,0.01957753673195839,0.112
EOF2,10.0,12.5,0.01689804717898369,0.112
EOF2,10.0,13.0,0.014145986177027225,0.112
EOF2,10.0,13.5,0.016460398212075233,0.112
EOF2,10.0,14.0,0.02054932527244091,0.112
EOF2,10.0,14.5,0.02475512959063053,0.112
EOF2,10.0,15.0,0.02906731143593788,0.112
EOF2,10.0,15.5,0.031441349536180496,0.112
EOF2,10.0,16.0,0.03370322659611702,0.112
EOF2,10.0,16.5,0.03586992621421814,0.112
EOF2,10.0,17.0,0.03890141844749451,0.112
EOF2,10.0,17.5,0.04524321109056473,0.112
EOF2,10.0,18.0,0.051767557859420776,0.112
EOF2,10.0,18.5,0.05846782773733139,0.112
EOF2,10.0,19.0,0.058678437024354935,0.112
EOF2,10.0,19.5,0.052547208964824677,0.112
EOF2,10.0,20.0,0.0467785969376564,0.112
EOF2,10.0,20.5,0.04133959859609604,0.112
EOF2,10.0,21.0,0.03607731685042381,0.112
EOF2,10.0,21.5,0.03079591691493988,0.112
EOF2,10.0,22.0,0.02568994089961052,0.112
EOF2,10.0,22.5,0.020769335329532623,0.112
EOF2,10.0,23.0,0.018799923360347748,0.112
EOF2,10.0,23.5,0.016891276463866234,0.112
EOF2,10.0,24.0,0.01503007858991623,0.112
EOF2,10.0,24.5,0.014313274063169956,0.112
EOF2,10.0,25.0,0.017036357894539833,0.112
EOF2,10.0,25.5,0.019656123593449593,0.112
EOF2,10.0,26.0,0.022177115082740784,0.112
EOF2,10.0,26.5,0.021604454144835472,0.112
EOF2,10.0,27.0,0.01791558414697647,0.112
EOF2,10.0,27.5,0.014100013300776482,0.112
EOF2,10.0,28.0,0.010148144327104092,0.112
EOF2,10.0,28.5,0.009346318431198597,0.112
EOF2,10.0,29.0,0.00954692903906107,0.112
EOF2,10.0,29.5,0.009746382012963295,0.112
EOF2,10.0,30.0,0.009954752400517464,0.112
EOF2,10.0,30.5,0.009984483011066914,0.112
EOF2,10.0,31.0,0.009995769709348679,0.112
EOF2,10.0,31.5,0.010010521858930588,0.112
EOF2,10.0,32.0,0.009657199494540691,0.112
EOF2,10.0,32.5,0.008213444612920284,0.112
EOF2,10.0,33.0,0.006793244741857052,0.112
EOF2,10.0,33.5,0.005395278334617615,0.112
EOF2,10.0,34.0,0.004710373468697071,0.112
EOF2,10.0,34.5,0.004755093716084957,0.112
EOF2,10.5,0.5,0.00876897107809782,0.112
EOF2,10.5,1.0,0.009830484166741371,0.112
EOF2,10.5,1.5,0.009825123474001884,0.112
EOF2,10.5,2.0,0.009869618341326714,0.112
EOF2,10.5,2.5,0.010062623769044876,0.112
EOF2,10.5,3.0,0.010251625441014767,0.112
EOF2,10.5,3.5,0.010624137707054615,0.112
EOF2,10.5,4.0,0.009883019141852856,0.112
EOF2,10.5,4.5,0.00804118812084198,0.112
EOF2,10.5,5.0,0.007366658188402653,0.112
EOF2,10.5,5.5,0.006704067345708609,0.112
EOF2,10.5,6.0,0.0051613179966807365,0.112
EOF2,10.5,6.5,0.0033279242925345898,0.112
EOF2,10.5,7.0,0.002903679618611932,0.112
EOF2,10.5,7.5,0.0038908044807612896,0.112
EOF2,10.5,8.0,0.006185300648212433,0.112
EOF2,10.5,8.5,0.008470348082482815,0.112
EOF2,10.5,9.0,0.010661829262971878,0.112
EOF2,10.5,9.5,0.011343077756464481,0.112
EOF2,10.5,10.0,0.007549473084509373,0.112
EOF2,10.5,10.5,0.009345216676592827,0.112
EOF2,10.5,11.0,0.013079782947897911,0.112
EOF2,10.5,11.5,0.01447258610278368,0.112
EOF2,10.5,12.0,0.013460136950016022,0.112
EOF2,10.5,12.5,0.01086368877440691,0.112
EOF2,10.5,13.0,0.00818796269595623,0.112
EOF2,10.5,13.5,0.010269397869706154,0.112
EOF2,10.5,14.0,0.014041955582797527,0.112
EOF2,10.5,14.5,0.01707649976015091,0.112
EOF2,10.5,15.0,0.01933963969349861,0.112
EOF2,10.5,15.5,0.023446807637810707,0.112
EOF2,10.5,16.0,0.02671974152326584,0.112
EOF2,10.5,16.5,0.029001392424106598,0.112
EOF2,10.5,17.0,0.02955111488699913,0.112
EOF2,10.5,17.5,0.02531891129910946,0.112
EOF2,10.5,18.0,0.028580689802765846,0.112
EOF2,10.5,18.5,0.03442026674747467,0.112
EOF2,10.5,19.0,0.034807778894901276,0.112
EOF2,10.5,19.5,0.02984621189534664,0.112
EOF2,10.5,20.0,0.029508031904697418,0.112
EOF2,10.5,20.5,0.043015021830797195,0.112
EOF2,10.5,21.0,0.04120290279388428,0.112
EOF2,10.5,21.5,0.03481553494930267,0.112
EOF2,10.5,22.0,0.02966940961778164,0.112
EOF2,10.5,22.5,0.02470272406935692,0.112
EOF2,10.5,23.0,0.020795676857233047,0.112
EOF2,10.5,23.5,0.017986774444580078,0.112
EOF2,10.5,24.0,0.01615239307284355,0.112
EOF2,10.5,24.5,0.014268375001847744,0.112
EOF2,10.5,25.0,0.012130163609981537,0.112
EOF2,10.5,25.5,0.013626223430037498,0.112
EOF2,10.5,26.0,0.0162380151450634,0.112
EOF2,10.5,26.5,0.01567794755101204,0.112
EOF2,10.5,27.0,0.011915214359760284,0.112
EOF2,10.5,27.5,0.00948625709861517,0.112
EOF2,10.5,28.0,0.011396155692636967,0.112
EOF2,10.5,28.5,0.01128983311355114,0.112
EOF2,10.5,29.0,0.010742275044322014,0.112
EOF2,10.5,29.5,0.010946124792098999,0.112
EOF2,10.5,30.0,0.011148768477141857,0.112
EOF2,10.5,30.5,0.011167461983859539,0.112
EOF2,10.5,31.0,0.011190226301550865,0.112
EOF2,10.5,31.5,0.008298426866531372,0.112
EOF2,10.5,32.0,0.006061533000320196,0.112
EOF2,10.5,32.5,0.008791969157755375,0.112
EOF2,10.5,33.0,0.008403534069657326,0.112
EOF2,10.5,33.5,0.0069960118271410465,0.112
EOF2,10.5,34.0,0.006321360822767019,0.112
EOF2,10.5,34.5,0.006364201661199331,0.112
EOF2,11.0,0.5,0.006068994756788015,0.112
EOF2,11.0,1.0,0.008094101212918758,0.112
EOF2,11.0,1.5,0.010154202580451965,0.112
EOF2,11.0,2.0,0.010210330598056316,0.112
EOF2,11.0,2.5,0.010485537350177765,0.112
EOF2,11.0,3.0,0.010851935483515263,0.112
EOF2,11.0,3.5,0.011224386282265186,0.112
EOF2,11.0,4.0,0.01048913225531578,0.112
EOF2,11.0,4.5,0.00865516159683466,0.112
EOF2,11.0,5.0,0.006843422539532185,0.112
EOF2,11.0,5.5,0.005617331247776747,0.112
EOF2,11.0,6.0,0.004109300673007965,0.112
EOF2,11.0,6.5,0.005071695894002914,0.112
EOF2,11.0,7.0,0.006067944224923849,0.112
EOF2,11.0,7.5,0.007076941430568695,0.112
EOF2,11.0,8.0,0.009336834773421288,0.112
EOF2,11.0,8.5,0.011526104062795639,0.112
EOF2,11.0,9.0,0.013726206496357918,0.112
EOF2,11.0,9.5,0.014425690285861492,0.112
EOF2,11.0,10.0,0.010566500946879387,0.112
EOF2,11.0,10.5,0.00674154469743371,0.112
EOF2,11.0,11.0,0.0047966716811060905,0.112
EOF2,11.0,11.5,0.00618735421448946,0.112
EOF2,11.0,12.0,0.0053316764533519745,0.112
EOF2,11.0,12.5,0.004503689706325531,0.112
EOF2,11.0,13.0,0.0027925961185246706,0.112
EOF2,11.0,13.5,0.004683108069002628,0.112
EOF2,11.0,14.0,0.006653038319200277,0.112
EOF2,11.0,14.5,0.00865117460489273,0.112
EOF2,11.0,15.0,0.010695911943912506,0.112
EOF2,11.0,15.5,0.014438758604228497,0.112
EOF2,11.0,16.0,0.018288031220436096,0.112
EOF2,11.0,16.5,0.02222893387079239,0.112
EOF2,11.0,17.0,0.02293890155851841,0.112
EOF2,11.0,17.5,0.018990807235240936,0.112
EOF2,11.0,18.0,0.015311375260353088,0.112
EOF2,11.0,18.5,0.0139910988509655,0.112
EOF2,11.0,19.0,0.014499980956315994,0.112
EOF2,11.0,19.5,0.022488350048661232,0.112
EOF2,11.0,20.0,0.03545499965548515,0.112
EOF2,11.0,20.5,0.04959343001246452,0.112
EOF2,11.0,21.0,0.04760962352156639,0.112
EOF2,11.0,21.5,0.04049673303961754,0.112
EOF2,11.0,22.0,0.03390424698591232,0.112
EOF2,11.0,22.5,0.02859458327293396,0.112
EOF2,11.0,23.0,0.024610653519630432,0.112
EOF2,11.0,23.5,0.02081984281539917,0.112
EOF2,11.0,24.0,0.01722167804837227,0.112
EOF2,11.0,24.5,0.01535837259143591,0.112
EOF2,11.0,25.0,0.013262188993394375,0.112
EOF2,11.0,25.5,0.011196600273251534,0.112
EOF2,11.0,26.0,0.010335869155824184,0.112
EOF2,11.0,26.5,0.009782085195183754,0.112
EOF2,11.0,27.0,0.010219288058578968,0.112
EOF2,11.0,27.5,0.0120799969881773,0.112
EOF2,11.0,28.0,0.013961497694253922,0.112
EOF2,11.0,28.5,0.013883352279663086,0.112
EOF2,11.0,29.0,0.01313241757452488,0.112
EOF2,11.0,29.5,0.012363367713987827,0.112
EOF2,11.0,30.0,0.012321386486291885,0.112
EOF2,11.0,30.5,0.011397614143788815,0.112
EOF2,11.0,31.0,0.007599045056849718,0.112
EOF2,11.0,31.5,0.003750183153897524,0.112
EOF2,11.0,32.0,0.00151167088188231,0.112
EOF2,11.0,32.5,0.004240855574607849,0.112
EOF2,11.0,33.0,0.006945109460502863,0.112
EOF2,11.0,33.5,0.008608189411461353,0.112
EOF2,11.0,34.0,0.007929089479148388,0.112
EOF2,11.0,34.5,0.007746291346848011,0.112
EOF2,11.5,0.5,0.0027005427982658148,0.112
EOF2,11.5,1.0,0.004625273402780294,0.112
EOF2,11.5,1.5,0.006581797264516354,0.112
EOF2,11.5,2.0,0.007636990398168564,0.112
EOF2,11.5,2.5,0.006924562621861696,0.112
EOF2,11.5,3.0,0.007256955374032259,0.112
EOF2,11.5,3.5,0.007596172858029604,0.112
EOF2,11.5,4.0,0.0068819522857666016,0.112
EOF2,11.5,4.5,0.0051249670796096325,0.112
EOF2,11.5,5.0,0.0033899019472301006,0.112
EOF2,11.5,5.5,0.002353465184569359,0.112
EOF2,11.5,6.0,0.0024262438528239727,0.112
EOF2,11.5,6.5,0.0033715921454131603,0.112
EOF2,11.5,7.0,0.004334083758294582,0.112
EOF2,11.5,7.5,0.005310192704200745,0.112
EOF2,11.5,8.0,0.007430241443216801,0.112
EOF2,11.5,8.5,0.009569107554852962,0.112
EOF2,11.5,9.0,0.01171379629522562,0.112
EOF2,11.5,9.5,0.010755689814686775,0.112
EOF2,11.5,10.0,0.007000254467129707,0.112
EOF2,11.5,10.5,0.003271202091127634,0.112
EOF2,11.5,11.0,0.0005044713616371155,0.112
EOF2,11.5,11.5,0.00013687035243492573,0.112
EOF2,11.5,12.0,-0.0005973640945740044,0.112
EOF2,11.5,12.5,-0.0013070213608443737,0.112
EOF2,11.5,13.0,-0.0010686853202059865,0.112
EOF2,11.5,13.5,-0.0026985444128513336,0.112
EOF2,11.5,14.0,-0.0009035978582687676,0.112
EOF2,11.5,14.5,0.0009571527480147779,0.112
EOF2,11.5,15.0,0.00287059647962451,0.112
EOF2,11.5,15.5,0.008539843373000622,0.112
EOF2,11.5,16.0,0.012130685150623322,0.112
EOF2,11.5,16.5,0.01581577956676483,0.112
EOF2,11.5,17.0,0.017682082951068878,0.112
EOF2,11.5,17.5,0.014010429382324219,0.112
EOF2,11.5,18.0,0.010573593899607658,0.112
EOF2,11.5,18.5,0.008456345647573471,0.112
EOF2,11.5,19.0,0.011396162211894989,0.112
EOF2,11.5,19.5,0.021465007215738297,0.112
EOF2,11.5,20.0,0.03431461751461029,0.112
EOF2,11.5,20.5,0.04831366613507271,0.112
EOF2,11.5,21.0,0.04636646807193756,0.112
EOF2,11.5,21.5,0.039340537041425705,0.112
EOF2,11.5,22.0,0.032828398048877716,0.112
EOF2,11.5,22.5,0.02992132492363453,0.112
EOF2,11.5,23.0,0.025915823876857758,0.112
EOF2,11.5,23.5,0.022094417363405228,0.112
EOF2,11.5,24.0,0.018446097150444984,0.112
EOF2,11.5,24.5,0.014486188068985939,0.112
EOF2,11.5,25.0,0.012419653125107288,0.112
EOF2,11.5,25.5,0.01038569025695324,0.112
EOF2,11.5,26.0,0.008546221069991589,0.112
EOF2,11.5,26.5,0.007784954272210598,0.112
EOF2,11.5,27.0,0.009094197303056717,0.112
EOF2,11.5,27.5,0.010922600515186787,0.112
EOF2,11.5,28.0,0.01277062389999628,0.112
EOF2,11.5,28.5,0.012681886553764343,0.112
EOF2,11.5,29.0,0.011928520165383816,0.112
EOF2,11.5,29.5,0.011158094741404057,0.112
EOF2,11.5,30.0,0.011824497021734715,0.112
EOF2,11.5,30.5,0.010602292604744434,0.112
EOF2,11.5,31.0,0.006854651961475611,0.112
EOF2,11.5,31.5,0.003057037713006139,0.112
EOF2,11.5,32.0,0.0008515141671523452,0.112
EOF2,11.5,32.5,0.0035419552586972713,0.112
EOF2,11.5,33.0,0.0062112086452543736,0.112
EOF2,11.5,33.5,0.007899949327111244,0.112
EOF2,11.5,34.0,0.009449332021176815,0.112
EOF2,11.5,34.5,0.01034501101821661,0.112
EOF2,12.0,0.5,0.0007586493738926947,0.112
EOF2,12.0,1.0,0.0009700438822619617,0.112
EOF2,12.0,1.5,0.0024124353658407927,0.112
EOF2,12.0,2.0,0.0034043407067656517,0.112
EOF2,12.0,2.5,0.0017393737798556685,0.112
EOF2,12.0,3.0,0.00010450090485392138,0.112
EOF2,12.0,3.5,0.0003650122962426394,0.112
EOF2,12.0,4.0,-0.00032013628515414894,0.112
EOF2,12.0,4.5,-0.0019371777307242155,0.112
EOF2,12.0,5.0,-0.0022804641630500555,0.112
EOF2,12.0,5.5,-0.002610894152894616,0.112
EOF2,12.0,6.0,-0.0025640276726335287,0.112
EOF2,12.0,6.5,-0.0023906556889414787,0.112
EOF2,12.0,7.0,-0.001860483200289309,0.112
EOF2,12.0,7.5,-0.0009619576158002019,0.112
EOF2,12.0,8.0,0.001037105335853994,0.112
EOF2,12.0,8.5,0.002034994540736079,0.112
EOF2,12.0,9.0,0.00202734163030982,0.112
EOF2,12.0,9.5,0.0011357173789292574,0.112
EOF2,12.0,10.0,-0.002376786433160305,0.112
EOF2,12.0,10.5,-0.0032299929298460484,0.112
EOF2,12.0,11.0,-0.00321220769546926,0.112
EOF2,12.0,11.5,-0.0035303833428770304,0.112
EOF2,12.0,12.0,-0.0041593690402805805,0.112
EOF2,12.0,12.5,-0.003037336515262723,0.112
EOF2,12.0,13.0,-0.0019062543287873268,0.112
EOF2,12.0,13.5,-0.003531151684001088,0.112
EOF2,12.0,14.0,-0.006172836292535067,0.112
EOF2,12.0,14.5,-0.006646701134741306,0.112
EOF2,12.0,15.0,-0.004821867682039738,0.112
EOF2,12.0,15.5,0.0015299251535907388,0.112
EOF2,12.0,16.0,0.007850528694689274,0.112
EOF2,12.0,16.5,0.012066695839166641,0.112
EOF2,12.0,17.0,0.013867438770830631,0.112
EOF2,12.0,17.5,0.010434816591441631,0.112
EOF2,12.0,18.0,0.010609360411763191,0.112
EOF2,12.0,18.5,0.01197806280106306,0.112
EOF2,12.0,19.0,0.015057562850415707,0.112
EOF2,12.0,19.5,0.019739845767617226,0.112
EOF2,12.0,20.0,0.026303639635443687,0.112
EOF2,12.0,20.5,0.03943387791514397,0.112
EOF2,12.0,21.0,0.03771818056702614,0.112
EOF2,12.0,21.5,0.0323668047785759,0.112
EOF2,12.0,22.0,0.03053673729300499,0.112
EOF2,12.0,22.5,0.028729820623993874,0.112
EOF2,12.0,23.0,0.024730412289500237,0.112
EOF2,12.0,23.5,0.020330512896180153,0.112
EOF2,12.0,24.0,0.015592684969305992,0.112
EOF2,12.0,24.5,0.011689580976963043,0.112
EOF2,12.0,25.0,0.009649308398365974,0.112
EOF2,12.0,25.5,0.00812210701406002,0.112
EOF2,12.0,26.0,0.006792390253394842,0.112
EOF2,12.0,26.5,0.006046353839337826,0.112
EOF2,12.0,27.0,0.005851521622389555,0.112
EOF2,12.0,27.5,0.006152496673166752,0.112
EOF2,12.0,28.0,0.0079601826146245,0.112
EOF2,12.0,28.5,0.007826903834939003,0.112
EOF2,12.0,29.0,0.007493959274142981,0.112
EOF2,12.0,29.5,0.008587158285081387,0.112
EOF2,12.0,30.0,0.00970202125608921,0.112
EOF2,12.0,30.5,0.009324055165052414,0.112
EOF2,12.0,31.0,0.008944855071604252,0.112
EOF2,12.0,31.5,0.006073841359466314,0.112
EOF2,12.0,32.0,0.003925565164536238,0.112
EOF2,12.0,32.5,0.006545827258378267,0.112
EOF2,12.0,33.0,0.006320947781205177,0.112
EOF2,12.0,33.5,0.005161808338016272,0.112
EOF2,12.0,34.0,0.006654930301010609,0.112
EOF2,12.0,34.5,0.010929970070719719,0.112
EOF2,12.5,0.5,-0.0006911244126968086,0.112
EOF2,12.5,1.0,-0.00048636042629368603,0.112
EOF2,12.5,1.5,-0.0002812073507811874,0.112
EOF2,12.5,2.0,-0.000509860401507467,0.112
EOF2,12.5,2.5,-0.0021008241456001997,0.112
EOF2,12.5,3.0,-0.0036732167936861515,0.112
EOF2,12.5,3.5,-0.00523743499070406,0.112
EOF2,12.5,4.0,-0.006173198577016592,0.112
EOF2,12.5,4.5,-0.006491557229310274,0.112
EOF2,12.5,5.0,-0.006813799496740103,0.112
EOF2,12.5,5.5,-0.007137472741305828,0.112
EOF2,12.5,6.0,-0.007114491891115904,0.112
EOF2,12.5,6.5,-0.006969832815229893,0.112
EOF2,12.5,7.0,-0.006822075229138136,0.112
EOF2,12.5,7.5,-0.006666762754321098,0.112
EOF2,12.5,8.0,-0.006644860375672579,0.112
EOF2,12.5,8.5,-0.006632132921367884,0.112
EOF2,12.5,9.0,-0.006619215477257967,0.112
EOF2,12.5,9.5,-0.006626563146710396,0.112
EOF2,12.5,10.0,-0.0066039287485182285,0.112
EOF2,12.5,10.5,-0.00658054556697607,0.112
EOF2,12.5,11.0,-0.00655743945389986,0.112
EOF2,12.5,11.5,-0.006004451774060726,0.112
EOF2,12.5,12.0,-0.004903527908027172,0.112
EOF2,12.5,12.5,-0.0037996049504727125,0.112
EOF2,12.5,13.0,-0.0026962587144225836,0.112
EOF2,12.5,13.5,-0.004303723108023405,0.112
EOF2,12.5,14.0,-0.006886717863380909,0.112
EOF2,12.5,14.5,-0.00958329252898693,0.112
EOF2,12.5,15.0,-0.01232190616428852,0.112
EOF2,12.5,15.5,-0.006007608957588673,0.112
EOF2,12.5,16.0,0.0002804768446367234,0.112
EOF2,12.5,16.5,0.006527410354465246,0.112
EOF2,12.5,17.0,0.01144321821630001,0.112
EOF2,12.5,17.5,0.012838862836360931,0.112
EOF2,12.5,18.0,0.014280837960541248,0.112
EOF2,12.5,18.5,0.01577712967991829,0.112
EOF2,12.5,19.0,0.019007138907909393,0.112
EOF2,12.5,19.5,0.023857736960053444,0.112
EOF2,12.5,20.0,0.02860308811068535,0.112
EOF2,12.5,20.5,0.03324863314628601,0.112
EOF2,12.5,21.0,0.03299032151699066,0.112
EOF2,12.5,21.5,0.031125959008932114,0.112
EOF2,12.5,22.0,0.029295746237039566,0.112
EOF2,12.5,22.5,0.02749643102288246,0.112
EOF2,12.5,23.0,0.02230972796678543,0.112
EOF2,12.5,23.5,0.01738402061164379,0.112
EOF2,12.5,24.0,0.01272688526660204,0.112
EOF2,12.5,24.5,0.00904762838035822,0.112
EOF2,12.5,25.0,0.007684680167585611,0.112
EOF2,12.5,25.5,0.0063545843586325645,0.112
EOF2,12.5,26.0,0.005058275535702705,0.112
EOF2,12.5,26.5,0.004327734466642141,0.112
EOF2,12.5,27.0,0.004124061204493046,0.112
EOF2,12.5,27.5,0.003915533889085054,0.112
EOF2,12.5,28.0,0.003705540206283331,0.112
EOF2,12.5,28.5,0.004408280830830336,0.112
EOF2,12.5,29.0,0.005438429769128561,0.112
EOF2,12.5,29.5,0.006498416885733604,0.112
EOF2,12.5,30.0,0.007581047248095274,0.112
EOF2,12.5,30.5,0.007214774377644062,0.112
EOF2,12.5,31.0,0.006850894074887037,0.112
EOF2,12.5,31.5,0.0064893183298408985,0.112
EOF2,12.5,32.0,0.0059429979883134365,0.112
EOF2,12.5,32.5,0.004798984155058861,0.112
EOF2,12.5,33.0,0.0036644614301621914,0.112
EOF2,12.5,33.5,0.0025415292475372553,0.112
EOF2,12.5,34.0,0.003982487600296736,0.112
EOF2,12.5,34.5,0.00810470525175333,0.112
EOF2,13.0,0.5,-0.0022128024138510227,0.112
EOF2,13.0,1.0,-0.002020155778154731,0.112
EOF2,13.0,1.5,-0.0023222838062793016,0.112
EOF2,13.0,2.0,-0.002719999523833394,0.112
EOF2,13.0,2.5,-0.002912820316851139,0.112
EOF2,13.0,3.0,-0.00411306181922555,0.112
EOF2,13.0,3.5,-0.005635379813611507,0.112
EOF2,13.0,4.0,-0.006548066157847643,0.112
EOF2,13.0,4.5,-0.006862410809844732,0.112
EOF2,13.0,5.0,-0.007253147661685944,0.112
EOF2,13.0,5.5,-0.007864799350500107,0.112
EOF2,13.0,6.0,-0.007913925684988499,0.112
EOF2,13.0,6.5,-0.007776714861392975,0.112
EOF2,13.0,7.0,-0.007909322157502174,0.112
EOF2,13.0,7.5,-0.008309424854815006,0.112
EOF2,13.0,8.0,-0.0073453886434435844,0.112
EOF2,13.0,8.5,-0.006858182605355978,0.112
EOF2,13.0,9.0,-0.00684381416067481,0.112
EOF2,13.0,9.5,-0.006922427099198103,0.112
EOF2,13.0,10.0,-0.007258543279021978,0.112
EOF2,13.0,10.5,-0.007326108403503895,0.112
EOF2,13.0,11.0,-0.007305197883397341,0.112
EOF2,13.0,11.5,-0.0067597622983157635,0.112
EOF2,13.0,12.0,-0.005691893864423037,0.112
EOF2,13.0,12.5,-0.005076206289231777,0.112
EOF2,13.0,13.0,-0.005824942607432604,0.112
EOF2,13.0,13.5,-0.007868893444538116,0.112
EOF2,13.0,14.0,-0.010439750738441944,0.112
EOF2,13.0,14.5,-0.011031950823962688,0.112
EOF2,13.0,15.0,-0.009544548578560352,0.112
EOF2,13.0,15.5,-0.0036309438291937113,0.112
EOF2,13.0,16.0,0.002263779751956463,0.112
EOF2,13.0,16.5,0.005157423671334982,0.112
EOF2,13.0,17.0,0.006924968212842941,0.112
EOF2,13.0,17.5,0.00818406417965889,0.112
EOF2,13.0,18.0,0.00948504637926817,0.112
EOF2,13.0,18.5,0.010351256467401981,0.112
EOF2,13.0,19.0,0.01307795848697424,0.112
EOF2,13.0,19.5,0.017603348940610886,0.112
EOF2,13.0,20.0,0.021260688081383705,0.112
EOF2,13.0,20.5,0.022530697286128998,0.112
EOF2,13.0,21.0,0.022831210866570473,0.112
EOF2,13.0,21.5,0.022378986701369286,0.112
EOF2,13.0,22.0,0.020680220797657967,0.112
EOF2,13.0,22.5,0.019007805734872818,0.112
EOF2,13.0,23.0,0.016329746693372726,0.112
EOF2,13.0,23.5,0.012635750696063042,0.112
EOF2,13.0,24.0,0.008081727661192417,0.112
EOF2,13.0,24.5,0.004499160684645176,0.112
EOF2,13.0,25.0,0.0031878878362476826,0.112
EOF2,13.0,25.5,0.0019161832751706243,0.112
EOF2,13.0,26.0,0.0014923772541806102,0.112
EOF2,13.0,26.5,0.0011756786843761802,0.112
EOF2,13.0,27.0,0.0009495042031630874,0.112
EOF2,13.0,27.5,0.0006574660073965788,0.112
EOF2,13.0,28.0,0.0001715547259664163,0.112
EOF2,13.0,28.5,0.0008696414879523218,0.112
EOF2,13.0,29.0,0.0019528190605342388,0.112
EOF2,13.0,29.5,0.002953764284029603,0.112
EOF2,13.0,30.0,0.003978434018790722,0.112
EOF2,13.0,30.5,0.0036385897547006607,0.112
EOF2,13.0,31.0,0.0032966039143502712,0.112
EOF2,13.0,31.5,0.0011490078177303076,0.112
EOF2,13.0,32.0,-0.0003238885255996138,0.112
EOF2,13.0,32.5,0.001906088087707758,0.112
EOF2,13.0,33.0,0.0016269516199827194,0.112
EOF2,13.0,33.5,0.0005183289176784456,0.112
EOF2,13.0,34.0,0.0019352445378899574,0.112
EOF2,13.0,34.5,0.005993758328258991,0.112
EOF2,13.5,0.5,-0.0038062050007283688,0.112
EOF2,13.5,1.0,-0.004257996566593647,0.112
EOF2,13.5,1.5,-0.00471312552690506,0.112
EOF2,13.5,2.0,-0.005105502903461456,0.112
EOF2,13.5,2.5,-0.005295108072459698,0.112
EOF2,13.5,3.0,-0.005486685317009687,0.112
EOF2,13.5,3.5,-0.0060006119310855865,0.112
EOF2,13.5,4.0,-0.006892033386975527,0.112
EOF2,13.5,4.5,-0.007416210137307644,0.112
EOF2,13.5,5.0,-0.00801126565784216,0.112
EOF2,13.5,5.5,-0.00860598124563694,0.112
EOF2,13.5,6.0,-0.008660770952701569,0.112
EOF2,13.5,6.5,-0.009048926644027233,0.112
EOF2,13.5,7.0,-0.009446452371776104,0.112
EOF2,13.5,7.5,-0.009843493811786175,0.112
EOF2,13.5,8.0,-0.008901943452656269,0.112
EOF2,13.5,8.5,-0.007959919981658459,0.112
EOF2,13.5,9.0,-0.007031070999801159,0.112
EOF2,13.5,9.5,-0.007099722512066364,0.112
EOF2,13.5,10.0,-0.007430714089423418,0.112
EOF2,13.5,10.5,-0.007755580358207226,0.112
EOF2,13.5,11.0,-0.007994825951755047,0.112
EOF2,13.5,11.5,-0.00746695464476943,0.112
EOF2,13.5,12.0,-0.007748594973236322,0.112
EOF2,13.5,12.5,-0.008470415137708187,0.112
EOF2,13.5,13.0,-0.009188706986606121,0.112
EOF2,13.5,13.5,-0.011191352270543575,0.112
EOF2,13.5,14.0,-0.009840269573032856,0.112
EOF2,13.5,14.5,-0.008460559882223606,0.112
EOF2,13.5,15.0,-0.007053172681480646,0.112
EOF2,13.5,15.5,-0.0024566161446273327,0.112
EOF2,13.5,16.0,-0.000714382971636951,0.112
EOF2,13.5,16.5,0.0010699830017983913,0.112
EOF2,13.5,17.0,0.002712063491344452,0.112
EOF2,13.5,17.5,0.0037141290958970785,0.112
EOF2,13.5,18.0,0.004572471138089895,0.112
EOF2,13.5,18.5,0.005417944397777319,0.112
EOF2,13.5,19.0,0.007982317358255386,0.112
EOF2,13.5,19.5,0.009899009950459003,0.112
EOF2,13.5,20.0,0.011045432649552822,0.112
EOF2,13.5,20.5,0.012204933911561966,0.112
EOF2,13.5,21.0,0.012394123710691929,0.112
EOF2,13.5,21.5,0.012254376895725727,0.112
EOF2,13.5,22.0,0.012114404700696468,0.112
EOF2,13.5,22.5,0.010915032587945461,0.112
EOF2,13.5,23.0,0.008368443697690964,0.112
EOF2,13.5,23.5,0.005854786839336157,0.112
EOF2,13.5,24.0,0.0033644321374595165,0.112
EOF2,13.5,24.5,-0.00011037672811653465,0.112
EOF2,13.5,25.0,-0.0009467071504332125,0.112
EOF2,13.5,25.5,-0.0013452335260808468,0.112
EOF2,13.5,26.0,-0.0017376977484673262,0.112
EOF2,13.5,26.5,-0.0020521660335361958,0.112
EOF2,13.5,27.0,-0.0024719228968024254,0.112
EOF2,13.5,27.5,-0.0029443365056067705,0.112
EOF2,13.5,28.0,-0.003413612488657236,0.112
EOF2,13.5,28.5,-0.0027446725871413946,0.112
EOF2,13.5,29.0,-0.0016747218323871493,0.112
EOF2,13.5,29.5,-0.0005806856206618249,0.112
EOF2,13.5,30.0,0.00042444863356649876,0.112
EOF2,13.5,30.5,-0.0004945095279254019,0.112
EOF2,13.5,31.0,-0.0032003936357796192,0.112
EOF2,13.5,31.5,-0.005849776789546013,0.112
EOF2,13.5,32.0,-0.007250748109072447,0.112
EOF2,13.5,32.5,-0.005057340022176504,0.112
EOF2,13.5,33.0,-0.002858791034668684,0.112
EOF2,13.5,33.5,-0.0014779911143705249,0.112
EOF2,13.5,34.0,-8.541154966223985e-05,0.112
EOF2,13.5,34.5,0.003941942472010851,0.112
EOF2,14.0,0.5,-0.0056833834387362,0.112
EOF2,14.0,1.0,-0.006130891386419535,0.112
EOF2,14.0,1.5,-0.006578521803021431,0.112
EOF2,14.0,2.0,-0.006962761282920837,0.112
EOF2,14.0,2.5,-0.0071499040350317955,0.112
EOF2,14.0,3.0,-0.007340210024267435,0.112
EOF2,14.0,3.5,-0.0075812325812876225,0.112
EOF2,14.0,4.0,-0.007608798798173666,0.112
EOF2,14.0,4.5,-0.00795906875282526,0.112
EOF2,14.0,5.0,-0.008545827120542526,0.112
EOF2,14.0,5.5,-0.009126557968556881,0.112
EOF2,14.0,6.0,-0.009560848586261272,0.112
EOF2,14.0,6.5,-0.00995056051760912,0.112
EOF2,14.0,7.0,-0.010345333255827427,0.112
EOF2,14.0,7.5,-0.010758673772215843,0.112
EOF2,14.0,8.0,-0.00983341597020626,0.112
EOF2,14.0,8.5,-0.008912228979170322,0.112
EOF2,14.0,9.0,-0.008002725429832935,0.112
EOF2,14.0,9.5,-0.008161776699125767,0.112
EOF2,14.0,10.0,-0.00848164688795805,0.112
EOF2,14.0,10.5,-0.008799722418189049,0.112
EOF2,14.0,11.0,-0.007922474294900894,0.112
EOF2,14.0,11.5,-0.008182450197637081,0.112
EOF2,14.0,12.0,-0.009950937703251839,0.112
EOF2,14.0,12.5,-0.010655488818883896,0.112
EOF2,14.0,13.0,-0.011350505985319614,0.112
EOF2,14.0,13.5,-0.011531646363437176,0.112
EOF2,14.0,14.0,-0.010217465460300446,0.112
EOF2,14.0,14.5,-0.008886279538273811,0.112
EOF2,14.0,15.0,-0.007554853335022926,0.112
EOF2,14.0,15.5,-0.00698437076061964,0.112
EOF2,14.0,16.0,-0.005319432821124792,0.112
EOF2,14.0,16.5,-0.0036158051807433367,0.112
EOF2,14.0,17.0,-0.002086593536660075,0.112
EOF2,14.0,17.5,-0.0011976540554314852,0.112
EOF2,14.0,18.0,-0.000323484098771587,0.112
EOF2,14.0,18.5,0.000908634508959949,0.112
EOF2,14.0,19.0,0.00224048993550241,0.112
EOF2,14.0,19.5,0.003130093216896057,0.112
EOF2,14.0,20.0,0.004212702624499798,0.112
EOF2,14.0,20.5,0.005302334204316139,0.112
EOF2,14.0,21.0,0.005424817558377981,0.112
EOF2,14.0,21.5,0.005219129379838705,0.112
EOF2,14.0,22.0,0.005009426269680262,0.112
EOF2,14.0,22.5,0.0061794789507985115,0.112
EOF2,14.0,23.0,0.0037313627544790506,0.112
EOF2,14.0,23.5,0.001302463817410171,0.112
EOF2,14.0,24.0,-0.0010789624648168683,0.112
EOF2,14.0,24.5,-0.0019796504639089108,0.112
EOF2,14.0,25.0,-0.003918328322470188,0.112
EOF2,14.0,25.5,-0.004290558397769928,0.112
EOF2,14.0,26.0,-0.004657519981265068,0.112
EOF2,14.0,26.5,-0.0050735450349748135,0.112
EOF2,14.0,27.0,-0.005533370655030012,0.112
EOF2,14.0,27.5,-0.005993013735860586,0.112
EOF2,14.0,28.0,-0.004690974485129118,0.112
EOF2,14.0,28.5,-0.0031610678415745497,0.112
EOF2,14.0,29.0,-0.002111904788762331,0.112
EOF2,14.0,29.5,-0.001035115565173328,0.112
EOF2,14.0,30.0,-0.005732253193855286,0.112
EOF2,14.0,30.5,-0.0025728526525199413,0.112
EOF2,14.0,31.0,-0.0052421498112380505,0.112
EOF2,14.0,31.5,-0.007856192998588085,0.112
EOF2,14.0,32.0,-0.00971052423119545,0.112
EOF2,14.0,32.5,-0.008479882031679153,0.112
EOF2,14.0,33.0,-0.006296416278928518,0.112
EOF2,14.0,33.5,-0.004116123542189598,0.112
EOF2,14.0,34.0,-0.0010338167194277048,0.112
EOF2,14.0,34.5,0.002948100445792079,0.112
EOF2,14.5,0.5,-0.007002271246165037,0.112
EOF2,14.5,1.0,-0.007521637715399265,0.112
EOF2,14.5,1.5,-0.007982680574059486,0.112
EOF2,14.5,2.0,-0.008363180793821812,0.112
EOF2,14.5,2.5,-0.008549447171390057,0.112
EOF2,14.5,3.0,-0.008889439515769482,0.112
EOF2,14.5,3.5,-0.009284158237278461,0.112
EOF2,14.5,4.0,-0.009315229952335358,0.112
EOF2,14.5,4.5,-0.008982038125395775,0.112
EOF2,14.5,5.0,-0.00887608714401722,0.112
EOF2,14.5,5.5,-0.00945216789841652,0.112
EOF2,14.5,6.0,-0.00988130271434784,0.112
EOF2,14.5,6.5,-0.010276434943079948,0.112
EOF2,14.5,7.0,-0.010697413235902786,0.112
EOF2,14.5,7.5,-0.0111116087064147,0.112
EOF2,14.5,8.0,-0.010201296769082546,0.112
EOF2,14.5,8.5,-0.009803458116948605,0.112
EOF2,14.5,9.0,-0.009913173504173756,0.112
EOF2,14.5,9.5,-0.010077381506562233,0.112
EOF2,14.5,10.0,-0.010391812771558762,0.112
EOF2,14.5,10.5,-0.007147297263145447,0.112
EOF2,14.5,11.0,-0.002650001784786582,0.112
EOF2,14.5,11.5,-0.0029216352850198746,0.112
EOF2,14.5,12.0,-0.007923916913568974,0.112
EOF2,14.5,12.5,-0.011769723147153854,0.112
EOF2,14.5,13.0,-0.012454365380108356,0.112
EOF2,14.5,13.5,-0.012643660418689251,0.112
EOF2,14.5,14.0,-0.012661762535572052,0.112
EOF2,14.5,14.5,-0.012019411660730839,0.112
EOF2,14.5,15.0,-0.010716350749135017,0.112
EOF2,14.5,15.5,-0.010590851306915283,0.112
EOF2,14.5,16.0,-0.010462471283972263,0.112
EOF2,14.5,16.5,-0.009191105142235756,0.112
EOF2,14.5,17.0,-0.007685840595513582,0.112
EOF2,14.5,17.5,-0.006739182863384485,0.112
EOF2,14.5,18.0,-0.004647049121558666,0.112
EOF2,14.5,18.5,-0.002234958577901125,0.112
EOF2,14.5,19.0,-0.0008873695624060929,0.112
EOF2,14.5,19.5,-0.0005498836981132627,0.112
EOF2,14.5,20.0,-3.0893315852154046e-05,0.112
EOF2,14.5,20.5,0.0010332328965887427,0.112
EOF2,14.5,21.0,0.001117848209105432,0.112
EOF2,14.5,21.5,0.0013323219027370214,0.112
EOF2,14.5,22.0,0.002946508349850774,0.112
EOF2,14.5,22.5,0.004553352948278189,0.112
EOF2,14.5,23.0,0.0021501313894987106,0.112
EOF2,14.5,23.5,0.0009566163644194603,0.112
EOF2,14.5,24.0,0.0009535386343486607,0.112
EOF2,14.5,24.5,6.619771011173725e-05,0.112
EOF2,14.5,25.0,-0.003441030625253916,0.112
EOF2,14.5,25.5,-0.0068358490243554115,0.112
EOF2,14.5,26.0,-0.007197672501206398,0.112
EOF2,14.5,26.5,-0.007590264081954956,0.112
EOF2,14.5,27.0,-0.008019017055630684,0.112
EOF2,14.5,27.5,-0.004976543597877026,0.112
EOF2,14.5,28.0,-0.002006422495469451,0.112
EOF2,14.5,28.5,-0.0004962890525348485,0.112
EOF2,14.5,29.0,-0.001305963727645576,0.112
EOF2,14.5,29.5,-0.0077676125802099705,0.112
EOF2,14.5,30.0,-0.014268388971686363,0.112
EOF2,14.5,30.5,-0.009366256184875965,0.112
EOF2,14.5,31.0,-0.00431233923882246,0.112
EOF2,14.5,31.5,-0.005010375287383795,0.112
EOF2,14.5,32.0,-0.006890987511724234,0.112
EOF2,14.5,32.5,-0.006607774179428816,0.112
EOF2,14.5,33.0,-0.006312084384262562,0.112
EOF2,14.5,33.5,-0.0041446322575211525,0.112
EOF2,14.5,34.0,-0.0010704020969569683,0.112
EOF2,14.5,34.5,0.0029082223773002625,0.112
EOF2,15.0,0.5,-0.00824684090912342,0.112
EOF2,15.0,1.0,-0.008759049698710442,0.112
EOF2,15.0,1.5,-0.00926948431879282,0.112
EOF2,15.0,2.0,-0.009748784825205803,0.112
EOF2,15.0,2.5,-0.010139000602066517,0.112
EOF2,15.0,3.0,-0.01052832417190075,0.112
EOF2,15.0,3.5,-0.010921495966613293,0.112
EOF2,15.0,4.0,-0.01095485407859087,0.112
EOF2,15.0,4.5,-0.010629195719957352,0.112
EOF2,15.0,5.0,-0.010308333672583103,0.112
EOF2,15.0,5.5,-0.00998049508780241,0.112
EOF2,15.0,6.0,-0.010220351628959179,0.112
EOF2,15.0,6.5,-0.010630919598042965,0.112
EOF2,15.0,7.0,-0.011045573279261589,0.112
EOF2,15.0,7.5,-0.011457537300884724,0.112
EOF2,15.0,8.0,-0.011567271314561367,0.112
EOF2,15.0,8.5,-0.01167470496147871,0.112
EOF2,15.0,9.0,-0.011782179586589336,0.112
EOF2,15.0,9.5,-0.010805981233716011,0.112
EOF2,15.0,10.0,-0.006411074660718441,0.112
EOF2,15.0,10.5,-0.0019378889119252563,0.112
EOF2,15.0,11.0,0.0026038119103759527,0.112
EOF2,15.0,11.5,0.0023557485546916723,0.112
EOF2,15.0,12.0,-0.002717652590945363,0.112
EOF2,15.0,12.5,-0.0076678842306137085,0.112
EOF2,15.0,13.0,-0.012498860247433186,0.112
EOF2,15.0,13.5,-0.01367933489382267,0.112
EOF2,15.0,14.0,-0.013701277785003185,0.112
EOF2,15.0,14.5,-0.013724657706916332,0.112
EOF2,15.0,15.0,-0.013757776468992233,0.112
EOF2,15.0,15.5,-0.013726589269936085,0.112
EOF2,15.0,16.0,-0.013685728423297405,0.112
EOF2,15.0,16.5,-0.013647368177771568,0.112
EOF2,15.0,17.0,-0.012954991310834885,0.112
EOF2,15.0,17.5,-0.010342897847294807,0.112
EOF2,15.0,18.0,-0.0078124841675162315,0.112
EOF2,15.0,18.5,-0.005355735309422016,0.112
EOF2,15.0,19.0,-0.0039961510337889194,0.112
EOF2,15.0,19.5,-0.0036706957034766674,0.112
EOF2,15.0,20.0,-0.0033440745901316404,0.112
EOF2,15.0,20.5,-0.0030152376275509596,0.112
EOF2,15.0,21.0,-0.0017683148616924882,0.112
EOF2,15.0,21.5,-0.00019562274974305183,0.112
EOF2,15.0,22.0,0.0013901455095037818,0.112
EOF2,15.0,22.5,0.002966467523947358,0.112
EOF2,15.0,23.0,0.00295267254114151,0.112
EOF2,15.0,23.5,0.002958322409540415,0.112
EOF2,15.0,24.0,0.0029652153607457876,0.112
EOF2,15.0,24.5,0.00207073288038373,0.112
EOF2,15.0,25.0,-0.0014645846094936132,0.112
EOF2,15.0,25.5,-0.004907055292278528,0.112
EOF2,15.0,26.0,-0.00825648196041584,0.112
EOF2,15.0,26.5,-0.008349553681910038,0.112
EOF2,15.0,27.0,-0.005300861317664385,0.112
EOF2,15.0,27.5,-0.0023446648847311735,0.112
EOF2,15.0,28.0,0.0005289419204927981,0.112
EOF2,15.0,28.5,-0.003354418557137251,0.112
EOF2,15.0,29.0,-0.009607945568859577,0.112
EOF2,15.0,29.5,-0.015941105782985687,0.112
EOF2,15.0,30.0,-0.022281337529420853,0.112
EOF2,15.0,30.5,-0.017597440630197525,0.112
EOF2,15.0,31.0,-0.012774698436260223,0.112
EOF2,15.0,31.5,-0.007847869768738747,0.112
EOF2,15.0,32.0,-0.004072629846632481,0.112
EOF2,15.0,32.5,-0.003792945295572281,0.112
EOF2,15.0,33.0,-0.0035164793953299522,0.112
EOF2,15.0,33.5,-0.0032370302360504866,0.112
EOF2,15.0,34.0,-0.0011129857739433646,0.112
EOF2,15.0,34.5,0.002832981990650296,0.112
EOF2,15.5,0.5,-0.008254609070718288,0.112
EOF2,15.5,1.0,-0.008647709153592587,0.112
EOF2,15.5,1.5,-0.009155319072306156,0.112
EOF2,15.5,2.0,-0.00963381864130497,0.112
EOF2,15.5,2.5,-0.010019639506936073,0.112
EOF2,15.5,3.0,-0.010404333472251892,0.112
EOF2,15.5,3.5,-0.010451307520270348,0.112
EOF2,15.5,4.0,-0.010316017083823681,0.112
EOF2,15.5,4.5,-0.00999144371598959,0.112
EOF2,15.5,5.0,-0.0099654421210289,0.112
EOF2,15.5,5.5,-0.010831019841134548,0.112
EOF2,15.5,6.0,-0.011191670782864094,0.112
EOF2,15.5,6.5,-0.011434250511229038,0.112
EOF2,15.5,7.0,-0.011842991225421429,0.112
EOF2,15.5,7.5,-0.012251018546521664,0.112
EOF2,15.5,8.0,-0.013033873401582241,0.112
EOF2,15.5,8.5,-0.01348125096410513,0.112
EOF2,15.5,9.0,-0.013583889231085777,0.112
EOF2,15.5,9.5,-0.012593992985785007,0.112
EOF2,15.5,10.0,-0.008264824748039246,0.112
EOF2,15.5,10.5,-0.0038795971777290106,0.112
EOF2,15.5,11.0,-0.001964279916137457,0.112
EOF2,15.5,11.5,0.00048252756823785603,0.112
EOF2,15.5,12.0,0.0034460017923265696,0.112
EOF2,15.5,12.5,-0.0015710786683484912,0.112
EOF2,15.5,13.0,-0.006521556526422501,0.112
EOF2,15.5,13.5,-0.007746018003672361,0.112
EOF2,15.5,14.0,-0.00775616429746151,0.112
EOF2,15.5,14.5,-0.009770470671355724,0.112
EOF2,15.5,15.0,-0.013736317865550518,0.112
EOF2,15.5,15.5,-0.013716602697968483,0.112
EOF2,15.5,16.0,-0.013674341142177582,0.112
EOF2,15.5,16.5,-0.012992782518267632,0.112
EOF2,15.5,17.0,-0.012216061353683472,0.112
EOF2,15.5,17.5,-0.01174968108534813,0.112
EOF2,15.5,18.0,-0.009692919440567493,0.112
EOF2,15.5,18.5,-0.0071808453649282455,0.112
EOF2,15.5,19.0,-0.005790762137621641,0.112
EOF2,15.5,19.5,-0.005471039097756147,0.112
EOF2,15.5,20.0,-0.005444226320832968,0.112
EOF2,15.5,20.5,-0.006306367926299572,0.112
EOF2,15.5,21.0,-0.0046225362457334995,0.112
EOF2,15.5,21.5,-0.002293922705575824,0.112
EOF2,15.5,22.0,-0.0007072554435580969,0.112
EOF2,15.5,22.5,0.0008722982020117342,0.112
EOF2,15.5,23.0,-0.0027249380946159363,0.112
EOF2,15.5,23.5,-0.004512133542448282,0.112
EOF2,15.5,24.0,-0.004526670090854168,0.112
EOF2,15.5,24.5,-0.005398567300289869,0.112
EOF2,15.5,25.0,-0.00879290048032999,0.112
EOF2,15.5,25.5,-0.012112772092223167,0.112
EOF2,15.5,26.0,-0.018050335347652435,0.112
EOF2,15.5,26.5,-0.01811794750392437,0.112
EOF2,15.5,27.0,-0.012421110644936562,0.112
EOF2,15.5,27.5,-0.009309075772762299,0.112
EOF2,15.5,28.0,-0.006298657041043043,0.112
EOF2,15.5,28.5,-0.010288010351359844,0.112
EOF2,15.5,29.0,-0.01665862649679184,0.112
EOF2,15.5,29.5,-0.019831577315926552,0.112
EOF2,15.5,30.0,-0.019729837775230408,0.112
EOF2,15.5,30.5,-0.014999053440988064,0.112
EOF2,15.5,31.0,-0.010144324973225594,0.112
EOF2,15.5,31.5,-0.006558427587151527,0.112
EOF2,15.5,32.0,-0.004112239461392164,0.112
EOF2,15.5,32.5,-0.0038355672731995583,0.112
EOF2,15.5,33.0,-0.0035414393059909344,0.112
EOF2,15.5,33.5,-0.0004285255854483694,0.112
EOF2,15.5,34.0,-0.0004565552226267755,0.112
EOF2,15.5,34.5,-0.003594945650547743,0.112
EOF2,16.0,0.5,-0.008483311161398888,0.112
EOF2,16.0,1.0,-0.008759102784097195,0.112
EOF2,16.0,1.5,-0.009037884883582592,0.112
EOF2,16.0,2.0,-0.009511648677289486,0.112
EOF2,16.0,2.5,-0.009726015850901604,0.112
EOF2,16.0,3.0,-0.009766068309545517,0.112
EOF2,16.0,3.5,-0.009811447001993656,0.112
EOF2,16.0,4.0,-0.00967127364128828,0.112
EOF2,16.0,4.5,-0.010238698683679104,0.112
EOF2,16.0,5.0,-0.011091500520706177,0.112
EOF2,16.0,5.5,-0.011940446682274342,0.112
EOF2,16.0,6.0,-0.012292497791349888,0.112
EOF2,16.0,6.5,-0.01248130388557911,0.112
EOF2,16.0,7.0,-0.01266972254961729,0.112
EOF2,16.0,7.5,-0.013021566905081272,0.112
EOF2,16.0,8.0,-0.01379421167075634,0.112
EOF2,16.0,8.5,-0.014567753300070763,0.112
EOF2,16.0,9.0,-0.015340263955295086,0.112
EOF2,16.0,9.5,-0.014368095435202122,0.112
EOF2,16.0,10.0,-0.011327480897307396,0.112
EOF2,16.0,10.5,-0.009483970701694489,0.112
EOF2,16.0,11.0,-0.007634439505636692,0.112
EOF2,16.0,11.5,-0.005270006135106087,0.112
EOF2,16.0,12.0,-0.002359833801165223,0.112
EOF2,16.0,12.5,0.000591204734519124,0.112
EOF2,16.0,13.0,-0.00042947358451783657,0.112
EOF2,16.0,13.5,-0.0017018805956467986,0.112
EOF2,16.0,14.0,-0.005740966182202101,0.112
EOF2,16.0,14.5,-0.00975668616592884,0.112
EOF2,16.0,15.0,-0.013707509264349937,0.112
EOF2,16.0,15.5,-0.013476809486746788,0.112
EOF2,16.0,16.0,-0.012622340582311153,0.112
EOF2,16.0,16.5,-0.011773399077355862,0.112
EOF2,16.0,17.0,-0.011032075621187687,0.112
EOF2,16.0,17.5,-0.010569734498858452,0.112
EOF2,16.0,18.0,-0.010069056414067745,0.112
EOF2,16.0,18.5,-0.00903571117669344,0.112
EOF2,16.0,19.0,-0.007620325777679682,0.112
EOF2,16.0,19.5,-0.008183595724403858,0.112
EOF2,16.0,20.0,-0.00903452467173338,0.112
EOF2,16.0,20.5,-0.009868554770946503,0.112
EOF2,16.0,21.0,-0.00821272935718298,0.112
EOF2,16.0,21.5,-0.005679292604327202,0.112
EOF2,16.0,22.0,-0.0030919015407562256,0.112
EOF2,16.0,22.5,-0.0012508815852925181,0.112
EOF2,16.0,23.0,-0.004856341518461704,0.112
EOF2,16.0,23.5,-0.008401698432862759,0.112
EOF2,16.0,24.0,-0.011846802197396755,0.112
EOF2,16.0,24.5,-0.012719674967229366,0.112
EOF2,16.0,25.0,-0.0173660721629858,0.112
EOF2,16.0,25.5,-0.023125428706407547,0.112
EOF2,16.0,26.0,-0.028564726933836937,0.112
EOF2,16.0,26.5,-0.02857349067926407,0.112
EOF2,16.0,27.0,-0.02324741519987583,0.112
EOF2,16.0,27.5,-0.017724979668855667,0.112
EOF2,16.0,28.0,-0.013331626541912556,0.112
EOF2,16.0,28.5,-0.0173282939940691,0.112
EOF2,16.0,29.0,-0.01729060336947441,0.112
EOF2,16.0,29.5,-0.01721292734146118,0.112
EOF2,16.0,30.0,-0.0171099491417408,0.112
EOF2,16.0,30.5,-0.012787980027496815,0.112
EOF2,16.0,31.0,-0.00971479807049036,0.112
EOF2,16.0,31.5,-0.006599427666515112,0.112
EOF2,16.0,32.0,-0.0041663325391709805,0.112
EOF2,16.0,32.5,-0.002466461854055524,0.112
EOF2,16.0,33.0,0.0006467690109275281,0.112
EOF2,16.0,33.5,0.0037359248381108046,0.112
EOF2,16.0,34.0,0.0037054396234452724,0.112
EOF2,16.0,34.5,0.000559353968128562,0.112
EOF2,16.5,0.5,-0.008656537160277367,0.112
EOF2,16.5,1.0,-0.008932748809456825,0.112
EOF2,16.5,1.5,-0.009193028323352337,0.112
EOF2,16.5,2.0,-0.008217108435928822,0.112
EOF2,16.5,2.5,-0.009687662124633789,0.112
EOF2,16.5,3.0,-0.009733501821756363,0.112
EOF2,16.5,3.5,-0.009774281643331051,0.112
EOF2,16.5,4.0,-0.004459126852452755,0.112
EOF2,16.5,4.5,-0.002422378631308675,0.112
EOF2,16.5,5.0,-0.0033069606870412827,0.112
EOF2,16.5,5.5,-0.004187263548374176,0.112
EOF2,16.5,6.0,-0.00454800296574831,0.112
EOF2,16.5,6.5,-0.004733622074127197,0.112
EOF2,16.5,7.0,-0.004923047497868538,0.112
EOF2,16.5,7.5,-0.008634191937744617,0.112
EOF2,16.5,8.0,-0.00943838246166706,0.112
EOF2,16.5,8.5,-0.010225304402410984,0.112
EOF2,16.5,9.0,-0.011053396388888359,0.112
EOF2,16.5,9.5,-0.01693718321621418,0.112
EOF2,16.5,10.0,-0.01674679107964039,0.112
EOF2,16.5,10.5,-0.014952489174902439,0.112
EOF2,16.5,11.0,-0.013152176514267921,0.112
EOF2,16.5,11.5,-0.010861390270292759,0.112
EOF2,16.5,12.0,-0.008053452707827091,0.112
EOF2,16.5,12.5,-0.005201602354645729,0.112
EOF2,16.5,13.0,0.0007162487599998713,0.112
EOF2,16.5,13.5,0.0045950221829116344,0.112
EOF2,16.5,14.0,0.0005873406189493835,0.112
EOF2,16.5,14.5,-0.0034162988886237144,0.112
EOF2,16.5,15.0,-0.007360887248069048,0.112
EOF2,16.5,15.5,-0.006584607996046543,0.112
EOF2,16.5,16.0,-0.005796137265861034,0.112
EOF2,16.5,16.5,-0.005027056206017733,0.112
EOF2,16.5,17.0,-0.0056756166741251945,0.112
EOF2,16.5,17.5,-0.005067936610430479,0.112
EOF2,16.5,18.0,-0.004421677906066179,0.112
EOF2,16.5,18.5,-0.004678554832935333,0.112
EOF2,16.5,19.0,-0.007280908990651369,0.112
EOF2,16.5,19.5,-0.008470750413835049,0.112
EOF2,16.5,20.0,-0.009326986037194729,0.112
EOF2,16.5,20.5,-0.010173389688134193,0.112
EOF2,16.5,21.0,-0.011819851584732533,0.112
EOF2,16.5,21.5,-0.009369348175823689,0.112
EOF2,16.5,22.0,-0.006837689783424139,0.112
EOF2,16.5,22.5,-0.004259615670889616,0.112
EOF2,16.5,23.0,-0.005105178337544203,0.112
EOF2,16.5,23.5,-0.008624707348644733,0.112
EOF2,16.5,24.0,-0.012064262293279171,0.112
EOF2,16.5,24.5,-0.016097327694296837,0.112
EOF2,16.5,25.0,-0.021898647770285606,0.112
EOF2,16.5,25.5,-0.02736879140138626,0.112
EOF2,16.5,26.0,-0.03242608904838562,0.112
EOF2,16.5,26.5,-0.032192133367061615,0.112
EOF2,16.5,27.0,-0.02699035033583641,0.112
EOF2,16.5,27.5,-0.02159850485622883,0.112
EOF2,16.5,28.0,-0.016807669773697853,0.112
EOF2,16.5,28.5,-0.01573731191456318,0.112
EOF2,16.5,29.0,-0.015658048912882805,0.112
EOF2,16.5,29.5,-0.015576235949993134,0.112
EOF2,16.5,30.0,-0.011915366165339947,0.112
EOF2,16.5,30.5,-0.008856442756950855,0.112
EOF2,16.5,31.0,-0.005765988957136869,0.112
EOF2,16.5,31.5,-0.0026631455402821302,0.112
EOF2,16.5,32.0,-0.0029428445268422365,0.112
EOF2,16.5,32.5,0.0001537035859655589,0.112
EOF2,16.5,33.0,0.0032295037526637316,0.112
EOF2,16.5,33.5,0.006108087953180075,0.112
EOF2,16.5,34.0,0.006382034160196781,0.112
EOF2,16.5,34.5,0.0035810996778309345,0.112
EOF2,17.0,0.5,-0.008775492198765278,0.112
EOF2,17.0,1.0,-0.007773509714752436,0.112
EOF2,17.0,1.5,-0.005497294012457132,0.112
EOF2,17.0,2.0,-0.004511537496000528,0.112
EOF2,17.0,2.5,-0.007404434960335493,0.112
EOF2,17.0,3.0,-0.010263769887387753,0.112
EOF2,17.0,3.5,-0.010327808558940887,0.112
EOF2,17.0,4.0,-0.005093251820653677,0.112
EOF2,17.0,4.5,0.005711309611797333,0.112
EOF2,17.0,5.0,0.013828090392053127,0.112
EOF2,17.0,5.5,0.012870367616415024,0.112
EOF2,17.0,6.0,0.012493115849792957,0.112
EOF2,17.0,6.5,0.011191376484930515,0.112
EOF2,17.0,7.0,0.006434435490518808,0.112
EOF2,17.0,7.5,0.001517468597739935,0.112
EOF2,17.0,8.0,0.0006809720653109252,0.112
EOF2,17.0,8.5,-0.0038521508686244488,0.112
EOF2,17.0,9.0,-0.011672676540911198,0.112
EOF2,17.0,9.5,-0.017534812912344933,0.112
EOF2,17.0,10.0,-0.018916882574558258,0.112
EOF2,17.0,10.5,-0.02026744745671749,0.112
EOF2,17.0,11.0,-0.01853548176586628,0.112
EOF2,17.0,11.5,-0.01631397195160389,0.112
EOF2,17.0,12.0,-0.013565060682594776,0.112
EOF2,17.0,12.5,-0.00499059958383441,0.112
EOF2,17.0,13.0,0.0038515496999025345,0.112
EOF2,17.0,13.5,0.007711558137089014,0.112
EOF2,17.0,14.0,0.009809635579586029,0.112
EOF2,17.0,14.5,0.008854448795318604,0.112
EOF2,17.0,15.0,0.004936793819069862,0.112
EOF2,17.0,15.5,0.005621678661555052,0.112
EOF2,17.0,16.0,0.005552996881306171,0.112
EOF2,17.0,16.5,0.004698147997260094,0.112
EOF2,17.0,17.0,0.0042474339716136456,0.112
EOF2,17.0,17.5,0.005149016622453928,0.112
EOF2,17.0,18.0,0.00314596900716424,0.112
EOF2,17.0,18.5,0.00014585551980417222,0.112
EOF2,17.0,19.0,-0.002350057940930128,0.112
EOF2,17.0,19.5,-0.0043987007811665535,0.112
EOF2,17.0,20.0,-0.006221070885658264,0.112
EOF2,17.0,20.5,-0.00710930023342371,0.112
EOF2,17.0,21.0,-0.00886460766196251,0.112
EOF2,17.0,21.5,-0.010865114629268646,0.112
EOF2,17.0,22.0,-0.010604732669889927,0.112
EOF2,17.0,22.5,-0.008095093071460724,0.112
EOF2,17.0,23.0,-0.007963377051055431,0.112
EOF2,17.0,23.5,-0.00784260407090187,0.112
EOF2,17.0,24.0,-0.010349157266318798,0.112
EOF2,17.0,24.5,-0.014326089061796665,0.112
EOF2,17.0,25.0,-0.020056236535310745,0.112
EOF2,17.0,25.5,-0.025011887773871422,0.112
EOF2,17.0,26.0,-0.029722677543759346,0.112
EOF2,17.0,26.5,-0.029468871653079987,0.112
EOF2,17.0,27.0,-0.024159180000424385,0.112
EOF2,17.0,27.5,-0.02017177641391754,0.112
EOF2,17.0,28.0,-0.016163872554898262,0.112
EOF2,17.0,28.5,-0.01509819645434618,0.112
EOF2,17.0,29.0,-0.013828981667757034,0.112
EOF2,17.0,29.5,-0.008975615724921227,0.112
EOF2,17.0,30.0,-0.004101664759218693,0.112
EOF2,17.0,30.5,-0.0009924640180543065,0.112
EOF2,17.0,31.0,-0.0001448271214030683,0.112
EOF2,17.0,31.5,-0.0015758397057652473,0.112
EOF2,17.0,32.0,-0.0018797225784510374,0.112
EOF2,17.0,32.5,0.0011836870107799768,0.112
EOF2,17.0,33.0,0.0037202900275588036,0.112
EOF2,17.0,33.5,0.006076707970350981,0.112
EOF2,17.0,34.0,0.0063489763997495174,0.112
EOF2,17.0,34.5,0.004524018615484238,0.112
EOF2,17.5,0.5,-0.006394228432327509,0.112
EOF2,17.5,1.0,-0.0041288393549621105,0.112
EOF2,17.5,1.5,-0.0018582976190373302,0.112
EOF2,17.5,2.0,-0.000818986794911325,0.112
EOF2,17.5,2.5,-0.003703572554513812,0.112
EOF2,17.5,3.0,-0.0065787979401648045,0.112
EOF2,17.5,3.5,-0.009435617364943027,0.112
EOF2,17.5,4.0,-0.0056693158112466335,0.112
EOF2,17.5,4.5,0.00497536500915885,0.112
EOF2,17.5,5.0,0.01599089801311493,0.112
EOF2,17.5,5.5,0.027364185079932213,0.112
EOF2,17.5,6.0,0.02686687372624874,0.112
EOF2,17.5,6.5,0.022294064983725548,0.112
EOF2,17.5,7.0,0.017531950026750565,0.112
EOF2,17.5,7.5,0.01258045807480812,0.112
EOF2,17.5,8.0,0.0037232404574751854,0.112
EOF2,17.5,8.5,-0.0045766974799335,0.112
EOF2,17.5,9.0,-0.012311984784901142,0.112
EOF2,17.5,9.5,-0.018109003081917763,0.112
EOF2,17.5,10.0,-0.01947997324168682,0.112
EOF2,17.5,10.5,-0.020836666226387024,0.112
EOF2,17.5,11.0,-0.022180350497364998,0.112
EOF2,17.5,11.5,-0.018857961520552635,0.112
EOF2,17.5,12.0,-0.01051535177975893,0.112
EOF2,17.5,12.5,-0.0019507075194269419,0.112
EOF2,17.5,13.0,0.006821249146014452,0.112
EOF2,17.5,13.5,0.010619929060339928,0.112
EOF2,17.5,14.0,0.01266696397215128,0.112
EOF2,17.5,14.5,0.014651973731815815,0.112
EOF2,17.5,15.0,0.016606640070676804,0.112
EOF2,17.5,15.5,0.01604757085442543,0.112
EOF2,17.5,16.0,0.015426460653543472,0.112
EOF2,17.5,16.5,0.014770732261240482,0.112
EOF2,17.5,17.0,0.013560662977397442,0.112
EOF2,17.5,17.5,0.010675216093659401,0.112
EOF2,17.5,18.0,0.0077604809775948524,0.112
EOF2,17.5,18.5,0.004822600167244673,0.112
EOF2,17.5,19.0,0.002395161660388112,0.112
EOF2,17.5,19.5,0.0004871294950135052,0.112
EOF2,17.5,20.0,-0.0015069539658725262,0.112
EOF2,17.5,20.5,-0.0035938771907240152,0.112
EOF2,17.5,21.0,-0.0057388292625546455,0.112
EOF2,17.5,21.5,-0.007834245450794697,0.112
EOF2,17.5,22.0,-0.009876860305666924,0.112
EOF2,17.5,22.5,-0.01183263212442398,0.112
EOF2,17.5,23.0,-0.011644583195447922,0.112
EOF2,17.5,23.5,-0.011463697999715805,0.112
EOF2,17.5,24.0,-0.011281497776508331,0.112
EOF2,17.5,24.5,-0.012387702241539955,0.112
EOF2,17.5,25.0,-0.017300434410572052,0.112
EOF2,17.5,25.5,-0.022152675315737724,0.112
EOF2,17.5,26.0,-0.026937751099467278,0.112
EOF2,17.5,26.5,-0.02736370824277401,0.112
EOF2,17.5,27.0,-0.023449597880244255,0.112
EOF2,17.5,27.5,-0.01950189657509327,0.112
EOF2,17.5,28.0,-0.015522059053182602,0.112
EOF2,17.5,28.5,-0.01095282007008791,0.112
EOF2,17.5,29.0,-0.006108575500547886,0.112
EOF2,17.5,29.5,-0.001233594841323793,0.112
EOF2,17.5,30.0,0.0036499102134257555,0.112
EOF2,17.5,30.5,0.002281676512211561,0.112
EOF2,17.5,31.0,0.0008684424101375043,0.112
EOF2,17.5,31.5,-0.0005511021590791643,0.112
EOF2,17.5,32.0,-0.00101775664370507,0.112
EOF2,17.5,32.5,0.001342855510301888,0.112
EOF2,17.5,33.0,0.0036937890108674765,0.112
EOF2,17.5,33.5,0.0060376571491360664,0.112
EOF2,17.5,34.0,0.006307962816208601,0.112
EOF2,17.5,34.5,0.004492328502237797,0.112
EOF2,18.0,0.5,-0.008614746853709221,0.112
EOF2,18.0,1.0,-0.008833901025354862,0.112
EOF2,18.0,1.5,-0.006520634517073631,0.112
EOF2,18.0,2.0,-0.0030777372885495424,0.112
EOF2,18.0,2.5,0.0036231859121471643,0.112
EOF2,18.0,3.0,0.003090105950832367,0.112
EOF2,18.0,3.5,0.00019081210484728217,0.112
EOF2,18.0,4.0,0.004043910186737776,0.112
EOF2,18.0,4.5,0.014918469823896885,0.112
EOF2,18.0,5.0,0.022911185398697853,0.112
EOF2,18.0,5.5,0.021298663690686226,0.112
EOF2,18.0,6.0,0.024144209921360016,0.112
EOF2,18.0,6.5,0.026369186118245125,0.112
EOF2,18.0,7.0,0.02172734960913658,0.112
EOF2,18.0,7.5,0.016879644244909286,0.112
EOF2,18.0,8.0,0.007576110772788525,0.112
EOF2,18.0,8.5,-0.0013046861859038472,0.112
EOF2,18.0,9.0,-0.00942014530301094,0.112
EOF2,18.0,9.5,-0.015495043247938156,0.112
EOF2,18.0,10.0,-0.0169245395809412,0.112
EOF2,18.0,10.5,-0.01838393695652485,0.112
EOF2,18.0,11.0,-0.026887360960245132,0.112
EOF2,18.0,11.5,-0.02969532646238804,0.112
EOF2,18.0,12.0,-0.02704380452632904,0.112
EOF2,18.0,12.5,-0.018810506910085678,0.112
EOF2,18.0,13.0,-0.010308708064258099,0.112
EOF2,18.0,13.5,-0.006434064824134111,0.112
EOF2,18.0,14.0,-0.0041923788376152515,0.112
EOF2,18.0,14.5,0.006509421393275261,0.112
EOF2,18.0,15.0,0.02537781558930874,0.112
EOF2,18.0,15.5,0.022903678938746452,0.112
EOF2,18.0,16.0,0.021352870389819145,0.112
EOF2,18.0,16.5,0.020835138857364655,0.112
EOF2,18.0,17.0,0.019728388637304306,0.112
EOF2,18.0,17.5,0.016919519752264023,0.112
EOF2,18.0,18.0,0.0140507398173213,0.112
EOF2,18.0,18.5,0.006675225682556629,0.112
EOF2,18.0,19.0,0.0018855412490665913,0.112
EOF2,18.0,19.5,-6.318172381725162e-05,0.112
EOF2,18.0,20.0,-0.002415558323264122,0.112
EOF2,18.0,20.5,-0.005818674340844154,0.112
EOF2,18.0,21.0,-0.008293086662888527,0.112
EOF2,18.0,21.5,-0.010376706719398499,0.112
EOF2,18.0,22.0,-0.012441623955965042,0.112
EOF2,18.0,22.5,-0.014423336833715439,0.112
EOF2,18.0,23.0,-0.014198415912687778,0.112
EOF2,18.0,23.5,-0.013967342674732208,0.112
EOF2,18.0,24.0,-0.01301837619394064,0.112
EOF2,18.0,24.5,-0.012816053815186024,0.112
EOF2,18.0,25.0,-0.015525826252996922,0.112
EOF2,18.0,25.5,-0.019906487315893173,0.112
EOF2,18.0,26.0,-0.024783601984381676,0.112
EOF2,18.0,26.5,-0.0261862650513649,0.112
EOF2,18.0,27.0,-0.024158304557204247,0.112
EOF2,18.0,27.5,-0.020205792039632797,0.112
EOF2,18.0,28.0,-0.016210239380598068,0.112
EOF2,18.0,28.5,-0.01275321003049612,0.112
EOF2,18.0,29.0,-0.009071416221559048,0.112
EOF2,18.0,29.5,-0.004192333202809095,0.112
EOF2,18.0,30.0,0.0006887961062602699,0.112
EOF2,18.0,30.5,-0.0007039920310489833,0.112
EOF2,18.0,31.0,-0.0021256061736494303,0.112
EOF2,18.0,31.5,-0.003883288474753499,0.112
EOF2,18.0,32.0,-0.004433672409504652,0.112
EOF2,18.0,32.5,-0.0010976367630064487,0.112
EOF2,18.0,33.0,0.0015141165349632502,0.112
EOF2,18.0,33.5,0.0038624461740255356,0.112
EOF2,18.0,34.0,0.004128056112676859,0.112
EOF2,18.0,34.5,0.0022930034901946783,0.112
EOF2,18.5,0.5,-0.005867697764188051,0.112
EOF2,18.5,1.0,-0.00860896147787571,0.112
EOF2,18.5,1.5,-0.011392318643629551,0.112
EOF2,18.5,2.0,-0.007897394709289074,0.112
EOF2,18.5,2.5,-0.0009858541889116168,0.112
EOF2,18.5,3.0,0.005754861980676651,0.112
EOF2,18.5,3.5,0.00996322836726904,0.112
EOF2,18.5,4.0,0.01391199417412281,0.112
EOF2,18.5,4.5,0.01544992160052061,0.112
EOF2,18.5,5.0,0.013835345394909382,0.112
EOF2,18.5,5.5,0.012205423787236214,0.112
EOF2,18.5,6.0,0.014851406216621399,0.112
EOF2,18.5,6.5,0.019085301086306572,0.112
EOF2,18.5,7.0,0.02351543866097927,0.112
EOF2,18.5,7.5,0.02108917571604252,0.112
EOF2,18.5,8.0,0.011829791590571404,0.112
EOF2,18.5,8.5,0.00268664862960577,0.112
EOF2,18.5,9.0,-0.0062942239455878735,0.112
EOF2,18.5,9.5,-0.012669435702264309,0.112
EOF2,18.5,10.0,-0.018007982522249222,0.112
EOF2,18.5,10.5,-0.02679596096277237,0.112
EOF2,18.5,11.0,-0.035075411200523376,0.112
EOF2,18.5,11.5,-0.03778734803199768,0.112
EOF2,18.5,12.0,-0.03525149077177048,0.112
EOF2,18.5,12.5,-0.0326627716422081,0.112
EOF2,18.5,13.0,-0.027229025959968567,0.112
EOF2,18.5,13.5,-0.023191282525658607,0.112
EOF2,18.5,14.0,-0.0038489890284836292,0.112
EOF2,18.5,14.5,0.015405677258968353,0.112
EOF2,18.5,15.0,0.034194137901067734,0.112
EOF2,18.5,15.5,0.031794819980859756,0.112
EOF2,18.5,16.0,0.02925111912190914,0.112
EOF2,18.5,16.5,0.026663044467568398,0.112
EOF2,18.5,17.0,0.0256589874625206,0.112
EOF2,18.5,17.5,0.02087405137717724,0.112
EOF2,18.5,18.0,0.013739027082920074,0.112
EOF2,18.5,18.5,0.006211997475475073,0.112
EOF2,18.5,19.0,0.0013362953905016184,0.112
EOF2,18.5,19.5,-0.0015906438929960132,0.112
EOF2,18.5,20.0,-0.004947718698531389,0.112
EOF2,18.5,20.5,-0.008429580368101597,0.112
EOF2,18.5,21.0,-0.010910511948168278,0.112
EOF2,18.5,21.5,-0.013048908673226833,0.112
EOF2,18.5,22.0,-0.015059069730341434,0.112
EOF2,18.5,22.5,-0.01693648472428322,0.112
EOF2,18.5,23.0,-0.01642921008169651,0.112
EOF2,18.5,23.5,-0.015212958678603172,0.112
EOF2,18.5,24.0,-0.014015443623065948,0.112
EOF2,18.5,24.5,-0.013805572874844074,0.112
EOF2,18.5,25.0,-0.016525443643331528,0.112
EOF2,18.5,25.5,-0.019263286143541336,0.112
EOF2,18.5,26.0,-0.02256353199481964,0.112
EOF2,18.5,26.5,-0.023996178060770035,0.112
EOF2,18.5,27.0,-0.021957529708743095,0.112
EOF2,18.5,27.5,-0.01992778107523918,0.112
EOF2,18.5,28.0,-0.016906285658478737,0.112
EOF2,18.5,28.5,-0.013433508574962616,0.112
EOF2,18.5,29.0,-0.010133189149200916,0.112
EOF2,18.5,29.5,-0.006819585803896189,0.112
EOF2,18.5,30.0,-0.0023291041143238544,0.112
EOF2,18.5,30.5,-0.003838449949398637,0.112
EOF2,18.5,31.0,-0.00568216061219573,0.112
EOF2,18.5,31.5,-0.00748535105958581,0.112
EOF2,18.5,32.0,-0.008003774099051952,0.112
EOF2,18.5,32.5,-0.004749650601297617,0.112
EOF2,18.5,33.0,-0.0014352661091834307,0.112
EOF2,18.5,33.5,0.0016754778334870934,0.112
EOF2,18.5,34.0,0.0019354622345417738,0.112
EOF2,18.5,34.5,-0.0016529588028788567,0.112
EOF2,19.0,0.5,-0.0008594798273406923,0.112
EOF2,19.0,1.0,-0.003551116678863764,0.112
EOF2,19.0,1.5,-0.006278619170188904,0.112
EOF2,19.0,2.0,-0.0037386987823992968,0.112
EOF2,19.0,2.5,-0.00040018450818024576,0.112
EOF2,19.0,3.0,0.00636557349935174,0.112
EOF2,19.0,3.5,0.012958263047039509,0.112
EOF2,19.0,4.0,0.015400975942611694,0.112
EOF2,19.0,4.5,0.013810875825583935,0.112
EOF2,19.0,5.0,0.012209076434373856,0.112
EOF2,19.0,5.5,0.011260497383773327,0.112
EOF2,19.0,6.0,0.009432888589799404,0.112
EOF2,19.0,6.5,0.013423683121800423,0.112
EOF2,19.0,7.0,0.017633486539125443,0.112
EOF2,19.0,7.5,0.021989302709698677,0.112
EOF2,19.0,8.0,0.012923789210617542,0.112
EOF2,19.0,8.5,0.003932209685444832,0.112
EOF2,19.0,9.0,-0.004844189155846834,0.112
EOF2,19.0,9.5,-0.0067658619955182076,0.112
EOF2,19.0,10.0,-0.017300447449088097,0.112
EOF2,19.0,10.5,-0.026180105283856392,0.112
EOF2,19.0,11.0,-0.034544721245765686,0.112
EOF2,19.0,11.5,-0.03728252649307251,0.112
EOF2,19.0,12.0,-0.03472360596060753,0.112
EOF2,19.0,12.5,-0.03211014345288277,0.112
EOF2,19.0,13.0,-0.029584964737296104,0.112
EOF2,19.0,13.5,-0.0336972177028656,0.112
EOF2,19.0,14.0,-0.01384805329144001,0.112
EOF2,19.0,14.5,0.006042813882231712,0.112
EOF2,19.0,15.0,0.025517843663692474,0.112
EOF2,19.0,15.5,0.022962255403399467,0.112
EOF2,19.0,16.0,0.020256660878658295,0.112
EOF2,19.0,16.5,0.01755569316446781,0.112
EOF2,19.0,17.0,0.02178611047565937,0.112
EOF2,19.0,17.5,0.0166902095079422,0.112
EOF2,19.0,18.0,0.0093748290091753,0.112
EOF2,19.0,18.5,0.0016586824785917997,0.112
EOF2,19.0,19.0,-0.0039870236068964005,0.112
EOF2,19.0,19.5,-0.0073477281257510185,0.112
EOF2,19.0,20.0,-0.010833208449184895,0.112
EOF2,19.0,20.5,-0.01134724821895361,0.112
EOF2,19.0,21.0,-0.011455051600933075,0.112
EOF2,19.0,21.5,-0.013560907915234566,0.112
EOF2,19.0,22.0,-0.015546386130154133,0.112
EOF2,19.0,22.5,-0.01740366779267788,0.112
EOF2,19.0,23.0,-0.01759774424135685,0.112
EOF2,19.0,23.5,-0.016363641247153282,0.112
EOF2,19.0,24.0,-0.015148933045566082,0.112
EOF2,19.0,24.5,-0.013729318045079708,0.112
EOF2,19.0,25.0,-0.014046644791960716,0.112
EOF2,19.0,25.5,-0.016792623326182365,0.112
EOF2,19.0,26.0,-0.019555263221263885,0.112
EOF2,19.0,26.5,-0.019910622388124466,0.112
EOF2,19.0,27.0,-0.017856432124972343,0.112
EOF2,19.0,27.5,-0.01581268012523651,0.112
EOF2,19.0,28.0,-0.013889351859688759,0.112
EOF2,19.0,28.5,-0.010949017480015755,0.112
EOF2,19.0,29.0,-0.007623316254466772,0.112
EOF2,19.0,29.5,-0.004285819828510284,0.112
EOF2,19.0,30.0,-0.007116211112588644,0.112
EOF2,19.0,30.5,-0.0048692915588617325,0.112
EOF2,19.0,31.0,-0.006695903372019529,0.112
EOF2,19.0,31.5,-0.008486072532832623,0.112
EOF2,19.0,32.0,-0.00899494532495737,0.112
EOF2,19.0,32.5,-0.005761176813393831,0.112
EOF2,19.0,33.0,-0.002463916316628456,0.112
EOF2,19.0,33.5,-0.0005993304075673223,0.112
EOF2,19.0,34.0,0.0005394929903559387,0.112
EOF2,19.0,34.5,-0.001352130901068449,0.112
EOF2,19.5,0.5,0.006515495013445616,0.112
EOF2,19.5,1.0,0.0069005368277430534,0.112
EOF2,19.5,1.5,0.010223057121038437,0.112
EOF2,19.5,2.0,0.01260256115347147,0.112
EOF2,19.5,2.5,0.012325305491685867,0.112
EOF2,19.5,3.0,0.012084444984793663,0.112
EOF2,19.5,3.5,0.018480557948350906,0.112
EOF2,19.5,4.0,0.0208689346909523,0.112
EOF2,19.5,4.5,0.019330160692334175,0.112
EOF2,19.5,5.0,0.0191291905939579,0.112
EOF2,19.5,5.5,0.018933130428195,0.112
EOF2,19.5,6.0,0.017113376408815384,0.112
EOF2,19.5,6.5,0.01473664678633213,0.112
EOF2,19.5,7.0,0.015587941743433475,0.112
EOF2,19.5,7.5,0.019777517765760422,0.112
EOF2,19.5,8.0,0.010977337136864662,0.112
EOF2,19.5,8.5,0.007286123465746641,0.112
EOF2,19.5,9.0,0.008643963374197483,0.112
EOF2,19.5,9.5,0.006773807108402252,0.112
EOF2,19.5,10.0,-0.004743164870887995,0.112
EOF2,19.5,10.5,-0.016230814158916473,0.112
EOF2,19.5,11.0,-0.025064554065465927,0.112
EOF2,19.5,11.5,-0.027957161888480186,0.112
EOF2,19.5,12.0,-0.025263920426368713,0.112
EOF2,19.5,12.5,-0.02287653088569641,0.112
EOF2,19.5,13.0,-0.020500728860497475,0.112
EOF2,19.5,13.5,-0.024582622572779655,0.112
EOF2,19.5,14.0,-0.031161092221736908,0.112
EOF2,19.5,14.5,-0.024081140756607056,0.112
EOF2,19.5,15.0,-0.0032123751007020473,0.112
EOF2,19.5,15.5,-0.006179531570523977,0.112
EOF2,19.5,16.0,-0.003929882775992155,0.112
EOF2,19.5,16.5,0.0034673884510993958,0.112
EOF2,19.5,17.0,0.007987478747963905,0.112
EOF2,19.5,17.5,0.004517972934991121,0.112
EOF2,19.5,18.0,0.0009177944157272577,0.112
EOF2,19.5,18.5,-0.007030164822936058,0.112
EOF2,19.5,19.0,-0.01288706436753273,0.112
EOF2,19.5,19.5,-0.016383998095989227,0.112
EOF2,19.5,20.0,-0.013969553634524345,0.112
EOF2,19.5,20.5,-0.011442516930401325,0.112
EOF2,19.5,21.0,-0.011546103283762932,0.112
EOF2,19.5,21.5,-0.012489610351622105,0.112
EOF2,19.5,22.0,-0.013946542516350746,0.112
EOF2,19.5,22.5,-0.015859270468354225,0.112
EOF2,19.5,23.0,-0.016537824645638466,0.112
EOF2,19.5,23.5,-0.017207589000463486,0.112
EOF2,19.5,24.0,-0.016445761546492577,0.112
EOF2,19.5,24.5,-0.015003135427832603,0.112
EOF2,19.5,25.0,-0.012888387776911259,0.112
EOF2,19.5,25.5,-0.010787386447191238,0.112
EOF2,19.5,26.0,-0.01353084109723568,0.112
EOF2,19.5,26.5,-0.013889019377529621,0.112
EOF2,19.5,27.0,-0.011829467490315437,0.112
EOF2,19.5,27.5,-0.010004261508584023,0.112
EOF2,19.5,28.0,-0.008191720582544804,0.112
EOF2,19.5,28.5,-0.005233453121036291,0.112
EOF2,19.5,29.0,-0.0039574215188622475,0.112
EOF2,19.5,29.5,-0.008907618932425976,0.112
EOF2,19.5,30.0,-0.013782362453639507,0.112
EOF2,19.5,30.5,-0.010139700956642628,0.112
EOF2,19.5,31.0,-0.0064874389208853245,0.112
EOF2,19.5,31.5,-0.006941298954188824,0.112
EOF2,19.5,32.0,-0.0074685742147266865,0.112
EOF2,19.5,32.5,-0.004182299133390188,0.112
EOF2,19.5,33.0,-0.00529128685593605,0.112
EOF2,19.5,33.5,-0.007874135859310627,0.112
EOF2,19.5,34.0,-0.006762263365089893,0.112
EOF2,19.5,34.5,-0.0019087860127910972,0.112
EOF2,20.0,0.5,0.019591432064771652,0.112
EOF2,20.0,1.0,0.022722715511918068,0.112
EOF2,20.0,1.5,0.025784211233258247,0.112
EOF2,20.0,2.0,0.02794000320136547,0.112
EOF2,20.0,2.5,0.027652541175484657,0.112
EOF2,20.0,3.0,0.027343327179551125,0.112
EOF2,20.0,3.5,0.027007119730114937,0.112
EOF2,20.0,4.0,0.026873242110013962,0.112
EOF2,20.0,4.5,0.026771361008286476,0.112
EOF2,20.0,5.0,0.026661014184355736,0.112
EOF2,20.0,5.5,0.026547817513346672,0.112
EOF2,20.0,6.0,0.024775438010692596,0.112
EOF2,20.0,6.5,0.022433364763855934,0.112
EOF2,20.0,7.0,0.02006716839969158,0.112
EOF2,20.0,7.5,0.01769067347049713,0.112
EOF2,20.0,8.0,0.01892668753862381,0.112
EOF2,20.0,8.5,0.02019578032195568,0.112
EOF2,20.0,9.0,0.021448956802487373,0.112
EOF2,20.0,9.5,0.019573766738176346,0.112
EOF2,20.0,10.0,0.008357517421245575,0.112
EOF2,20.0,10.5,-0.0028869842644780874,0.112
EOF2,20.0,11.0,-0.014122704975306988,0.112
EOF2,20.0,11.5,-0.01847865805029869,0.112
EOF2,20.0,12.0,-0.016109999269247055,0.112
EOF2,20.0,12.5,-0.013752135448157787,0.112
EOF2,20.0,13.0,-0.011411010287702084,0.112
EOF2,20.0,13.5,-0.015246354043483734,0.112
EOF2,20.0,14.0,-0.021527409553527832,0.112
EOF2,20.0,14.5,-0.028213493525981903,0.112
EOF2,20.0,15.0,-0.03517568111419678,0.112
EOF2,20.0,15.5,-0.02688283659517765,0.112
EOF2,20.0,16.0,-0.018805647268891335,0.112
EOF2,20.0,16.5,-0.011005252599716187,0.112
EOF2,20.0,17.0,-0.006298926658928394,0.112
EOF2,20.0,17.5,-0.010055522434413433,0.112
EOF2,20.0,18.0,-0.013925369828939438,0.112
EOF2,20.0,18.5,-0.01791289821267128,0.112
EOF2,20.0,19.0,-0.018863707780838013,0.112
EOF2,20.0,19.5,-0.01647942140698433,0.112
EOF2,20.0,20.0,-0.014030436053872108,0.112
EOF2,20.0,20.5,-0.011516217142343521,0.112
EOF2,20.0,21.0,-0.011639862321317196,0.112
EOF2,20.0,21.5,-0.012583506293594837,0.112
EOF2,20.0,22.0,-0.013477387838065624,0.112
EOF2,20.0,22.5,-0.014324775896966457,0.112
EOF2,20.0,23.0,-0.015010747127234936,0.112
EOF2,20.0,23.5,-0.015688283368945122,0.112
EOF2,20.0,24.0,-0.016358420252799988,0.112
EOF2,20.0,24.5,-0.016283640637993813,0.112
EOF2,20.0,25.0,-0.014151008799672127,0.112
EOF2,20.0,25.5,-0.012005382217466831,0.112
EOF2,20.0,26.0,-0.009838617406785488,0.112
EOF2,20.0,26.5,-0.007890867069363594,0.112
EOF2,20.0,27.0,-0.00606260122731328,0.112
EOF2,20.0,27.5,-0.004247291013598442,0.112
EOF2,20.0,28.0,-0.0024574361741542816,0.112
EOF2,20.0,28.5,-0.0056989556178450584,0.112
EOF2,20.0,29.0,-0.010657377541065216,0.112
EOF2,20.0,29.5,-0.015575163997709751,0.112
EOF2,20.0,30.0,-0.020400460809469223,0.112
EOF2,20.0,30.5,-0.016730543226003647,0.112
EOF2,20.0,31.0,-0.013057393953204155,0.112
EOF2,20.0,31.5,-0.009413626044988632,0.112
EOF2,20.0,32.0,-0.007347215432673693,0.112
EOF2,20.0,32.5,-0.009922783821821213,0.112
EOF2,20.0,33.0,-0.012491184286773205,0.112
EOF2,20.0,33.5,-0.015047759748995304,0.112
EOF2,20.0,34.0,-0.013965604826807976,0.112
EOF2,20.0,34.5,-0.009192824363708496,0.112
EOF2,20.5,0.5,0.01262928918004036,0.112
EOF2,20.5,1.0,0.015769533812999725,0.112
EOF2,20.5,1.5,0.015338943339884281,0.112
EOF2,20.5,2.0,0.014068461954593658,0.112
EOF2,20.5,2.5,0.013792986050248146,0.112
EOF2,20.5,3.0,0.01354969758540392,0.112
EOF2,20.5,3.5,0.019633864983916283,0.112
EOF2,20.5,4.0,0.024021392688155174,0.112
EOF2,20.5,4.5,0.026624832302331924,0.112
EOF2,20.5,5.0,0.026540396735072136,0.112
EOF2,20.5,5.5,0.026436898857355118,0.112
EOF2,20.5,6.0,0.024672789499163628,0.112
EOF2,20.5,6.5,0.022336814552545547,0.112
EOF2,20.5,7.0,0.019257763400673866,0.112
EOF2,20.5,7.5,0.015401605516672134,0.112
EOF2,20.5,8.0,0.014051689766347408,0.112
EOF2,20.5,8.5,0.014034236781299114,0.112
EOF2,20.5,9.0,0.01532609574496746,0.112
EOF2,20.5,9.5,0.013475657440721989,0.112
EOF2,20.5,10.0,0.0022308025509119034,0.112
EOF2,20.5,10.5,-0.008956151083111763,0.112
EOF2,20.5,11.0,-0.009831149131059647,0.112
EOF2,20.5,11.5,-0.01090165413916111,0.112
EOF2,20.5,12.0,-0.012207458727061749,0.112
EOF2,20.5,12.5,-0.009860866703093052,0.112
EOF2,20.5,13.0,-0.007507015485316515,0.112
EOF2,20.5,13.5,-0.007319033611565828,0.112
EOF2,20.5,14.0,-0.009184974245727062,0.112
EOF2,20.5,14.5,-0.01530146412551403,0.112
EOF2,20.5,15.0,-0.021762000396847725,0.112
EOF2,20.5,15.5,-0.013904055580496788,0.112
EOF2,20.5,16.0,-0.006263239309191704,0.112
EOF2,20.5,16.5,-0.0037584155797958374,0.112
EOF2,20.5,17.0,-0.004042069427669048,0.112
EOF2,20.5,17.5,-0.007851533591747284,0.112
EOF2,20.5,18.0,-0.011785736307501793,0.112
EOF2,20.5,18.5,-0.016063300892710686,0.112
EOF2,20.5,19.0,-0.017965685576200485,0.112
EOF2,20.5,19.5,-0.017445357516407967,0.112
EOF2,20.5,20.0,-0.015094471164047718,0.112
EOF2,20.5,20.5,-0.01267002709209919,0.112
EOF2,20.5,21.0,-0.014375955797731876,0.112
EOF2,20.5,21.5,-0.01689266413450241,0.112
EOF2,20.5,22.0,-0.017699062824249268,0.112
EOF2,20.5,22.5,-0.01845095306634903,0.112
EOF2,20.5,23.0,-0.01912185736000538,0.112
EOF2,20.5,23.5,-0.019789626821875572,0.112
EOF2,20.5,24.0,-0.01689259335398674,0.112
EOF2,20.5,24.5,-0.013270292431116104,0.112
EOF2,20.5,25.0,-0.011099426075816154,0.112
EOF2,20.5,25.5,-0.008956884033977985,0.112
EOF2,20.5,26.0,-0.012933114543557167,0.112
EOF2,20.5,26.5,-0.013252452947199345,0.112
EOF2,20.5,27.0,-0.009963528253138065,0.112
EOF2,20.5,27.5,-0.008128064684569836,0.112
EOF2,20.5,28.0,-0.006318971514701843,0.112
EOF2,20.5,28.5,-0.009593643248081207,0.112
EOF2,20.5,29.0,-0.014523261226713657,0.112
EOF2,20.5,29.5,-0.017331603914499283,0.112
EOF2,20.5,30.0,-0.01804223656654358,0.112
EOF2,20.5,30.5,-0.014323112554848194,0.112
EOF2,20.5,31.0,-0.010617232881486416,0.112
EOF2,20.5,31.5,-0.010201089084148407,0.112
EOF2,20.5,32.0,-0.010711079463362694,0.112
EOF2,20.5,32.5,-0.010757784359157085,0.112
EOF2,20.5,33.0,-0.012695815414190292,0.112
EOF2,20.5,33.5,-0.015258468687534332,0.112
EOF2,20.5,34.0,-0.01417330838739872,0.112
EOF2,20.5,34.5,-0.009393226355314255,0.112
EOF2,21.0,0.5,0.004667441360652447,0.112
EOF2,21.0,1.0,0.003106488147750497,0.112
EOF2,21.0,1.5,0.0015578933525830507,0.112
EOF2,21.0,2.0,0.0003472637617960572,0.112
EOF2,21.0,2.5,0.0032164326403290033,0.112
EOF2,21.0,3.0,0.009239903651177883,0.112
EOF2,21.0,3.5,0.015340435318648815,0.112
EOF2,21.0,4.0,0.019702136516571045,0.112
EOF2,21.0,4.5,0.02230343222618103,0.112
EOF2,21.0,5.0,0.024931231513619423,0.112
EOF2,21.0,5.5,0.0262069683521986,0.112
EOF2,21.0,6.0,0.024446282535791397,0.112
EOF2,21.0,6.5,0.02075069211423397,0.112
EOF2,21.0,7.0,0.016946695744991302,0.112
EOF2,21.0,7.5,0.013082428835332394,0.112
EOF2,21.0,8.0,0.01174416858702898,0.112
EOF2,21.0,8.5,0.010419180616736412,0.112
EOF2,21.0,9.0,0.009114651009440422,0.112
EOF2,21.0,9.5,0.007269776426255703,0.112
EOF2,21.0,10.0,0.0012576279696077108,0.112
EOF2,21.0,10.5,0.00048576953122392297,0.112
EOF2,21.0,11.0,-0.00029479514341801405,0.112
EOF2,21.0,11.5,-0.00135536037851125,0.112
EOF2,21.0,12.0,-0.0026919895317405462,0.112
EOF2,21.0,12.5,-0.004030102398246527,0.112
EOF2,21.0,13.0,-0.003516049822792411,0.112
EOF2,21.0,13.5,-0.003314585890620947,0.112
EOF2,21.0,14.0,-0.0038312298711389303,0.112
EOF2,21.0,14.5,-0.0043533737771213055,0.112
EOF2,21.0,15.0,-0.008918263018131256,0.112
EOF2,21.0,15.5,-0.0031297472305595875,0.112
EOF2,21.0,16.0,-0.0022531896829605103,0.112
EOF2,21.0,16.5,-0.0013482022332027555,0.112
EOF2,21.0,17.0,-0.0015961062163114548,0.112
EOF2,21.0,17.5,-0.005619053728878498,0.112
EOF2,21.0,18.0,-0.009876875206828117,0.112
EOF2,21.0,18.5,-0.014190055429935455,0.112
EOF2,21.0,19.0,-0.01612154021859169,0.112
EOF2,21.0,19.5,-0.015632973983883858,0.112
EOF2,21.0,20.0,-0.015155361033976078,0.112
EOF2,21.0,20.5,-0.013743727467954159,0.112
EOF2,21.0,21.0,-0.015407792292535305,0.112
EOF2,21.0,21.5,-0.0184018537402153,0.112
EOF2,21.0,22.0,-0.021364346146583557,0.112
EOF2,21.0,22.5,-0.022598525509238243,0.112
EOF2,21.0,23.0,-0.022076403722167015,0.112
EOF2,21.0,23.5,-0.017978403717279434,0.112
EOF2,21.0,24.0,-0.013841881416738033,0.112
EOF2,21.0,24.5,-0.010162699036300182,0.112
EOF2,21.0,25.0,-0.011112561449408531,0.112
EOF2,21.0,25.5,-0.015049712732434273,0.112
EOF2,21.0,26.0,-0.01877766288816929,0.112
EOF2,21.0,26.5,-0.019052764400839806,0.112
EOF2,21.0,27.0,-0.015954885631799698,0.112
EOF2,21.0,27.5,-0.012752790004014969,0.112
EOF2,21.0,28.0,-0.010204746387898922,0.112
EOF2,21.0,28.5,-0.01342782098799944,0.112
EOF2,21.0,29.0,-0.014160539954900742,0.112
EOF2,21.0,29.5,-0.014871351420879364,0.112
EOF2,21.0,30.0,-0.015570258721709251,0.112
EOF2,21.0,30.5,-0.012919493950903416,0.112
EOF2,21.0,31.0,-0.013567335903644562,0.112
EOF2,21.0,31.5,-0.014196500182151794,0.112
EOF2,21.0,32.0,-0.014670182019472122,0.112
EOF2,21.0,32.5,-0.014721710234880447,0.112
EOF2,21.0,33.0,-0.014763749204576015,0.112
EOF2,21.0,33.5,-0.015430952422320843,0.112
EOF2,21.0,34.0,-0.01434457115828991,0.112
EOF2,21.0,34.5,-0.01167344395071268,0.112
EOF2,21.5,0.5,-0.0009803713764995337,0.112
EOF2,21.5,1.0,-0.0025050973054021597,0.112
EOF2,21.5,1.5,-0.004015624523162842,0.112
EOF2,21.5,2.0,-0.0042881774716079235,0.112
EOF2,21.5,2.5,0.0003542470803949982,0.112
EOF2,21.5,3.0,0.00629432825371623,0.112
EOF2,21.5,3.5,0.012302977964282036,0.112
EOF2,21.5,4.0,0.016595708206295967,0.112
EOF2,21.5,4.5,0.019151296466588974,0.112
EOF2,21.5,5.0,0.021735306829214096,0.112
EOF2,21.5,5.5,0.023626072332262993,0.112
EOF2,21.5,6.0,0.01956523396074772,0.112
EOF2,21.5,6.5,0.0157927256077528,0.112
EOF2,21.5,7.0,0.011949080973863602,0.112
EOF2,21.5,7.5,0.008085951209068298,0.112
EOF2,21.5,8.0,0.011049831286072731,0.112
EOF2,21.5,8.5,0.009721782989799976,0.112
EOF2,21.5,9.0,0.008402019739151001,0.112
EOF2,21.5,9.5,0.007227632217109203,0.112
EOF2,21.5,10.0,0.006475486792623997,0.112
EOF2,21.5,10.5,0.005718085449188948,0.112
EOF2,21.5,11.0,0.004334211815148592,0.112
EOF2,21.5,11.5,0.00202947948127985,0.112
EOF2,21.5,12.0,0.0006760450196452439,0.112
EOF2,21.5,12.5,-0.0006734273047186434,0.112
EOF2,21.5,13.0,-0.0012190869310870767,0.112
EOF2,21.5,13.5,-0.0029627331532537937,0.112
EOF2,21.5,14.0,-0.0034982648212462664,0.112
EOF2,21.5,14.5,-0.004024708643555641,0.112
EOF2,21.5,15.0,-0.004550951067358255,0.112
EOF2,21.5,15.5,-0.003704130183905363,0.112
EOF2,21.5,16.0,-0.0028274909127503633,0.112
EOF2,21.5,16.5,-0.0019162545213475823,0.112
EOF2,21.5,17.0,-0.0019373728428035975,0.112
EOF2,21.5,17.5,-0.005510010290890932,0.112
EOF2,21.5,18.0,-0.009793192148208618,0.112
EOF2,21.5,18.5,-0.01413139421492815,0.112
EOF2,21.5,19.0,-0.01607396826148033,0.112
EOF2,21.5,19.5,-0.015586238354444504,0.112
EOF2,21.5,20.0,-0.015104557387530804,0.112
EOF2,21.5,20.5,-0.015730174258351326,0.112
EOF2,21.5,21.0,-0.0184156596660614,0.112
EOF2,21.5,21.5,-0.02139732800424099,0.112
EOF2,21.5,22.0,-0.02435438707470894,0.112
EOF2,21.5,22.5,-0.02466876246035099,0.112
EOF2,21.5,23.0,-0.02443830482661724,0.112
EOF2,21.5,23.5,-0.020295264199376106,0.112
EOF2,21.5,24.0,-0.016108131036162376,0.112
EOF2,21.5,24.5,-0.01396254450082779,0.112
EOF2,21.5,25.0,-0.017905624583363533,0.112
EOF2,21.5,25.5,-0.021634943783283234,0.112
EOF2,21.5,26.0,-0.0237205158919096,0.112
EOF2,21.5,26.5,-0.021079592406749725,0.112
EOF2,21.5,27.0,-0.01799784228205681,0.112
EOF2,21.5,27.5,-0.014807344414293766,0.112
EOF2,21.5,28.0,-0.01193207036703825,0.112
EOF2,21.5,28.5,-0.011688665486872196,0.112
EOF2,21.5,29.0,-0.012384288012981415,0.112
EOF2,21.5,29.5,-0.013085694052278996,0.112
EOF2,21.5,30.0,-0.013799048960208893,0.112
EOF2,21.5,30.5,-0.015178290195763111,0.112
EOF2,21.5,31.0,-0.01579880155622959,0.112
EOF2,21.5,31.5,-0.0164053812623024,0.112
EOF2,21.5,32.0,-0.01685897633433342,0.112
EOF2,21.5,32.5,-0.01690875180065632,0.112
EOF2,21.5,33.0,-0.016951801255345345,0.112
EOF2,21.5,33.5,-0.017819171771407127,0.112
EOF2,21.5,34.0,-0.018546462059020996,0.112
EOF2,21.5,34.5,-0.016621388494968414,0.112
EOF2,22.0,0.5,-0.0020302447956055403,0.112
EOF2,22.0,1.0,-0.0008327743271365762,0.112
EOF2,22.0,1.5,-0.0016660684486851096,0.112
EOF2,22.0,2.0,-0.0019460872281342745,0.112
EOF2,22.0,2.5,0.0014202570309862494,0.112
EOF2,22.0,3.0,0.004765290766954422,0.112
EOF2,22.0,3.5,0.010614749044179916,0.112
EOF2,22.0,4.0,0.01480112411081791,0.112
EOF2,22.0,4.5,0.017278730869293213,0.112
EOF2,22.0,5.0,0.01829286478459835,0.112
EOF2,22.0,5.5,0.01934327743947506,0.112
EOF2,22.0,6.0,0.01515512727200985,0.112
EOF2,22.0,6.5,0.00913630984723568,0.112
EOF2,22.0,7.0,0.004131481982767582,0.112
EOF2,22.0,7.5,0.00021199318871367723,0.112
EOF2,22.0,8.0,0.0046936217695474625,0.112
EOF2,22.0,8.5,0.009179752320051193,0.112
EOF2,22.0,9.0,0.00929452944546938,0.112
EOF2,22.0,9.5,0.00810870062559843,0.112
EOF2,22.0,10.0,0.007353832479566336,0.112
EOF2,22.0,10.5,0.004722942598164082,0.112
EOF2,22.0,11.0,0.0014330775011330843,0.112
EOF2,22.0,11.5,-0.0009162633214145899,0.112
EOF2,22.0,12.0,-0.0022752375807613134,0.112
EOF2,22.0,12.5,-0.0020146735478192568,0.112
EOF2,22.0,13.0,-0.0017496306682005525,0.112
EOF2,22.0,13.5,-0.00351878278888762,0.112
EOF2,22.0,14.0,-0.0059825037606060505,0.112
EOF2,22.0,14.5,-0.0074991085566580296,0.112
EOF2,22.0,15.0,-0.008045975118875504,0.112
EOF2,22.0,15.5,-0.007258160971105099,0.112
EOF2,22.0,16.0,-0.006416916847229004,0.112
EOF2,22.0,16.5,-0.005542614497244358,0.112
EOF2,22.0,17.0,-0.005602852441370487,0.112
EOF2,22.0,17.5,-0.008549257181584835,0.112
EOF2,22.0,18.0,-0.011576540768146515,0.112
EOF2,22.0,18.5,-0.015927448868751526,0.112
EOF2,22.0,19.0,-0.0178653746843338,0.112
EOF2,22.0,19.5,-0.01736416481435299,0.112
EOF2,22.0,20.0,-0.01912688836455345,0.112
EOF2,22.0,20.5,-0.020913338288664818,0.112
EOF2,22.0,21.0,-0.023663995787501335,0.112
EOF2,22.0,21.5,-0.025804266333580017,0.112
EOF2,22.0,22.0,-0.025219310075044632,0.112
EOF2,22.0,22.5,-0.02464388869702816,0.112
EOF2,22.0,23.0,-0.025742042809724808,0.112
EOF2,22.0,23.5,-0.02684605121612549,0.112
EOF2,22.0,24.0,-0.023954059928655624,0.112
EOF2,22.0,24.5,-0.02175011672079563,0.112
EOF2,22.0,25.0,-0.02556207776069641,0.112
EOF2,22.0,25.5,-0.024662945419549942,0.112
EOF2,22.0,26.0,-0.022274257615208626,0.112
EOF2,22.0,26.5,-0.019503343850374222,0.112
EOF2,22.0,27.0,-0.01624598726630211,0.112
EOF2,22.0,27.5,-0.013686654157936573,0.112
EOF2,22.0,28.0,-0.01118116732686758,0.112
EOF2,22.0,28.5,-0.010943152941763401,0.112
EOF2,22.0,29.0,-0.011443935334682465,0.112
EOF2,22.0,29.5,-0.0120388800278306,0.112
EOF2,22.0,30.0,-0.012743727304041386,0.112
EOF2,22.0,30.5,-0.014364449307322502,0.112
EOF2,22.0,31.0,-0.015977388247847557,0.112
EOF2,22.0,31.5,-0.016829852014780045,0.112
EOF2,22.0,32.0,-0.01728716492652893,0.112
EOF2,22.0,32.5,-0.01733538880944252,0.112
EOF2,22.0,33.0,-0.019895367324352264,0.112
EOF2,22.0,33.5,-0.02328205108642578,0.112
EOF2,22.0,34.0,-0.024042507633566856,0.112
EOF2,22.0,34.5,-0.022155962884426117,0.112
EOF2,22.5,0.5,-0.0036783041432499886,0.112
EOF2,22.5,1.0,-0.002509100828319788,0.112
EOF2,22.5,1.5,-0.0013316728873178363,0.112
EOF2,22.5,2.0,0.0003597936884034425,0.112
EOF2,22.5,2.5,0.003694616025313735,0.112
EOF2,22.5,3.0,0.0069941068068146706,0.112
EOF2,22.5,3.5,0.010256776586174965,0.112
EOF2,22.5,4.0,0.012274938635528088,0.112
EOF2,22.5,4.5,0.013117833994328976,0.112
EOF2,22.5,5.0,0.014002968557178974,0.112
EOF2,22.5,5.5,0.014933673664927483,0.112
EOF2,22.5,6.0,0.010642712004482746,0.112
EOF2,22.5,6.5,0.004530445206910372,0.112
EOF2,22.5,7.0,-0.0016433295095339417,0.112
EOF2,22.5,7.5,-0.007816173136234283,0.112
EOF2,22.5,8.0,-0.003263738239184022,0.112
EOF2,22.5,8.5,0.0012980792671442032,0.112
EOF2,22.5,9.0,0.005830405745655298,0.112
EOF2,22.5,9.5,0.008393263444304466,0.112
EOF2,22.5,10.0,0.005126160569489002,0.112
EOF2,22.5,10.5,0.0018155057914555073,0.112
EOF2,22.5,11.0,-0.0015394503716379404,0.112
EOF2,22.5,11.5,-0.0031261977273970842,0.112
EOF2,22.5,12.0,-0.0028510605916380882,0.112
EOF2,22.5,12.5,-0.00257693137973547,0.112
EOF2,22.5,13.0,-0.002305992878973484,0.112
EOF2,22.5,13.5,-0.004086121916770935,0.112
EOF2,22.5,14.0,-0.006570473313331604,0.112
EOF2,22.5,14.5,-0.009074538014829159,0.112
EOF2,22.5,15.0,-0.011562698520720005,0.112
EOF2,22.5,15.5,-0.010758603923022747,0.112
EOF2,22.5,16.0,-0.009938543662428856,0.112
EOF2,22.5,16.5,-0.009104126133024693,0.112
EOF2,22.5,17.0,-0.00919311959296465,0.112
EOF2,22.5,17.5,-0.012168185785412788,0.112
EOF2,22.5,18.0,-0.015210149809718132,0.112
EOF2,22.5,18.5,-0.018326586112380028,0.112
EOF2,22.5,19.0,-0.02082144282758236,0.112
EOF2,22.5,19.5,-0.02266448177397251,0.112
EOF2,22.5,20.0,-0.024512214586138725,0.112
EOF2,22.5,20.5,-0.026364922523498535,0.112
EOF2,22.5,21.0,-0.026429351419210434,0.112
EOF2,22.5,21.5,-0.02582562156021595,0.112
EOF2,22.5,22.0,-0.025226227939128876,0.112
EOF2,22.5,22.5,-0.024635400623083115,0.112
EOF2,22.5,23.0,-0.025761086493730545,0.112
EOF2,22.5,23.5,-0.026896269991993904,0.112
EOF2,22.5,24.0,-0.028027018532156944,0.112
EOF2,22.5,24.5,-0.028221603482961655,0.112
EOF2,22.5,25.0,-0.02566315419971943,0.112
EOF2,22.5,25.5,-0.023141853511333466,0.112
EOF2,22.5,26.0,-0.020666997879743576,0.112
EOF2,22.5,26.5,-0.018136940896511078,0.112
EOF2,22.5,27.0,-0.015526671893894672,0.112
EOF2,22.5,27.5,-0.012967408634722233,0.112
EOF2,22.5,28.0,-0.010455450043082237,0.112
EOF2,22.5,28.5,-0.010193643160164356,0.112
EOF2,22.5,29.0,-0.01069890521466732,0.112
EOF2,22.5,29.5,-0.01120220497250557,0.112
EOF2,22.5,30.0,-0.011708038859069347,0.112
EOF2,22.5,30.5,-0.013322949409484863,0.112
EOF2,22.5,31.0,-0.014931419864296913,0.112
EOF2,22.5,31.5,-0.016529295593500137,0.112
EOF2,22.5,32.0,-0.01851559802889824,0.112
EOF2,22.5,32.5,-0.02195245586335659,0.112
EOF2,22.5,33.0,-0.025373000651597977,0.112
EOF2,22.5,33.5,-0.02876875549554825,0.112
EOF2,22.5,34.0,-0.029370009899139404,0.112
EOF2,22.5,34.5,-0.02715536206960678,0.112
EOF2,23.0,0.5,0.0009629025007598102,0.112
EOF2,23.0,1.0,0.0021381094120442867,0.112
EOF2,23.0,1.5,0.00164524104911834,0.112
EOF2,23.0,2.0,0.001688502263277769,0.112
EOF2,23.0,2.5,0.0049554589204490185,0.112
EOF2,23.0,3.0,0.008156422525644302,0.112
EOF2,23.0,3.5,0.007071610540151596,0.112
EOF2,23.0,4.0,0.00675360718742013,0.112
EOF2,23.0,4.5,0.007248926442116499,0.112
EOF2,23.0,5.0,0.007942183874547482,0.112
EOF2,23.0,5.5,0.008666896261274815,0.112
EOF2,23.0,6.0,0.004427068401128054,0.112
EOF2,23.0,6.5,-0.0015371721237897873,0.112
EOF2,23.0,7.0,-0.006866425275802612,0.112
EOF2,23.0,7.5,-0.011586318723857403,0.112
EOF2,23.0,8.0,-0.007077876478433609,0.112
EOF2,23.0,8.5,-0.0025587219279259443,0.112
EOF2,23.0,9.0,0.0010126513661816716,0.112
EOF2,23.0,9.5,0.0035529681481420994,0.112
EOF2,23.0,10.0,0.0038682911545038223,0.112
EOF2,23.0,10.5,0.001442769542336464,0.112
EOF2,23.0,11.0,-0.0019380166195333004,0.112
EOF2,23.0,11.5,-0.005065775476396084,0.112
EOF2,23.0,12.0,-0.007862169295549393,0.112
EOF2,23.0,12.5,-0.007579532451927662,0.112
EOF2,23.0,13.0,-0.007282004691660404,0.112
EOF2,23.0,13.5,-0.009087421000003815,0.112
EOF2,23.0,14.0,-0.011610737070441246,0.112
EOF2,23.0,14.5,-0.01290974859148264,0.112
EOF2,23.0,15.0,-0.012955537997186184,0.112
EOF2,23.0,15.5,-0.010662519372999668,0.112
EOF2,23.0,16.0,-0.009075001813471317,0.112
EOF2,23.0,16.5,-0.008238754235208035,0.112
EOF2,23.0,17.0,-0.008165965788066387,0.112
EOF2,23.0,17.5,-0.010429118759930134,0.112
EOF2,23.0,18.0,-0.013209438882768154,0.112
EOF2,23.0,18.5,-0.016222424805164337,0.112
EOF2,23.0,19.0,-0.018642330542206764,0.112
EOF2,23.0,19.5,-0.02043222449719906,0.112
EOF2,23.0,20.0,-0.022219115868210793,0.112
EOF2,23.0,20.5,-0.02401122637093067,0.112
EOF2,23.0,21.0,-0.02739347703754902,0.112
EOF2,23.0,21.5,-0.030214546248316765,0.112
EOF2,23.0,22.0,-0.029572103172540665,0.112
EOF2,23.0,22.5,-0.02894238568842411,0.112
EOF2,23.0,23.0,-0.03009306639432907,0.112
EOF2,23.0,23.5,-0.0312528982758522,0.112
EOF2,23.0,24.0,-0.030520858243107796,0.112
EOF2,23.0,24.5,-0.02918478660285473,0.112
EOF2,23.0,25.0,-0.02789206989109516,0.112
EOF2,23.0,25.5,-0.025660652667284012,0.112
EOF2,23.0,26.0,-0.023151101544499397,0.112
EOF2,23.0,26.5,-0.022249488160014153,0.112
EOF2,23.0,27.0,-0.022896146401762962,0.112
EOF2,23.0,27.5,-0.020244617015123367,0.112
EOF2,23.0,28.0,-0.017622176557779312,0.112
EOF2,23.0,28.5,-0.01452039647847414,0.112
EOF2,23.0,29.0,-0.012235286645591259,0.112
EOF2,23.0,29.5,-0.012737013399600983,0.112
EOF2,23.0,30.0,-0.013240816071629524,0.112
EOF2,23.0,30.5,-0.014852847903966904,0.112
EOF2,23.0,31.0,-0.01645599864423275,0.112
EOF2,23.0,31.5,-0.016121353954076767,0.112
EOF2,23.0,32.0,-0.01547708734869957,0.112
EOF2,23.0,32.5,-0.015855619683861732,0.112
EOF2,23.0,33.0,-0.018494686111807823,0.112
EOF2,23.0,33.5,-0.021886160597205162,0.112
EOF2,23.0,34.0,-0.02244189754128456,0.112
EOF2,23.0,34.5,-0.020153190940618515,0.112
EOF2,23.5,0.5,0.005000179633498192,0.112
EOF2,23.5,1.0,0.0039601512253284454,0.112
EOF2,23.5,1.5,0.0029261198360472918,0.112
EOF2,23.5,2.0,0.0029618972912430763,0.112
EOF2,23.5,2.5,0.003997650928795338,0.112
EOF2,23.5,3.0,0.0028450225945562124,0.112
EOF2,23.5,3.5,0.0016655543586239219,0.112
EOF2,23.5,4.0,0.0012967789079993963,0.112
EOF2,23.5,4.5,0.0017636114498600364,0.112
EOF2,23.5,5.0,0.002232433995231986,0.112
EOF2,23.5,5.5,0.00274300598539412,0.112
EOF2,23.5,6.0,-0.0014333415310829878,0.112
EOF2,23.5,6.5,-0.005908273626118898,0.112
EOF2,23.5,7.0,-0.010518490336835384,0.112
EOF2,23.5,7.5,-0.015237763524055481,0.112
EOF2,23.5,8.0,-0.011106849648058414,0.112
EOF2,23.5,8.5,-0.007913812063634396,0.112
EOF2,23.5,9.0,-0.004686719737946987,0.112
EOF2,23.5,9.5,-0.00218475260771811,0.112
EOF2,23.5,10.0,-0.00193132390268147,0.112
EOF2,23.5,10.5,-0.0016757533885538578,0.112
EOF2,23.5,11.0,-0.0023339204490184784,0.112
EOF2,23.5,11.5,-0.005479253362864256,0.112
EOF2,23.5,12.0,-0.008311632089316845,0.112
EOF2,23.5,12.5,-0.011119541712105274,0.112
EOF2,23.5,13.0,-0.012353761121630669,0.112
EOF2,23.5,13.5,-0.014165029861032963,0.112
EOF2,23.5,14.0,-0.014226576313376427,0.112
EOF2,23.5,14.5,-0.014273113571107388,0.112
EOF2,23.5,15.0,-0.01430435013025999,0.112
EOF2,23.5,15.5,-0.012058433145284653,0.112
EOF2,23.5,16.0,-0.009743359871208668,0.112
EOF2,23.5,16.5,-0.007374046370387077,0.112
EOF2,23.5,17.0,-0.007285374216735363,0.112
EOF2,23.5,17.5,-0.00953648705035448,0.112
EOF2,23.5,18.0,-0.011780417524278164,0.112
EOF2,23.5,18.5,-0.01419981848448515,0.112
EOF2,23.5,19.0,-0.01654345914721489,0.112
EOF2,23.5,19.5,-0.018221015110611916,0.112
EOF2,23.5,20.0,-0.019915027543902397,0.112
EOF2,23.5,20.5,-0.021657781675457954,0.112
EOF2,23.5,21.0,-0.02497999742627144,0.112
EOF2,23.5,21.5,-0.02890808694064617,0.112
EOF2,23.5,22.0,-0.03293344005942345,0.112
EOF2,23.5,22.5,-0.033451247960329056,0.112
EOF2,23.5,23.0,-0.033979836851358414,0.112
EOF2,23.5,23.5,-0.03257688134908676,0.112
EOF2,23.5,24.0,-0.03119465708732605,0.112
EOF2,23.5,24.5,-0.02984321303665638,0.112
EOF2,23.5,25.0,-0.028534406796097755,0.112
EOF2,23.5,25.5,-0.027250202372670174,0.112
EOF2,23.5,26.0,-0.025674989446997643,0.112
EOF2,23.5,26.5,-0.02475246787071228,0.112
EOF2,23.5,27.0,-0.025419019162654877,0.112
EOF2,23.5,27.5,-0.026076665148139,0.112
EOF2,23.5,28.0,-0.025042250752449036,0.112
EOF2,23.5,28.5,-0.021818775683641434,0.112
EOF2,23.5,29.0,-0.01848040521144867,0.112
EOF2,23.5,29.5,-0.015211083926260471,0.112
EOF2,23.5,30.0,-0.014781962148845196,0.112
EOF2,23.5,30.5,-0.015742285177111626,0.112
EOF2,23.5,31.0,-0.014747874811291695,0.112
EOF2,23.5,31.5,-0.013736171647906303,0.112
EOF2,23.5,32.0,-0.01307595707476139,0.112
EOF2,23.5,32.5,-0.013501616194844246,0.112
EOF2,23.5,33.0,-0.01389625295996666,0.112
EOF2,23.5,33.5,-0.015008549205958843,0.112
EOF2,23.5,34.0,-0.015531106851994991,0.112
EOF2,23.5,34.5,-0.015000431798398495,0.112
EOF2,24.0,0.5,0.005925588309764862,0.112
EOF2,24.0,1.0,0.004882823210209608,0.112
EOF2,24.0,1.5,0.0038430599961429834,0.112
EOF2,24.0,2.0,0.00278359092772007,0.112
EOF2,24.0,2.5,0.0016132942400872707,0.112
EOF2,24.0,3.0,0.0004181379044894129,0.112
EOF2,24.0,3.5,-0.0005908004241064191,0.112
EOF2,24.0,4.0,-0.0005495853838510811,0.112
EOF2,24.0,4.5,-9.948450315278023e-05,0.112
EOF2,24.0,5.0,0.000357356620952487,0.112
EOF2,24.0,5.5,-0.0011859397636726499,0.112
EOF2,24.0,6.0,-0.0067367772571742535,0.112
EOF2,24.0,6.5,-0.011201043613255024,0.112
EOF2,24.0,7.0,-0.015789605677127838,0.112
EOF2,24.0,7.5,-0.020492607727646828,0.112
EOF2,24.0,8.0,-0.01755889132618904,0.112
EOF2,24.0,8.5,-0.014403318986296654,0.112
EOF2,24.0,9.0,-0.011207052506506443,0.112
EOF2,24.0,9.5,-0.008742113597691059,0.112
EOF2,24.0,10.0,-0.008563626557588577,0.112
EOF2,24.0,10.5,-0.008382181636989117,0.112
EOF2,24.0,11.0,-0.0071146427653729916,0.112
EOF2,24.0,11.5,-0.006496373098343611,0.112
EOF2,24.0,12.0,-0.009411132894456387,0.112
EOF2,24.0,12.5,-0.012191243469715118,0.112
EOF2,24.0,13.0,-0.014949495904147625,0.112
EOF2,24.0,13.5,-0.015660474076867104,0.112
EOF2,24.0,14.0,-0.015695353969931602,0.112
EOF2,24.0,14.5,-0.015723027288913727,0.112
EOF2,24.0,15.0,-0.015747709199786186,0.112
EOF2,24.0,15.5,-0.01352717075496912,0.112
EOF2,24.0,16.0,-0.01123744435608387,0.112
EOF2,24.0,16.5,-0.008901542983949184,0.112
EOF2,24.0,17.0,-0.009312962181866169,0.112
EOF2,24.0,17.5,-0.011548936367034912,0.112
EOF2,24.0,18.0,-0.013776678591966629,0.112
EOF2,24.0,18.5,-0.015150112099945545,0.112
EOF2,24.0,19.0,-0.014976589009165764,0.112
EOF2,24.0,19.5,-0.016388535499572754,0.112
EOF2,24.0,20.0,-0.018042229115962982,0.112
EOF2,24.0,20.5,-0.01973961666226387,0.112
EOF2,24.0,21.0,-0.02300405316054821,0.112
EOF2,24.0,21.5,-0.026864510029554367,0.112
EOF2,24.0,22.0,-0.03082091547548771,0.112
EOF2,24.0,22.5,-0.033106837421655655,0.112
EOF2,24.0,23.0,-0.032145291566848755,0.112
EOF2,24.0,23.5,-0.030755717307329178,0.112
EOF2,24.0,24.0,-0.029393356293439865,0.112
EOF2,24.0,24.5,-0.02958214469254017,0.112
EOF2,24.0,25.0,-0.03131731227040291,0.112
EOF2,24.0,25.5,-0.029987692832946777,0.112
EOF2,24.0,26.0,-0.02868080884218216,0.112
EOF2,24.0,26.5,-0.028371348977088928,0.112
EOF2,24.0,27.0,-0.029034141451120377,0.112
EOF2,24.0,27.5,-0.029690831899642944,0.112
EOF2,24.0,28.0,-0.027041571214795113,0.112
EOF2,24.0,28.5,-0.022985734045505524,0.112
EOF2,24.0,29.0,-0.019599245861172676,0.112
EOF2,24.0,29.5,-0.016279572620987892,0.112
EOF2,24.0,30.0,-0.01474851556122303,0.112
EOF2,24.0,30.5,-0.013743750751018524,0.112
EOF2,24.0,31.0,-0.012720764614641666,0.112
EOF2,24.0,31.5,-0.011676852591335773,0.112
EOF2,24.0,32.0,-0.010710169561207294,0.112
EOF2,24.0,32.5,-0.011181973852217197,0.112
EOF2,24.0,33.0,-0.011620137840509415,0.112
EOF2,24.0,33.5,-0.011389353312551975,0.112
EOF2,24.0,34.0,-0.01110308337956667,0.112
EOF2,24.0,34.5,-0.011540309526026249,0.112
EOF2,24.5,0.5,0.00019407285435590893,0.112
EOF2,24.5,1.0,0.004242788068950176,0.112
EOF2,24.5,1.5,0.00445152260363102,0.112
EOF2,24.5,2.0,0.0033695977181196213,0.112
EOF2,24.5,2.5,0.0021802231203764677,0.112
EOF2,24.5,3.0,0.0015818969113752246,0.112
EOF2,24.5,3.5,0.001193250878714025,0.112
EOF2,24.5,4.0,0.001227217959240079,0.112
EOF2,24.5,4.5,0.0016613112529739738,0.112
EOF2,24.5,5.0,-0.0018047165358439088,0.112
EOF2,24.5,5.5,-0.0054241265170276165,0.112
EOF2,24.5,6.0,-0.011020154692232609,0.112
EOF2,24.5,6.5,-0.017134811729192734,0.112
EOF2,24.5,7.0,-0.022432783618569374,0.112
EOF2,24.5,7.5,-0.02708538807928562,0.112
EOF2,24.5,8.0,-0.02447115257382393,0.112
EOF2,24.5,8.5,-0.021667351946234703,0.112
EOF2,24.5,9.0,-0.01856973022222519,0.112
EOF2,24.5,9.5,-0.01615229807794094,0.112
EOF2,24.5,10.0,-0.01605730690062046,0.112
EOF2,24.5,10.5,-0.012716054916381836,0.112
EOF2,24.5,11.0,-0.008260735310614109,0.112
EOF2,24.5,11.5,-0.007642656099051237,0.112
EOF2,24.5,12.0,-0.010821850970387459,0.112
EOF2,24.5,12.5,-0.01381881907582283,0.112
EOF2,24.5,13.0,-0.016507292166352272,0.112
EOF2,24.5,13.5,-0.017193637788295746,0.112
EOF2,24.5,14.0,-0.01722162961959839,0.112
EOF2,24.5,14.5,-0.017265474423766136,0.112
EOF2,24.5,15.0,-0.017296940088272095,0.112
EOF2,24.5,15.5,-0.015086040832102299,0.112
EOF2,24.5,16.0,-0.013886252418160439,0.112
EOF2,24.5,16.5,-0.013742627575993538,0.112
EOF2,24.5,17.0,-0.014186859130859375,0.112
EOF2,24.5,17.5,-0.016403470188379288,0.112
EOF2,24.5,18.0,-0.016071317717432976,0.112
EOF2,24.5,18.5,-0.014876743778586388,0.112
EOF2,24.5,19.0,-0.014704233035445213,0.112
EOF2,24.5,19.5,-0.015561050735414028,0.112
EOF2,24.5,20.0,-0.01660279929637909,0.112
EOF2,24.5,20.5,-0.018263040110468864,0.112
EOF2,24.5,21.0,-0.021463971585035324,0.112
EOF2,24.5,21.5,-0.02469201385974884,0.112
EOF2,24.5,22.0,-0.026281973347067833,0.112
EOF2,24.5,22.5,-0.027887746691703796,0.112
EOF2,24.5,23.0,-0.027119776234030724,0.112
EOF2,24.5,23.5,-0.02634267881512642,0.112
EOF2,24.5,24.0,-0.025165991857647896,0.112
EOF2,24.5,24.5,-0.025372516363859177,0.112
EOF2,24.5,25.0,-0.030126063153147697,0.112
EOF2,24.5,25.5,-0.03495321795344353,0.112
EOF2,24.5,26.0,-0.03360436484217644,0.112
EOF2,24.5,26.5,-0.033253900706768036,0.112
EOF2,24.5,27.0,-0.033871620893478394,0.112
EOF2,24.5,27.5,-0.027785491198301315,0.112
EOF2,24.5,28.0,-0.021821413189172745,0.112
EOF2,24.5,28.5,-0.017794080078601837,0.112
EOF2,24.5,29.0,-0.015029135160148144,0.112
EOF2,24.5,29.5,-0.014071974903345108,0.112
EOF2,24.5,30.0,-0.013134852983057499,0.112
EOF2,24.5,30.5,-0.012108219787478447,0.112
EOF2,24.5,31.0,-0.01086760126054287,0.112
EOF2,24.5,31.5,-0.009405066259205341,0.112
EOF2,24.5,32.0,-0.008431313559412956,0.112
EOF2,24.5,32.5,-0.00893833301961422,0.112
EOF2,24.5,33.0,-0.00741718290373683,0.112
EOF2,24.5,33.5,-0.005239831283688545,0.112
EOF2,24.5,34.0,-0.00495140952989459,0.112
EOF2,24.5,34.5,-0.006546939257532358,0.112
EOF3,-14.5,0.5,-0.005276267882436514,0.066
EOF3,-14.5,1.0,-0.005662941373884678,0.066
EOF3,-14.5,1.5,-0.0059980605728924274,0.066
EOF3,-14.5,2.0,-0.006383642554283142,0.066
EOF3,-14.5,2.5,-0.0069691878743469715,0.066
EOF3,-14.5,3.0,-0.007317887153476477,0.066
EOF3,-14.5,3.5,-0.007584911771118641,0.066
EOF3,-14.5,4.0,-0.00818362645804882,0.066
EOF3,-14.5,4.5,-0.009107634425163269,0.066
EOF3,-14.5,5.0,-0.010037422180175781,0.066
EOF3,-14.5,5.5,-0.010950189083814621,0.066
EOF3,-14.5,6.0,-0.01184371393173933,0.066
EOF3,-14.5,6.5,-0.012715213932096958,0.066
EOF3,-14.5,7.0,-0.013634415343403816,0.066
EOF3,-14.5,7.5,-0.014605074189603329,0.066
EOF3,-14.5,8.0,-0.015322130173444748,0.066
EOF3,-14.5,8.5,-0.015817441046237946,0.066
EOF3,-14.5,9.0,-0.016082296147942543,0.066
EOF3,-14.5,9.5,-0.01611376740038395,0.066
EOF3,-14.5,10.0,-0.015483335591852665,0.066
EOF3,-14.5,10.5,-0.014872417785227299,0.066
EOF3,-14.5,11.0,-0.014711371622979641,0.066
EOF3,-14.5,11.5,-0.013156420551240444,0.066
EOF3,-14.5,12.0,-0.010499672032892704,0.066
EOF3,-14.5,12.5,-0.008643362671136856,0.066
EOF3,-14.5,13.0,-0.0069884974509477615,0.066
EOF3,-14.5,13.5,-0.0053650629706680775,0.066
EOF3,-14.5,14.0,-0.003811688395217061,0.066
EOF3,-14.5,14.5,-0.0007445099181495607,0.066
EOF3,-14.5,15.0,0.0037339027039706707,0.066
EOF3,-14.5,15.5,0.003747588489204645,0.066
EOF3,-14.5,16.0,0.00449594808742404,0.066
EOF3,-14.5,16.5,0.005955755710601807,0.066
EOF3,-14.5,17.0,0.007017623633146286,0.066
EOF3,-14.5,17.5,0.007026118226349354,0.066
EOF3,-14.5,18.0,0.008407428860664368,0.066
EOF3,-14.5,18.5,0.010232227854430676,0.066
EOF3,-14.5,19.0,0.010865354910492897,0.066
EOF3,-14.5,19.5,0.010319309309124947,0.066
EOF3,-14.5,20.0,0.009908932261168957,0.066
EOF3,-14.5,20.5,0.009905613027513027,0.066
EOF3,-14.5,21.0,0.01042987685650587,0.066
EOF3,-14.5,21.5,0.0111818453297019,0.066
EOF3,-14.5,22.0,0.012084146030247211,0.066
EOF3,-14.5,22.5,0.012992603704333305,0.066
EOF3,-14.5,23.0,0.011888864450156689,0.066
EOF3,-14.5,23.5,0.010768028907477856,0.066
EOF3,-14.5,24.0,0.009215207770466805,0.066
EOF3,-14.5,24.5,0.007886393927037716,0.066
EOF3,-14.5,25.0,0.007669308688491583,0.066
EOF3,-14.5,25.5,0.007676330860704184,0.066
EOF3,-14.5,26.0,0.007757348474115133,0.066
EOF3,-14.5,26.5,0.007721723522990942,0.066
EOF3,-14.5,27.0,0.007574510760605335,0.066
EOF3,-14.5,27.5,0.007559341378509998,0.066
EOF3,-14.5,28.0,0.007944243960082531,0.066
EOF3,-14.5,28.5,0.007578663062304258,0.066
EOF3,-14.5,29.0,0.006968036759644747,0.066
EOF3,-14.5,29.5,0.006972044240683317,0.066
EOF3,-14.5,30.0,0.007603456266224384,0.066
EOF3,-14.5,30.5,0.008978093974292278,0.066
EOF3,-14.5,31.0,0.009866856038570404,0.066
EOF3,-14.5,31.5,0.010255619883537292,0.066
EOF3,-14.5,32.0,0.010998014360666275,0.066
EOF3,-14.5,32.5,0.012798012234270573,0.066
EOF3,-14.5,33.0,0.014594071544706821,0.066
EOF3,-14.5,33.5,0.014365045353770256,0.066
EOF3,-14.5,34.0,0.013459374196827412,0.066
EOF3,-14.5,34.5,0.01193023007363081,0.066
EOF3,-14.0,0.5,-0.005560930352658033,0.066
EOF3,-14.0,1.0,-0.00587481027469039,0.066
EOF3,-14.0,1.5,-0.006199857220053673,0.066
EOF3,-14.0,2.0,-0.006579697132110596,0.066
EOF3,-14.0,2.5,-0.007160464767366648,0.066
EOF3,-14.0,3.0,-0.007731396239250898,0.066
EOF3,-14.0,3.5,-0.00822750385850668,0.066
EOF3,-14.0,4.0,-0.008826928213238716,0.066
EOF3,-14.0,4.5,-0.009744624607264996,0.066
EOF3,-14.0,5.0,-0.010654732584953308,0.066
EOF3,-14.0,5.5,-0.011573011055588722,0.066
EOF3,-14.0,6.0,-0.01245423685759306,0.066
EOF3,-14.0,6.5,-0.013436111621558666,0.066
EOF3,-14.0,7.0,-0.014407163485884666,0.066
EOF3,-14.0,7.5,-0.015368935652077198,0.066
EOF3,-14.0,8.0,-0.016084155067801476,0.066
EOF3,-14.0,8.5,-0.016787908971309662,0.066
EOF3,-14.0,9.0,-0.017474759370088577,0.066
EOF3,-14.0,9.5,-0.017498139292001724,0.066
EOF3,-14.0,10.0,-0.017075007781386375,0.066
EOF3,-14.0,10.5,-0.016885973513126373,0.066
EOF3,-14.0,11.0,-0.016704630106687546,0.066
EOF3,-14.0,11.5,-0.015049248933792114,0.066
EOF3,-14.0,12.0,-0.012234758585691452,0.066
EOF3,-14.0,12.5,-0.009781206026673317,0.066
EOF3,-14.0,13.0,-0.007841913029551506,0.066
EOF3,-14.0,13.5,-0.006173516158014536,0.066
EOF3,-14.0,14.0,-0.0012947237119078636,0.066
EOF3,-14.0,14.5,0.00336495041847229,0.066
EOF3,-14.0,15.0,0.007778644561767578,0.066
EOF3,-14.0,15.5,0.007716795429587364,0.066
EOF3,-14.0,16.0,0.007636432070285082,0.066
EOF3,-14.0,16.5,0.0075749242678284645,0.066
EOF3,-14.0,17.0,0.008607777766883373,0.066
EOF3,-14.0,17.5,0.008605333045125008,0.066
EOF3,-14.0,18.0,0.008599360473453999,0.066
EOF3,-14.0,18.5,0.009050687775015831,0.066
EOF3,-14.0,19.0,0.009687000885605812,0.066
EOF3,-14.0,19.5,0.009547027759253979,0.066
EOF3,-14.0,20.0,0.0095431013032794,0.066
EOF3,-14.0,20.5,0.009540417231619358,0.066
EOF3,-14.0,21.0,0.01005761232227087,0.066
EOF3,-14.0,21.5,0.01075926423072815,0.066
EOF3,-14.0,22.0,0.011469018645584583,0.066
EOF3,-14.0,22.5,0.012322301976382732,0.066
EOF3,-14.0,23.0,0.011088099330663681,0.066
EOF3,-14.0,23.5,0.009410993196070194,0.066
EOF3,-14.0,24.0,0.007724185939878225,0.066
EOF3,-14.0,24.5,0.006386141292750835,0.066
EOF3,-14.0,25.0,0.006170100066810846,0.066
EOF3,-14.0,25.5,0.005947748199105263,0.066
EOF3,-14.0,26.0,0.005798042751848698,0.066
EOF3,-14.0,26.5,0.005759018007665873,0.066
EOF3,-14.0,27.0,0.006015431601554155,0.066
EOF3,-14.0,27.5,0.00640322407707572,0.066
EOF3,-14.0,28.0,0.006793746259063482,0.066
EOF3,-14.0,28.5,0.00643933517858386,0.066
EOF3,-14.0,29.0,0.007053247187286615,0.066
EOF3,-14.0,29.5,0.007676752749830484,0.066
EOF3,-14.0,30.0,0.008300432935357094,0.066
EOF3,-14.0,30.5,0.009669497609138489,0.066
EOF3,-14.0,31.0,0.011048059910535812,0.066
EOF3,-14.0,31.5,0.01242348924279213,0.066
EOF3,-14.0,32.0,0.013174268417060375,0.066
EOF3,-14.0,32.5,0.013948151841759682,0.066
EOF3,-14.0,33.0,0.013683687895536423,0.066
EOF3,-14.0,33.5,0.013410119339823723,0.066
EOF3,-14.0,34.0,0.012465088628232479,0.066
EOF3,-14.0,34.5,0.010883788578212261,0.066
EOF3,-13.5,0.5,-0.005634961184114218,0.066
EOF3,-13.5,1.0,-0.00595561508089304,0.066
EOF3,-13.5,1.5,-0.006274970714002848,0.066
EOF3,-13.5,2.0,-0.0070445965975522995,0.066
EOF3,-13.5,2.5,-0.0077473861165344715,0.066
EOF3,-13.5,3.0,-0.008319368585944176,0.066
EOF3,-13.5,3.5,-0.008887370117008686,0.066
EOF3,-13.5,4.0,-0.009906343184411526,0.066
EOF3,-13.5,4.5,-0.010958041064441204,0.066
EOF3,-13.5,5.0,-0.011869549751281738,0.066
EOF3,-13.5,5.5,-0.012773425318300724,0.066
EOF3,-13.5,6.0,-0.013730255886912346,0.066
EOF3,-13.5,6.5,-0.014706091023981571,0.066
EOF3,-13.5,7.0,-0.015667403116822243,0.066
EOF3,-13.5,7.5,-0.016403885558247566,0.066
EOF3,-13.5,8.0,-0.017106918618083,0.066
EOF3,-13.5,8.5,-0.017802875488996506,0.066
EOF3,-13.5,9.0,-0.018482333049178123,0.066
EOF3,-13.5,9.5,-0.01884143427014351,0.066
EOF3,-13.5,10.0,-0.018626395612955093,0.066
EOF3,-13.5,10.5,-0.018424011766910553,0.066
EOF3,-13.5,11.0,-0.01821868307888508,0.066
EOF3,-13.5,11.5,-0.016486549749970436,0.066
EOF3,-13.5,12.0,-0.013560411520302296,0.066
EOF3,-13.5,12.5,-0.011000831611454487,0.066
EOF3,-13.5,13.0,-0.008334056474268436,0.066
EOF3,-13.5,13.5,-0.0034740595147013664,0.066
EOF3,-13.5,14.0,0.0014179988065734506,0.066
EOF3,-13.5,14.5,0.006060348358005285,0.066
EOF3,-13.5,15.0,0.010455720126628876,0.066
EOF3,-13.5,15.5,0.010335122235119343,0.066
EOF3,-13.5,16.0,0.010208655148744583,0.066
EOF3,-13.5,16.5,0.010081303305923939,0.066
EOF3,-13.5,17.0,0.00937177985906601,0.066
EOF3,-13.5,17.5,0.009408364072442055,0.066
EOF3,-13.5,18.0,0.009398900903761387,0.066
EOF3,-13.5,18.5,0.009387101046741009,0.066
EOF3,-13.5,19.0,0.009375253692269325,0.066
EOF3,-13.5,19.5,0.009373663924634457,0.066
EOF3,-13.5,20.0,0.009374147281050682,0.066
EOF3,-13.5,20.5,0.008899363689124584,0.066
EOF3,-13.5,21.0,0.009182078763842583,0.066
EOF3,-13.5,21.5,0.009877845644950867,0.066
EOF3,-13.5,22.0,0.010585461743175983,0.066
EOF3,-13.5,22.5,0.01081943605095148,0.066
EOF3,-13.5,23.0,0.010882539674639702,0.066
EOF3,-13.5,23.5,0.009210639633238316,0.066
EOF3,-13.5,24.0,0.007522365543991327,0.066
EOF3,-13.5,24.5,0.00619193771854043,0.066
EOF3,-13.5,25.0,0.005970751401036978,0.066
EOF3,-13.5,25.5,0.005748542957007885,0.066
EOF3,-13.5,26.0,0.0052748131565749645,0.066
EOF3,-13.5,26.5,0.00452014897018671,0.066
EOF3,-13.5,27.0,0.004740808624774218,0.066
EOF3,-13.5,27.5,0.005134791601449251,0.066
EOF3,-13.5,28.0,0.005522030871361494,0.066
EOF3,-13.5,28.5,0.006211965344846249,0.066
EOF3,-13.5,29.0,0.0068281348794698715,0.066
EOF3,-13.5,29.5,0.0074476092122495174,0.066
EOF3,-13.5,30.0,0.008066677488386631,0.066
EOF3,-13.5,30.5,0.008606767281889915,0.066
EOF3,-13.5,31.0,0.009984333999454975,0.066
EOF3,-13.5,31.5,0.011364426463842392,0.066
EOF3,-13.5,32.0,0.012330176308751106,0.066
EOF3,-13.5,32.5,0.012029528617858887,0.066
EOF3,-13.5,33.0,0.011715245433151722,0.066
EOF3,-13.5,33.5,0.011403830721974373,0.066
EOF3,-13.5,34.0,0.010455598123371601,0.066
EOF3,-13.5,34.5,0.00884316861629486,0.066
EOF3,-13.0,0.5,-0.005590606480836868,0.066
EOF3,-13.0,1.0,-0.006121213547885418,0.066
EOF3,-13.0,1.5,-0.00686963927000761,0.066
EOF3,-13.0,2.0,-0.007631808053702116,0.066
EOF3,-13.0,2.5,-0.008466538973152637,0.066
EOF3,-13.0,3.0,-0.009304351173341274,0.066
EOF3,-13.0,3.5,-0.009862489998340607,0.066
EOF3,-13.0,4.0,-0.010876377113163471,0.066
EOF3,-13.0,4.5,-0.0123291639611125,0.066
EOF3,-13.0,5.0,-0.013651286251842976,0.066
EOF3,-13.0,5.5,-0.014555332250893116,0.066
EOF3,-13.0,6.0,-0.015503473579883575,0.066
EOF3,-13.0,6.5,-0.01639372855424881,0.066
EOF3,-13.0,7.0,-0.0170432161539793,0.066
EOF3,-13.0,7.5,-0.017700867727398872,0.066
EOF3,-13.0,8.0,-0.018397077918052673,0.066
EOF3,-13.0,8.5,-0.019013244658708572,0.066
EOF3,-13.0,9.0,-0.01956726424396038,0.066
EOF3,-13.0,9.5,-0.01990932784974575,0.066
EOF3,-13.0,10.0,-0.019680699333548546,0.066
EOF3,-13.0,10.5,-0.0194490235298872,0.066
EOF3,-13.0,11.0,-0.019236410036683083,0.066
EOF3,-13.0,11.5,-0.01745600998401642,0.066
EOF3,-13.0,12.0,-0.014440227299928665,0.066
EOF3,-13.0,12.5,-0.010997753590345383,0.066
EOF3,-13.0,13.0,-0.007788752671331167,0.066
EOF3,-13.0,13.5,-0.002711139153689146,0.066
EOF3,-13.0,14.0,0.0025584588292986155,0.066
EOF3,-13.0,14.5,0.007319961674511433,0.066
EOF3,-13.0,15.0,0.011742085218429565,0.066
EOF3,-13.0,15.5,0.011602545157074928,0.066
EOF3,-13.0,16.0,0.011003716848790646,0.066
EOF3,-13.0,16.5,0.009985838085412979,0.066
EOF3,-13.0,17.0,0.009263690561056137,0.066
EOF3,-13.0,17.5,0.009343516081571579,0.066
EOF3,-13.0,18.0,0.009418459609150887,0.066
EOF3,-13.0,18.5,0.009408013895154,0.066
EOF3,-13.0,19.0,0.009401019662618637,0.066
EOF3,-13.0,19.5,0.009391393512487411,0.066
EOF3,-13.0,20.0,0.008445942774415016,0.066
EOF3,-13.0,20.5,0.007493026088923216,0.066
EOF3,-13.0,21.0,0.0077711185440421104,0.066
EOF3,-13.0,21.5,0.008310805074870586,0.066
EOF3,-13.0,22.0,0.008385896682739258,0.066
EOF3,-13.0,22.5,0.008458702825009823,0.066
EOF3,-13.0,23.0,0.00908481702208519,0.066
EOF3,-13.0,23.5,0.009720792062580585,0.066
EOF3,-13.0,24.0,0.008613036945462227,0.066
EOF3,-13.0,24.5,0.007283193990588188,0.066
EOF3,-13.0,25.0,0.007069963961839676,0.066
EOF3,-13.0,25.5,0.0061056907288730145,0.066
EOF3,-13.0,26.0,0.00488412706181407,0.066
EOF3,-13.0,26.5,0.004125347826629877,0.066
EOF3,-13.0,27.0,0.0038368036039173603,0.066
EOF3,-13.0,27.5,0.003721484448760748,0.066
EOF3,-13.0,28.0,0.004114757291972637,0.066
EOF3,-13.0,28.5,0.0048080203123390675,0.066
EOF3,-13.0,29.0,0.0055964067578315735,0.066
EOF3,-13.0,29.5,0.006298226770013571,0.066
EOF3,-13.0,30.0,0.006912113633006811,0.066
EOF3,-13.0,30.5,0.007170006632804871,0.066
EOF3,-13.0,31.0,0.007427647709846497,0.066
EOF3,-13.0,31.5,0.00852584931999445,0.066
EOF3,-13.0,32.0,0.009481381624937057,0.066
EOF3,-13.0,32.5,0.009107799269258976,0.066
EOF3,-13.0,33.0,0.008754828944802284,0.066
EOF3,-13.0,33.5,0.008393872529268265,0.066
EOF3,-13.0,34.0,0.007379993796348572,0.066
EOF3,-13.0,34.5,0.0057615558616817,0.066
EOF3,-12.5,0.5,-0.0059753647074103355,0.066
EOF3,-12.5,1.0,-0.006719916593283415,0.066
EOF3,-12.5,1.5,-0.00745353614911437,0.066
EOF3,-12.5,2.0,-0.008221782743930817,0.066
EOF3,-12.5,2.5,-0.009052373468875885,0.066
EOF3,-12.5,3.0,-0.009881691075861454,0.066
EOF3,-12.5,3.5,-0.010693398304283619,0.066
EOF3,-12.5,4.0,-0.011837129481136799,0.066
EOF3,-12.5,4.5,-0.013289176858961582,0.066
EOF3,-12.5,5.0,-0.014739357866346836,0.066
EOF3,-12.5,5.5,-0.01618705503642559,0.066
EOF3,-12.5,6.0,-0.017038533464074135,0.066
EOF3,-12.5,6.5,-0.017686590552330017,0.066
EOF3,-12.5,7.0,-0.01834084279835224,0.066
EOF3,-12.5,7.5,-0.018985608592629433,0.066
EOF3,-12.5,8.0,-0.019551096484065056,0.066
EOF3,-12.5,8.5,-0.020099680870771408,0.066
EOF3,-12.5,9.0,-0.020636728033423424,0.066
EOF3,-12.5,9.5,-0.020976535975933075,0.066
EOF3,-12.5,10.0,-0.02073715813457966,0.066
EOF3,-12.5,10.5,-0.02050754241645336,0.066
EOF3,-12.5,11.0,-0.020271962508559227,0.066
EOF3,-12.5,11.5,-0.018095992505550385,0.066
EOF3,-12.5,12.0,-0.014181858859956264,0.066
EOF3,-12.5,12.5,-0.010558564215898514,0.066
EOF3,-12.5,13.0,-0.007194676902145147,0.066
EOF3,-12.5,13.5,-0.001895590336062014,0.066
EOF3,-12.5,14.0,0.003592191031202674,0.066
EOF3,-12.5,14.5,0.008562185801565647,0.066
EOF3,-12.5,15.0,0.01306567620486021,0.066
EOF3,-12.5,15.5,0.011984400451183319,0.066
EOF3,-12.5,16.0,0.010918907821178436,0.066
EOF3,-12.5,16.5,0.009882516227662563,0.066
EOF3,-12.5,17.0,0.009145751595497131,0.066
EOF3,-12.5,17.5,0.009231596253812313,0.066
EOF3,-12.5,18.0,0.009311459958553314,0.066
EOF3,-12.5,18.5,0.009386764839291573,0.066
EOF3,-12.5,19.0,0.008951840922236443,0.066
EOF3,-12.5,19.5,0.007988114841282368,0.066
EOF3,-12.5,20.0,0.007027830462902784,0.066
EOF3,-12.5,20.5,0.006067287642508745,0.066
EOF3,-12.5,21.0,0.005887676030397415,0.066
EOF3,-12.5,21.5,0.005962322931736708,0.066
EOF3,-12.5,22.0,0.006033621728420258,0.066
EOF3,-12.5,22.5,0.0061058723367750645,0.066
EOF3,-12.5,23.0,0.006713094189763069,0.066
EOF3,-12.5,23.5,0.007336133159697056,0.066
EOF3,-12.5,24.0,0.007964310236275196,0.066
EOF3,-12.5,24.5,0.008141797035932541,0.066
EOF3,-12.5,25.0,0.0069390274584293365,0.066
EOF3,-12.5,25.5,0.005723270587623119,0.066
EOF3,-12.5,26.0,0.004500768147408962,0.066
EOF3,-12.5,26.5,0.0037350314669311047,0.066
EOF3,-12.5,27.0,0.003444037865847349,0.066
EOF3,-12.5,27.5,0.0031553832814097404,0.066
EOF3,-12.5,28.0,0.0028699885588139296,0.066
EOF3,-12.5,28.5,0.0033979264553636312,0.066
EOF3,-12.5,29.0,0.004195390734821558,0.066
EOF3,-12.5,29.5,0.004983584396541119,0.066
EOF3,-12.5,30.0,0.005761613138020039,0.066
EOF3,-12.5,30.5,0.006001636385917664,0.066
EOF3,-12.5,31.0,0.0062513407319784164,0.066
EOF3,-12.5,31.5,0.006500100716948509,0.066
EOF3,-12.5,32.0,0.0066053057089447975,0.066
EOF3,-12.5,32.5,0.006184238474816084,0.066
EOF3,-12.5,33.0,0.005732925608754158,0.066
EOF3,-12.5,33.5,0.0052492087706923485,0.066
EOF3,-12.5,34.0,0.004802970681339502,0.066
EOF3,-12.5,34.5,0.004449928645044565,0.066
EOF3,-12.0,0.5,-0.0069200689904391766,0.066
EOF3,-12.0,1.0,-0.007532453164458275,0.066
EOF3,-12.0,1.5,-0.008270774967968464,0.066
EOF3,-12.0,2.0,-0.009080412797629833,0.066
EOF3,-12.0,2.5,-0.010112432762980461,0.066
EOF3,-12.0,3.0,-0.010986903682351112,0.066
EOF3,-12.0,3.5,-0.01180274598300457,0.066
EOF3,-12.0,4.0,-0.012941781431436539,0.066
EOF3,-12.0,4.5,-0.014386576600372791,0.066
EOF3,-12.0,5.0,-0.01580185815691948,0.066
EOF3,-12.0,5.5,-0.017114296555519104,0.066
EOF3,-12.0,6.0,-0.017290012910962105,0.066
EOF3,-12.0,6.5,-0.01730501838028431,0.066
EOF3,-12.0,7.0,-0.017948269844055176,0.066
EOF3,-12.0,7.5,-0.018598441034555435,0.066
EOF3,-12.0,8.0,-0.019665714353322983,0.066
EOF3,-12.0,8.5,-0.020461218431591988,0.066
EOF3,-12.0,9.0,-0.020994726568460464,0.066
EOF3,-12.0,9.5,-0.02133321575820446,0.066
EOF3,-12.0,10.0,-0.02109401300549507,0.066
EOF3,-12.0,10.5,-0.02085191383957863,0.066
EOF3,-12.0,11.0,-0.02024327591061592,0.066
EOF3,-12.0,11.5,-0.019005415961146355,0.066
EOF3,-12.0,12.0,-0.017195232212543488,0.066
EOF3,-12.0,12.5,-0.01336489524692297,0.066
EOF3,-12.0,13.0,-0.009797281585633755,0.066
EOF3,-12.0,13.5,-0.004224415402859449,0.066
EOF3,-12.0,14.0,0.0015188270481303334,0.066
EOF3,-12.0,14.5,0.007864119485020638,0.066
EOF3,-12.0,15.0,0.014546799473464489,0.066
EOF3,-12.0,15.5,0.012542556039988995,0.066
EOF3,-12.0,16.0,0.011000283062458038,0.066
EOF3,-12.0,16.5,0.009951867163181305,0.066
EOF3,-12.0,17.0,0.009206892922520638,0.066
EOF3,-12.0,17.5,0.009294072166085243,0.066
EOF3,-12.0,18.0,0.009369699284434319,0.066
EOF3,-12.0,18.5,0.00878925807774067,0.066
EOF3,-12.0,19.0,0.008511653169989586,0.066
EOF3,-12.0,19.5,0.008510961197316647,0.066
EOF3,-12.0,20.0,0.007552938535809517,0.066
EOF3,-12.0,20.5,0.006578455213457346,0.066
EOF3,-12.0,21.0,0.006394890137016773,0.066
EOF3,-12.0,21.5,0.006467444356530905,0.066
EOF3,-12.0,22.0,0.0060841916128993034,0.066
EOF3,-12.0,22.5,0.0052510518580675125,0.066
EOF3,-12.0,23.0,0.005856570787727833,0.066
EOF3,-12.0,23.5,0.006472697947174311,0.066
EOF3,-12.0,24.0,0.007236123085021973,0.066
EOF3,-12.0,24.5,0.0078229745849967,0.066
EOF3,-12.0,25.0,0.007735527120530605,0.066
EOF3,-12.0,25.5,0.006809457670897245,0.066
EOF3,-12.0,26.0,0.005581276956945658,0.066
EOF3,-12.0,26.5,0.0045121805742383,0.066
EOF3,-12.0,27.0,0.003594632726162672,0.066
EOF3,-12.0,27.5,0.0033008973114192486,0.066
EOF3,-12.0,28.0,0.0030075989197939634,0.066
EOF3,-12.0,28.5,0.0035371833946555853,0.066
EOF3,-12.0,29.0,0.004338045604526997,0.066
EOF3,-12.0,29.5,0.004135495983064175,0.066
EOF3,-12.0,30.0,0.0029393010772764683,0.066
EOF3,-12.0,30.5,0.00315323518589139,0.066
EOF3,-12.0,31.0,0.003383784322068095,0.066
EOF3,-12.0,31.5,0.004058422055095434,0.066
EOF3,-12.0,32.0,0.0047174314968287945,0.066
EOF3,-12.0,32.5,0.004837597254663706,0.066
EOF3,-12.0,33.0,0.004489623010158539,0.066
EOF3,-12.0,33.5,0.003952838946133852,0.066
EOF3,-12.0,34.0,0.0034953744616359472,0.066
EOF3,-12.0,34.5,0.00317166349850595,0.066
EOF3,-11.5,0.5,-0.008113427087664604,0.066
EOF3,-11.5,1.0,-0.008594691753387451,0.066
EOF3,-11.5,1.5,-0.009075511246919632,0.066
EOF3,-11.5,2.0,-0.009886174462735653,0.066
EOF3,-11.5,2.5,-0.010916025377810001,0.066
EOF3,-11.5,3.0,-0.011940758675336838,0.066
EOF3,-11.5,3.5,-0.01290528941899538,0.066
EOF3,-11.5,4.0,-0.01403809618204832,0.066
EOF3,-11.5,4.5,-0.015380620025098324,0.066
EOF3,-11.5,5.0,-0.016692370176315308,0.066
EOF3,-11.5,5.5,-0.01800316385924816,0.066
EOF3,-11.5,6.0,-0.01817266084253788,0.066
EOF3,-11.5,6.5,-0.01796996034681797,0.066
EOF3,-11.5,7.0,-0.017765166237950325,0.066
EOF3,-11.5,7.5,-0.018199320882558823,0.066
EOF3,-11.5,8.0,-0.019265366718173027,0.066
EOF3,-11.5,8.5,-0.020315172150731087,0.066
EOF3,-11.5,9.0,-0.02135075256228447,0.066
EOF3,-11.5,9.5,-0.021690284833312035,0.066
EOF3,-11.5,10.0,-0.021252235397696495,0.066
EOF3,-11.5,10.5,-0.020635295659303665,0.066
EOF3,-11.5,11.0,-0.0200166255235672,0.066
EOF3,-11.5,11.5,-0.018777133896946907,0.066
EOF3,-11.5,12.0,-0.01697492226958275,0.066
EOF3,-11.5,12.5,-0.015251987613737583,0.066
EOF3,-11.5,13.0,-0.012558716349303722,0.066
EOF3,-11.5,13.5,-0.006684237625449896,0.066
EOF3,-11.5,14.0,0.0019064352381974459,0.066
EOF3,-11.5,14.5,0.00943974032998085,0.066
EOF3,-11.5,15.0,0.016043927520513535,0.066
EOF3,-11.5,15.5,0.014014244079589844,0.066
EOF3,-11.5,16.0,0.011995835229754448,0.066
EOF3,-11.5,16.5,0.010030854493379593,0.066
EOF3,-11.5,17.0,0.009271151386201382,0.066
EOF3,-11.5,17.5,0.009011484682559967,0.066
EOF3,-11.5,18.0,0.008419073186814785,0.066
EOF3,-11.5,18.5,0.00784444622695446,0.066
EOF3,-11.5,19.0,0.007571450900286436,0.066
EOF3,-11.5,19.5,0.007580978330224752,0.066
EOF3,-11.5,20.0,0.007591568864881992,0.066
EOF3,-11.5,20.5,0.007109341211616993,0.066
EOF3,-11.5,21.0,0.006915496662259102,0.066
EOF3,-11.5,21.5,0.006070813629776239,0.066
EOF3,-11.5,22.0,0.005224922671914101,0.066
EOF3,-11.5,22.5,0.004396957810968161,0.066
EOF3,-11.5,23.0,0.005041586235165596,0.066
EOF3,-11.5,23.5,0.0058388314209878445,0.066
EOF3,-11.5,24.0,0.0066434345208108425,0.066
EOF3,-11.5,24.5,0.007230810821056366,0.066
EOF3,-11.5,25.0,0.007145102135837078,0.066
EOF3,-11.5,25.5,0.007046692073345184,0.066
EOF3,-11.5,26.0,0.006678082048892975,0.066
EOF3,-11.5,26.5,0.005607421509921551,0.066
EOF3,-11.5,27.0,0.004686518106609583,0.066
EOF3,-11.5,27.5,0.003763271728530526,0.066
EOF3,-11.5,28.0,0.003149965777993202,0.066
EOF3,-11.5,28.5,0.0036753686144948006,0.066
EOF3,-11.5,29.0,0.0024669242557138205,0.066
EOF3,-11.5,29.5,0.0012555737048387527,0.066
EOF3,-11.5,30.0,5.4605457989964634e-05,0.066
EOF3,-11.5,30.5,0.00039693922735750675,0.066
EOF3,-11.5,31.0,0.0012040387373417616,0.066
EOF3,-11.5,31.5,0.0020208696369081736,0.066
EOF3,-11.5,32.0,0.0026518094819039106,0.066
EOF3,-11.5,32.5,0.0026939534582197666,0.066
EOF3,-11.5,33.0,0.0027424516156315804,0.066
EOF3,-11.5,33.5,0.002628554357215762,0.066
EOF3,-11.5,34.0,0.0021604029461741447,0.066
EOF3,-11.5,34.5,0.0020936408545821905,0.066
EOF3,-11.0,0.5,-0.00950460135936737,0.066
EOF3,-11.0,1.0,-0.009982350282371044,0.066
EOF3,-11.0,1.5,-0.010461093857884407,0.066
EOF3,-11.0,2.0,-0.01084127277135849,0.066
EOF3,-11.0,2.5,-0.011867029592394829,0.066
EOF3,-11.0,3.0,-0.012885824777185917,0.066
EOF3,-11.0,3.5,-0.013888179324567318,0.066
EOF3,-11.0,4.0,-0.014580860733985901,0.066
EOF3,-11.0,4.5,-0.015679359436035156,0.066
EOF3,-11.0,5.0,-0.016979821026325226,0.066
EOF3,-11.0,5.5,-0.01827862113714218,0.066
EOF3,-11.0,6.0,-0.018723374232649803,0.066
EOF3,-11.0,6.5,-0.01851663552224636,0.066
EOF3,-11.0,7.0,-0.01831190660595894,0.066
EOF3,-11.0,7.5,-0.0181182399392128,0.066
EOF3,-11.0,8.0,-0.019175536930561066,0.066
EOF3,-11.0,8.5,-0.020223647356033325,0.066
EOF3,-11.0,9.0,-0.021251646801829338,0.066
EOF3,-11.0,9.5,-0.021364878863096237,0.066
EOF3,-11.0,10.0,-0.020664017647504807,0.066
EOF3,-11.0,10.5,-0.02004450373351574,0.066
EOF3,-11.0,11.0,-0.019421424716711044,0.066
EOF3,-11.0,11.5,-0.0187187772244215,0.066
EOF3,-11.0,12.0,-0.01716816984117031,0.066
EOF3,-11.0,12.5,-0.015425597317516804,0.066
EOF3,-11.0,13.0,-0.013750667683780193,0.066
EOF3,-11.0,13.5,-0.00805298238992691,0.066
EOF3,-11.0,14.0,0.0008396286866627634,0.066
EOF3,-11.0,14.5,0.008609491400420666,0.066
EOF3,-11.0,15.0,0.015406410209834576,0.066
EOF3,-11.0,15.5,0.013340622186660767,0.066
EOF3,-11.0,16.0,0.011290134862065315,0.066
EOF3,-11.0,16.5,0.009285124950110912,0.066
EOF3,-11.0,17.0,0.008702569641172886,0.066
EOF3,-11.0,17.5,0.009328929707407951,0.066
EOF3,-11.0,18.0,0.008724424056708813,0.066
EOF3,-11.0,18.5,0.008143838495016098,0.066
EOF3,-11.0,19.0,0.007866356521844864,0.066
EOF3,-11.0,19.5,0.007876696065068245,0.066
EOF3,-11.0,20.0,0.00788931269198656,0.066
EOF3,-11.0,20.5,0.007625517435371876,0.066
EOF3,-11.0,21.0,0.007468443363904953,0.066
EOF3,-11.0,21.5,0.0066177030093967915,0.066
EOF3,-11.0,22.0,0.0057694558054208755,0.066
EOF3,-11.0,22.5,0.004931855481117964,0.066
EOF3,-11.0,23.0,0.004883924499154091,0.066
EOF3,-11.0,23.5,0.005680758040398359,0.066
EOF3,-11.0,24.0,0.006483457982540131,0.066
EOF3,-11.0,24.5,0.007073722779750824,0.066
EOF3,-11.0,25.0,0.006979204248636961,0.066
EOF3,-11.0,25.5,0.006890289485454559,0.066
EOF3,-11.0,26.0,0.007068200968205929,0.066
EOF3,-11.0,26.5,0.007108797784894705,0.066
EOF3,-11.0,27.0,0.006195045076310635,0.066
EOF3,-11.0,27.5,0.005269879940897226,0.066
EOF3,-11.0,28.0,0.003905898192897439,0.066
EOF3,-11.0,28.5,0.002507976023480296,0.066
EOF3,-11.0,29.0,0.0012770056491717696,0.066
EOF3,-11.0,29.5,6.043260873411782e-05,0.066
EOF3,-11.0,30.0,-0.0011482492554932833,0.066
EOF3,-11.0,30.5,-0.00036173639819025993,0.066
EOF3,-11.0,31.0,0.0004439146723598242,0.066
EOF3,-11.0,31.5,0.0012533352710306644,0.066
EOF3,-11.0,32.0,0.0008693869458511472,0.066
EOF3,-11.0,32.5,0.0009746450232341886,0.066
EOF3,-11.0,33.0,0.0009513052646070719,0.066
EOF3,-11.0,33.5,0.0009323460981249809,0.066
EOF3,-11.0,34.0,0.0014442575629800558,0.066
EOF3,-11.0,34.5,0.0017200502334162593,0.066
EOF3,-10.5,0.5,-0.011090055108070374,0.066
EOF3,-10.5,1.0,-0.01140520814806223,0.066
EOF3,-10.5,1.5,-0.01156701985746622,0.066
EOF3,-10.5,2.0,-0.011947708204388618,0.066
EOF3,-10.5,2.5,-0.012972939759492874,0.066
EOF3,-10.5,3.0,-0.013929970562458038,0.066
EOF3,-10.5,3.5,-0.014863664284348488,0.066
EOF3,-10.5,4.0,-0.015553777106106281,0.066
EOF3,-10.5,4.5,-0.016010617837309837,0.066
EOF3,-10.5,5.0,-0.016665136441588402,0.066
EOF3,-10.5,5.5,-0.01795932464301586,0.066
EOF3,-10.5,6.0,-0.018403392285108566,0.066
EOF3,-10.5,6.5,-0.01856665499508381,0.066
EOF3,-10.5,7.0,-0.018545513972640038,0.066
EOF3,-10.5,7.5,-0.018347978591918945,0.066
EOF3,-10.5,8.0,-0.019394593313336372,0.066
EOF3,-10.5,8.5,-0.020125648006796837,0.066
EOF3,-10.5,9.0,-0.020542141050100327,0.066
EOF3,-10.5,9.5,-0.02065669372677803,0.066
EOF3,-10.5,10.0,-0.01986580528318882,0.066
EOF3,-10.5,10.5,-0.019085943698883057,0.066
EOF3,-10.5,11.0,-0.018474983051419258,0.066
EOF3,-10.5,11.5,-0.01777825877070427,0.066
EOF3,-10.5,12.0,-0.01702244020998478,0.066
EOF3,-10.5,12.5,-0.01602211594581604,0.066
EOF3,-10.5,13.0,-0.014306615106761456,0.066
EOF3,-10.5,13.5,-0.008499734103679657,0.066
EOF3,-10.5,14.0,-0.0019395353738218546,0.066
EOF3,-10.5,14.5,0.005152923054993153,0.066
EOF3,-10.5,15.0,0.01245363149791956,0.066
EOF3,-10.5,15.5,0.010342275723814964,0.066
EOF3,-10.5,16.0,0.00853367056697607,0.066
EOF3,-10.5,16.5,0.007115507964044809,0.066
EOF3,-10.5,17.0,0.0066018723882734776,0.066
EOF3,-10.5,17.5,0.008490760810673237,0.066
EOF3,-10.5,18.0,0.01028930302709341,0.066
EOF3,-10.5,18.5,0.009698240086436272,0.066
EOF3,-10.5,19.0,0.00941038504242897,0.066
EOF3,-10.5,19.5,0.009413933381438255,0.066
EOF3,-10.5,20.0,0.008876658976078033,0.066
EOF3,-10.5,20.5,0.008336495608091354,0.066
EOF3,-10.5,21.0,0.008182474412024021,0.066
EOF3,-10.5,21.5,0.008155427873134613,0.066
EOF3,-10.5,22.0,0.007716274354606867,0.066
EOF3,-10.5,22.5,0.0068687619641423225,0.066
EOF3,-10.5,23.0,0.006549980957061052,0.066
EOF3,-10.5,23.5,0.006230740807950497,0.066
EOF3,-10.5,24.0,0.0067590512335300446,0.066
EOF3,-10.5,24.5,0.007343119475990534,0.066
EOF3,-10.5,25.0,0.007257172372192144,0.066
EOF3,-10.5,25.5,0.007967924699187279,0.066
EOF3,-10.5,26.0,0.008961482904851437,0.066
EOF3,-10.5,26.5,0.009007472544908524,0.066
EOF3,-10.5,27.0,0.008097152225673199,0.066
EOF3,-10.5,27.5,0.006323669571429491,0.066
EOF3,-10.5,28.0,0.004508867394179106,0.066
EOF3,-10.5,28.5,0.0031010680831968784,0.066
EOF3,-10.5,29.0,0.0018372545018792152,0.066
EOF3,-10.5,29.5,0.0005990126519463956,0.066
EOF3,-10.5,30.0,-0.0006206645048223436,0.066
EOF3,-10.5,30.5,0.00017563483561389148,0.066
EOF3,-10.5,31.0,0.0002782896626740694,0.066
EOF3,-10.5,31.5,-0.00032664777245372534,0.066
EOF3,-10.5,32.0,-0.000742223288398236,0.066
EOF3,-10.5,32.5,-0.0005483270506374538,0.066
EOF3,-10.5,33.0,-0.00034252440673299134,0.066
EOF3,-10.5,33.5,-0.0004125885898247361,0.066
EOF3,-10.5,34.0,6.842627044534311e-05,0.066
EOF3,-10.5,34.5,0.0010879853507503867,0.066
EOF3,-10.0,0.5,-0.012354079633951187,0.066
EOF3,-10.0,1.0,-0.012517345137894154,0.066
EOF3,-10.0,1.5,-0.012673083692789078,0.066
EOF3,-10.0,2.0,-0.01303003914654255,0.066
EOF3,-10.0,2.5,-0.013968936167657375,0.066
EOF3,-10.0,3.0,-0.014901278540492058,0.066
EOF3,-10.0,3.5,-0.015829725190997124,0.066
EOF3,-10.0,4.0,-0.01652521640062332,0.066
EOF3,-10.0,4.5,-0.01696799322962761,0.066
EOF3,-10.0,5.0,-0.017411712557077408,0.066
EOF3,-10.0,5.5,-0.017855683341622353,0.066
EOF3,-10.0,6.0,-0.018092824146151543,0.066
EOF3,-10.0,6.5,-0.018249038606882095,0.066
EOF3,-10.0,7.0,-0.018409814685583115,0.066
EOF3,-10.0,7.5,-0.018566643819212914,0.066
EOF3,-10.0,8.0,-0.018988842144608498,0.066
EOF3,-10.0,8.5,-0.019410334527492523,0.066
EOF3,-10.0,9.0,-0.01982928439974785,0.066
EOF3,-10.0,9.5,-0.01993921957910061,0.066
EOF3,-10.0,10.0,-0.019154053181409836,0.066
EOF3,-10.0,10.5,-0.01838228851556778,0.066
EOF3,-10.0,11.0,-0.017601558938622475,0.066
EOF3,-10.0,11.5,-0.016838878393173218,0.066
EOF3,-10.0,12.0,-0.016090042889118195,0.066
EOF3,-10.0,12.5,-0.015352885238826275,0.066
EOF3,-10.0,13.0,-0.014630853198468685,0.066
EOF3,-10.0,13.5,-0.008948180824518204,0.066
EOF3,-10.0,14.0,-0.002249358221888542,0.066
EOF3,-10.0,14.5,0.003797474317252636,0.066
EOF3,-10.0,15.0,0.009259081445634365,0.066
EOF3,-10.0,15.5,0.007726798299700022,0.066
EOF3,-10.0,16.0,0.0062811896204948425,0.066
EOF3,-10.0,16.5,0.004949033726006746,0.066
EOF3,-10.0,17.0,0.004503015894442797,0.066
EOF3,-10.0,17.5,0.006433777045458555,0.066
EOF3,-10.0,18.0,0.00828932411968708,0.066
EOF3,-10.0,18.5,0.010076341219246387,0.066
EOF3,-10.0,19.0,0.010665581561625004,0.066
EOF3,-10.0,19.5,0.010125009343028069,0.066
EOF3,-10.0,20.0,0.009581470862030983,0.066
EOF3,-10.0,20.5,0.009039507247507572,0.066
EOF3,-10.0,21.0,0.008896073326468468,0.066
EOF3,-10.0,21.5,0.008868073113262653,0.066
EOF3,-10.0,22.0,0.008840808644890785,0.066
EOF3,-10.0,22.5,0.008809286169707775,0.066
EOF3,-10.0,23.0,0.008497748523950577,0.066
EOF3,-10.0,23.5,0.00818544439971447,0.066
EOF3,-10.0,24.0,0.007866955362260342,0.066
EOF3,-10.0,24.5,0.007872259244322777,0.066
EOF3,-10.0,25.0,0.008854672312736511,0.066
EOF3,-10.0,25.5,0.009845700114965439,0.066
EOF3,-10.0,26.0,0.01084897480905056,0.066
EOF3,-10.0,26.5,0.01049864012748003,0.066
EOF3,-10.0,27.0,0.008740640245378017,0.066
EOF3,-10.0,27.5,0.0069489204324781895,0.066
EOF3,-10.0,28.0,0.005125515162944794,0.066
EOF3,-10.0,28.5,0.0037017446011304855,0.066
EOF3,-10.0,29.0,0.002424659440293908,0.066
EOF3,-10.0,29.5,0.001162185100838542,0.066
EOF3,-10.0,30.0,-9.343842975795269e-05,0.066
EOF3,-10.0,30.5,-0.0007032855064608157,0.066
EOF3,-10.0,31.0,-0.0013160179369151592,0.066
EOF3,-10.0,31.5,-0.0019363233586773276,0.066
EOF3,-10.0,32.0,-0.002363485051319003,0.066
EOF3,-10.0,32.5,-0.0022038212046027184,0.066
EOF3,-10.0,33.0,-0.0020391789730638266,0.066
EOF3,-10.0,33.5,-0.0018694354221224785,0.066
EOF3,-10.0,34.0,-0.0012539667077362537,0.066
EOF3,-10.0,34.5,-0.00023237182176671922,0.066
EOF3,-9.5,0.5,-0.013156292960047722,0.066
EOF3,-9.5,1.0,-0.013316835276782513,0.066
EOF3,-9.5,1.5,-0.013324970379471779,0.066
EOF3,-9.5,2.0,-0.013500315137207508,0.066
EOF3,-9.5,2.5,-0.01431987900286913,0.066
EOF3,-9.5,3.0,-0.01522007491439581,0.066
EOF3,-9.5,3.5,-0.01615178771317005,0.066
EOF3,-9.5,4.0,-0.016837753355503082,0.066
EOF3,-9.5,4.5,-0.01728411763906479,0.066
EOF3,-9.5,5.0,-0.01769251562654972,0.066
EOF3,-9.5,5.5,-0.018024073913693428,0.066
EOF3,-9.5,6.0,-0.018225902691483498,0.066
EOF3,-9.5,6.5,-0.018384220078587532,0.066
EOF3,-9.5,7.0,-0.018679795786738396,0.066
EOF3,-9.5,7.5,-0.01910347305238247,0.066
EOF3,-9.5,8.0,-0.018452364951372147,0.066
EOF3,-9.5,8.5,-0.018342193216085434,0.066
EOF3,-9.5,9.0,-0.01876051351428032,0.066
EOF3,-9.5,9.5,-0.01890556886792183,0.066
EOF3,-9.5,10.0,-0.01822870410978794,0.066
EOF3,-9.5,10.5,-0.017480265349149704,0.066
EOF3,-9.5,11.0,-0.016710801050066948,0.066
EOF3,-9.5,11.5,-0.01595255732536316,0.066
EOF3,-9.5,12.0,-0.015215802937746048,0.066
EOF3,-9.5,12.5,-0.014676443301141262,0.066
EOF3,-9.5,13.0,-0.014712107367813587,0.066
EOF3,-9.5,13.5,-0.009260086342692375,0.066
EOF3,-9.5,14.0,-0.002612149342894554,0.066
EOF3,-9.5,14.5,0.0031565173994749784,0.066
EOF3,-9.5,15.0,0.008333712816238403,0.066
EOF3,-9.5,15.5,0.0069772484712302685,0.066
EOF3,-9.5,16.0,0.005652578081935644,0.066
EOF3,-9.5,16.5,0.004347076639533043,0.066
EOF3,-9.5,17.0,0.003924704156816006,0.066
EOF3,-9.5,17.5,0.005854157730937004,0.066
EOF3,-9.5,18.0,0.007720469031482935,0.066
EOF3,-9.5,18.5,0.009902865625917912,0.066
EOF3,-9.5,19.0,0.01037800032645464,0.066
EOF3,-9.5,19.5,0.009182518348097801,0.066
EOF3,-9.5,20.0,0.008637677878141403,0.066
EOF3,-9.5,20.5,0.008092306554317474,0.066
EOF3,-9.5,21.0,0.008819944225251675,0.066
EOF3,-9.5,21.5,0.009674875065684319,0.066
EOF3,-9.5,22.0,0.009647810831665993,0.066
EOF3,-9.5,22.5,0.00961716752499342,0.066
EOF3,-9.5,23.0,0.009308847598731518,0.066
EOF3,-9.5,23.5,0.00899452343583107,0.066
EOF3,-9.5,24.0,0.008686074055731297,0.066
EOF3,-9.5,24.5,0.008583822287619114,0.066
EOF3,-9.5,25.0,0.009095288813114166,0.066
EOF3,-9.5,25.5,0.009966612793505192,0.066
EOF3,-9.5,26.0,0.010965930297970772,0.066
EOF3,-9.5,26.5,0.010795287787914276,0.066
EOF3,-9.5,27.0,0.009402086958289146,0.066
EOF3,-9.5,27.5,0.007602483034133911,0.066
EOF3,-9.5,28.0,0.005762435961514711,0.066
EOF3,-9.5,28.5,0.004322983790189028,0.066
EOF3,-9.5,29.0,0.003031267551705241,0.066
EOF3,-9.5,29.5,0.0018165018409490585,0.066
EOF3,-9.5,30.0,0.0006807351601310074,0.066
EOF3,-9.5,30.5,-0.0012281729141250253,0.066
EOF3,-9.5,31.0,-0.002517414279282093,0.066
EOF3,-9.5,31.5,-0.0031472307164222,0.066
EOF3,-9.5,32.0,-0.0034684832207858562,0.066
EOF3,-9.5,32.5,-0.002821538131684065,0.066
EOF3,-9.5,33.0,-0.0025404724292457104,0.066
EOF3,-9.5,33.5,-0.0023781252093613148,0.066
EOF3,-9.5,34.0,-0.0017613329691812396,0.066
EOF3,-9.5,34.5,-0.000728042796254158,0.066
EOF3,-9.0,0.5,-0.013903654180467129,0.066
EOF3,-9.0,1.0,-0.013874970376491547,0.066
EOF3,-9.0,1.5,-0.013832937926054,0.066
EOF3,-9.0,2.0,-0.014008892700076103,0.066
EOF3,-9.0,2.5,-0.014819908887147903,0.066
EOF3,-9.0,3.0,-0.015623203478753567,0.066
EOF3,-9.0,3.5,-0.01645871438086033,0.066
EOF3,-9.0,4.0,-0.017149250954389572,0.066
EOF3,-9.0,4.5,-0.017505202442407608,0.066
EOF3,-9.0,5.0,-0.01783156394958496,0.066
EOF3,-9.0,5.5,-0.01816031150519848,0.066
EOF3,-9.0,6.0,-0.018359124660491943,0.066
EOF3,-9.0,6.5,-0.01878967508673668,0.066
EOF3,-9.0,7.0,-0.019217753782868385,0.066
EOF3,-9.0,7.5,-0.019650602713227272,0.066
EOF3,-9.0,8.0,-0.018996555358171463,0.066
EOF3,-9.0,8.5,-0.018344631418585777,0.066
EOF3,-9.0,9.0,-0.017707185819745064,0.066
EOF3,-9.0,9.5,-0.017847876995801926,0.066
EOF3,-9.0,10.0,-0.017174970358610153,0.066
EOF3,-9.0,10.5,-0.01650947704911232,0.066
EOF3,-9.0,11.0,-0.015819191932678223,0.066
EOF3,-9.0,11.5,-0.015063981525599957,0.066
EOF3,-9.0,12.0,-0.014911980368196964,0.066
EOF3,-9.0,12.5,-0.014941198751330376,0.066
EOF3,-9.0,13.0,-0.014973497949540615,0.066
EOF3,-9.0,13.5,-0.00956867914646864,0.066
EOF3,-9.0,14.0,-0.0036639715544879436,0.066
EOF3,-9.0,14.5,0.0019834768027067184,0.066
EOF3,-9.0,15.0,0.007357501424849033,0.066
EOF3,-9.0,15.5,0.006017728243023157,0.066
EOF3,-9.0,16.0,0.0048185777850449085,0.066
EOF3,-9.0,16.5,0.0037484930362552404,0.066
EOF3,-9.0,17.0,0.0033516022376716137,0.066
EOF3,-9.0,17.5,0.005481924396008253,0.066
EOF3,-9.0,18.0,0.007739318069070578,0.066
EOF3,-9.0,18.5,0.00993200670927763,0.066
EOF3,-9.0,19.0,0.010408986359834671,0.066
EOF3,-9.0,19.5,0.009207887575030327,0.066
EOF3,-9.0,20.0,0.008002200163900852,0.066
EOF3,-9.0,20.5,0.007126046810299158,0.066
EOF3,-9.0,21.0,0.007859905250370502,0.066
EOF3,-9.0,21.5,0.009015494026243687,0.066
EOF3,-9.0,22.0,0.010170758701860905,0.066
EOF3,-9.0,22.5,0.010430224239826202,0.066
EOF3,-9.0,23.0,0.010122223757207394,0.066
EOF3,-9.0,23.5,0.009809928014874458,0.066
EOF3,-9.0,24.0,0.009501070715487003,0.066
EOF3,-9.0,24.5,0.009396864101290703,0.066
EOF3,-9.0,25.0,0.009914287365972996,0.066
EOF3,-9.0,25.5,0.010431879200041294,0.066
EOF3,-9.0,26.0,0.011072419583797455,0.066
EOF3,-9.0,26.5,0.010904683731496334,0.066
EOF3,-9.0,27.0,0.009522488340735435,0.066
EOF3,-9.0,27.5,0.008083842694759369,0.066
EOF3,-9.0,28.0,0.006407954264432192,0.066
EOF3,-9.0,28.5,0.004958359990268946,0.066
EOF3,-9.0,29.0,0.003767389105632901,0.066
EOF3,-9.0,29.5,0.0026096219662576914,0.066
EOF3,-9.0,30.0,0.0014656948624178767,0.066
EOF3,-9.0,30.5,-0.0004344712651800364,0.066
EOF3,-9.0,31.0,-0.002391418442130089,0.066
EOF3,-9.0,31.5,-0.004380928352475166,0.066
EOF3,-9.0,32.0,-0.0047263954766094685,0.066
EOF3,-9.0,32.5,-0.0040934220887720585,0.066
EOF3,-9.0,33.0,-0.0034356643445789814,0.066
EOF3,-9.0,33.5,-0.0028875074349343777,0.066
EOF3,-9.0,34.0,-0.0022723721340298653,0.066
EOF3,-9.0,34.5,-0.0020376185420900583,0.066
EOF3,-8.5,0.5,-0.014114336110651493,0.066
EOF3,-8.5,1.0,-0.014081170782446861,0.066
EOF3,-8.5,1.5,-0.014036389999091625,0.066
EOF3,-8.5,2.0,-0.014020076021552086,0.066
EOF3,-8.5,2.5,-0.014835231937468052,0.066
EOF3,-8.5,3.0,-0.015640292316675186,0.066
EOF3,-8.5,3.5,-0.01641877368092537,0.066
EOF3,-8.5,4.0,-0.016987094655632973,0.066
EOF3,-8.5,4.5,-0.01735001988708973,0.066
EOF3,-8.5,5.0,-0.017674963921308517,0.066
EOF3,-8.5,5.5,-0.018001792952418327,0.066
EOF3,-8.5,6.0,-0.018408633768558502,0.066
EOF3,-8.5,6.5,-0.0188426710665226,0.066
EOF3,-8.5,7.0,-0.019270002841949463,0.066
EOF3,-8.5,7.5,-0.019831765443086624,0.066
EOF3,-8.5,8.0,-0.019230559468269348,0.066
EOF3,-8.5,8.5,-0.01857883669435978,0.066
EOF3,-8.5,9.0,-0.01793477311730385,0.066
EOF3,-8.5,9.5,-0.017289170995354652,0.066
EOF3,-8.5,10.0,-0.016619421541690826,0.066
EOF3,-8.5,10.5,-0.01595224440097809,0.066
EOF3,-8.5,11.0,-0.015394803136587143,0.066
EOF3,-8.5,11.5,-0.015041238628327847,0.066
EOF3,-8.5,12.0,-0.014954703859984875,0.066
EOF3,-8.5,12.5,-0.01498528104275465,0.066
EOF3,-8.5,13.0,-0.015009027905762196,0.066
EOF3,-8.5,13.5,-0.012203103862702847,0.066
EOF3,-8.5,14.0,-0.006299805361777544,0.066
EOF3,-8.5,14.5,-0.0006387193570844829,0.066
EOF3,-8.5,15.0,0.004742995370179415,0.066
EOF3,-8.5,15.5,0.003582419129088521,0.066
EOF3,-8.5,16.0,0.0025360537692904472,0.066
EOF3,-8.5,16.5,0.0016183614498004317,0.066
EOF3,-8.5,17.0,0.0033508194610476494,0.066
EOF3,-8.5,17.5,0.004995099734514952,0.066
EOF3,-8.5,18.0,0.00726911099627614,0.066
EOF3,-8.5,18.5,0.00948092807084322,0.066
EOF3,-8.5,19.0,0.010066510178148746,0.066
EOF3,-8.5,19.5,0.00891146995127201,0.066
EOF3,-8.5,20.0,0.00770089915022254,0.066
EOF3,-8.5,20.5,0.006494347471743822,0.066
EOF3,-8.5,21.0,0.007067023776471615,0.066
EOF3,-8.5,21.5,0.00823092833161354,0.066
EOF3,-8.5,22.0,0.009387308731675148,0.066
EOF3,-8.5,22.5,0.009812024421989918,0.066
EOF3,-8.5,23.0,0.010591773316264153,0.066
EOF3,-8.5,23.5,0.010277202352881432,0.066
EOF3,-8.5,24.0,0.009966829791665077,0.066
EOF3,-8.5,24.5,0.010085873305797577,0.066
EOF3,-8.5,25.0,0.011057493276894093,0.066
EOF3,-8.5,25.5,0.01158083789050579,0.066
EOF3,-8.5,26.0,0.012107291258871555,0.066
EOF3,-8.5,26.5,0.011711296625435352,0.066
EOF3,-8.5,27.0,0.010349268093705177,0.066
EOF3,-8.5,27.5,0.008929972536861897,0.066
EOF3,-8.5,28.0,0.007678396068513393,0.066
EOF3,-8.5,28.5,0.005615312606096268,0.066
EOF3,-8.5,29.0,0.0043976143933832645,0.066
EOF3,-8.5,29.5,0.0032144454307854176,0.066
EOF3,-8.5,30.0,0.0020529793109744787,0.066
EOF3,-8.5,30.5,0.0009109751554206014,0.066
EOF3,-8.5,31.0,-0.0010498311603441834,0.066
EOF3,-8.5,31.5,-0.0030541184823960066,0.066
EOF3,-8.5,32.0,-0.004729534033685923,0.066
EOF3,-8.5,32.5,-0.004691758193075657,0.066
EOF3,-8.5,33.0,-0.004040773492306471,0.066
EOF3,-8.5,33.5,-0.0033626738004386425,0.066
EOF3,-8.5,34.0,-0.0030714997556060553,0.066
EOF3,-8.5,34.5,-0.003116352716460824,0.066
EOF3,-8.0,0.5,-0.014040999114513397,0.066
EOF3,-8.0,1.0,-0.013868515379726887,0.066
EOF3,-8.0,1.5,-0.013576220721006393,0.066
EOF3,-8.0,2.0,-0.013549304567277431,0.066
EOF3,-8.0,2.5,-0.01436140388250351,0.066
EOF3,-8.0,3.0,-0.01508802454918623,0.066
EOF3,-8.0,3.5,-0.01579349860548973,0.066
EOF3,-8.0,4.0,-0.01636907085776329,0.066
EOF3,-8.0,4.5,-0.016815563663840294,0.066
EOF3,-8.0,5.0,-0.017225494608283043,0.066
EOF3,-8.0,5.5,-0.017550451681017876,0.066
EOF3,-8.0,6.0,-0.017961008474230766,0.066
EOF3,-8.0,6.5,-0.0184409711509943,0.066
EOF3,-8.0,7.0,-0.01906200312077999,0.066
EOF3,-8.0,7.5,-0.019671618938446045,0.066
EOF3,-8.0,8.0,-0.019083593040704727,0.066
EOF3,-8.0,8.5,-0.018497344106435776,0.066
EOF3,-8.0,9.0,-0.017869723960757256,0.066
EOF3,-8.0,9.5,-0.01721896044909954,0.066
EOF3,-8.0,10.0,-0.01655660755932331,0.066
EOF3,-8.0,10.5,-0.016200482845306396,0.066
EOF3,-8.0,11.0,-0.015950560569763184,0.066
EOF3,-8.0,11.5,-0.015591861680150032,0.066
EOF3,-8.0,12.0,-0.015134005807340145,0.066
EOF3,-8.0,12.5,-0.014811351895332336,0.066
EOF3,-8.0,13.0,-0.014840752817690372,0.066
EOF3,-8.0,13.5,-0.012100499123334885,0.066
EOF3,-8.0,14.0,-0.008699964731931686,0.066
EOF3,-8.0,14.5,-0.004390734247863293,0.066
EOF3,-8.0,15.0,0.0008275100844912231,0.066
EOF3,-8.0,15.5,-4.759037256008014e-05,0.066
EOF3,-8.0,16.0,0.0006327587179839611,0.066
EOF3,-8.0,16.5,0.0027135207783430815,0.066
EOF3,-8.0,17.0,0.004435080103576183,0.066
EOF3,-8.0,17.5,0.0053783138282597065,0.066
EOF3,-8.0,18.0,0.006311378907412291,0.066
EOF3,-8.0,18.5,0.008533023297786713,0.066
EOF3,-8.0,19.0,0.009130082093179226,0.066
EOF3,-8.0,19.5,0.008133928291499615,0.066
EOF3,-8.0,20.0,0.0070796385407447815,0.066
EOF3,-8.0,20.5,0.0058687045238912106,0.066
EOF3,-8.0,21.0,0.006441329140216112,0.066
EOF3,-8.0,21.5,0.007361920550465584,0.066
EOF3,-8.0,22.0,0.007527502253651619,0.066
EOF3,-8.0,22.5,0.0077023012563586235,0.066
EOF3,-8.0,23.0,0.008867070078849792,0.066
EOF3,-8.0,23.5,0.010033013299107552,0.066
EOF3,-8.0,24.0,0.01008259505033493,0.066
EOF3,-8.0,24.5,0.010204690508544445,0.066
EOF3,-8.0,25.0,0.011635512113571167,0.066
EOF3,-8.0,25.5,0.013061437755823135,0.066
EOF3,-8.0,26.0,0.013598395511507988,0.066
EOF3,-8.0,26.5,0.013217332772910595,0.066
EOF3,-8.0,27.0,0.01188618689775467,0.066
EOF3,-8.0,27.5,0.010888881050050259,0.066
EOF3,-8.0,28.0,0.009887770749628544,0.066
EOF3,-8.0,28.5,0.007908672094345093,0.066
EOF3,-8.0,29.0,0.005506624933332205,0.066
EOF3,-8.0,29.5,0.003646022640168667,0.066
EOF3,-8.0,30.0,0.002446479396894574,0.066
EOF3,-8.0,30.5,0.0015386674785986543,0.066
EOF3,-8.0,31.0,0.000622832914814353,0.066
EOF3,-8.0,31.5,-0.0011287202360108495,0.066
EOF3,-8.0,32.0,-0.002819197718054056,0.066
EOF3,-8.0,32.5,-0.003372021485120058,0.066
EOF3,-8.0,33.0,-0.003926449920982122,0.066
EOF3,-8.0,33.5,-0.0032520578242838383,0.066
EOF3,-8.0,34.0,-0.002955854404717684,0.066
EOF3,-8.0,34.5,-0.0030734119936823845,0.066
EOF3,-7.5,0.5,-0.013696654699742794,0.066
EOF3,-7.5,1.0,-0.0134006692096591,0.066
EOF3,-7.5,1.5,-0.01310312282294035,0.066
EOF3,-7.5,2.0,-0.013056818395853043,0.066
EOF3,-7.5,2.5,-0.013767230324447155,0.066
EOF3,-7.5,3.0,-0.014469077810645103,0.066
EOF3,-7.5,3.5,-0.015171795152127743,0.066
EOF3,-7.5,4.0,-0.01574627310037613,0.066
EOF3,-7.5,4.5,-0.016193263232707977,0.066
EOF3,-7.5,5.0,-0.016634568572044373,0.066
EOF3,-7.5,5.5,-0.017074178904294968,0.066
EOF3,-7.5,6.0,-0.017659081146121025,0.066
EOF3,-7.5,6.5,-0.01827983185648918,0.066
EOF3,-7.5,7.0,-0.01889844983816147,0.066
EOF3,-7.5,7.5,-0.019510988146066666,0.066
EOF3,-7.5,8.0,-0.01892136223614216,0.066
EOF3,-7.5,8.5,-0.018339265137910843,0.066
EOF3,-7.5,9.0,-0.017754023894667625,0.066
EOF3,-7.5,9.5,-0.017261536791920662,0.066
EOF3,-7.5,10.0,-0.017006276175379753,0.066
EOF3,-7.5,10.5,-0.016750769689679146,0.066
EOF3,-7.5,11.0,-0.016503136605024338,0.066
EOF3,-7.5,11.5,-0.016136234626173973,0.066
EOF3,-7.5,12.0,-0.01567079685628414,0.066
EOF3,-7.5,12.5,-0.015218246728181839,0.066
EOF3,-7.5,13.0,-0.01478592585772276,0.066
EOF3,-7.5,13.5,-0.011979753151535988,0.066
EOF3,-7.5,14.0,-0.008642666973173618,0.066
EOF3,-7.5,14.5,-0.005565268453210592,0.066
EOF3,-7.5,15.0,-0.002720056800171733,0.066
EOF3,-7.5,15.5,-0.00040225835982710123,0.066
EOF3,-7.5,16.0,0.0017797388136386871,0.066
EOF3,-7.5,16.5,0.0038232305087149143,0.066
EOF3,-7.5,17.0,0.005509763490408659,0.066
EOF3,-7.5,17.5,0.006443941965699196,0.066
EOF3,-7.5,18.0,0.0073534585535526276,0.066
EOF3,-7.5,18.5,0.008243981748819351,0.066
EOF3,-7.5,19.0,0.008183489553630352,0.066
EOF3,-7.5,19.5,0.007182235363870859,0.066
EOF3,-7.5,20.0,0.006182166747748852,0.066
EOF3,-7.5,20.5,0.005179231986403465,0.066
EOF3,-7.5,21.0,0.005048672668635845,0.066
EOF3,-7.5,21.5,0.0052116671577095985,0.066
EOF3,-7.5,22.0,0.005373586900532246,0.066
EOF3,-7.5,22.5,0.00554047804325819,0.066
EOF3,-7.5,23.0,0.006729883141815662,0.066
EOF3,-7.5,23.5,0.007916096597909927,0.066
EOF3,-7.5,24.0,0.009091079235076904,0.066
EOF3,-7.5,24.5,0.010317770764231682,0.066
EOF3,-7.5,25.0,0.011758308857679367,0.066
EOF3,-7.5,25.5,0.013197547756135464,0.066
EOF3,-7.5,26.0,0.014632937498390675,0.066
EOF3,-7.5,26.5,0.014872352592647076,0.066
EOF3,-7.5,27.0,0.013921098783612251,0.066
EOF3,-7.5,27.5,0.012956419959664345,0.066
EOF3,-7.5,28.0,0.011991377919912338,0.066
EOF3,-7.5,28.5,0.010103901848196983,0.066
EOF3,-7.5,29.0,0.007804024498909712,0.066
EOF3,-7.5,29.5,0.005388148594647646,0.066
EOF3,-7.5,30.0,0.002865270711481571,0.066
EOF3,-7.5,30.5,0.0019338750280439854,0.066
EOF3,-7.5,31.0,0.000993553432635963,0.066
EOF3,-7.5,31.5,3.638884663814679e-05,0.066
EOF3,-7.5,32.0,-0.0008260546601377428,0.066
EOF3,-7.5,32.5,-0.0013760627480223775,0.066
EOF3,-7.5,33.0,-0.0019327951595187187,0.066
EOF3,-7.5,33.5,-0.0025057767052203417,0.066
EOF3,-7.5,34.0,-0.0028471287805587053,0.066
EOF3,-7.5,34.5,-0.0029613508377224207,0.066
EOF3,-7.0,0.5,-0.013020019978284836,0.066
EOF3,-7.0,1.0,-0.012732872739434242,0.066
EOF3,-7.0,1.5,-0.012622666545212269,0.066
EOF3,-7.0,2.0,-0.012778908014297485,0.066
EOF3,-7.0,2.5,-0.013480916619300842,0.066
EOF3,-7.0,3.0,-0.014181687496602535,0.066
EOF3,-7.0,3.5,-0.014795809052884579,0.066
EOF3,-7.0,4.0,-0.015318651683628559,0.066
EOF3,-7.0,4.5,-0.015771163627505302,0.066
EOF3,-7.0,5.0,-0.016192546114325523,0.066
EOF3,-7.0,5.5,-0.01657797023653984,0.066
EOF3,-7.0,6.0,-0.017144834622740746,0.066
EOF3,-7.0,6.5,-0.017767291516065598,0.066
EOF3,-7.0,7.0,-0.018407192081212997,0.066
EOF3,-7.0,7.5,-0.01905212365090847,0.066
EOF3,-7.0,8.0,-0.018463807180523872,0.066
EOF3,-7.0,8.5,-0.017881279811263084,0.066
EOF3,-7.0,9.0,-0.017748836427927017,0.066
EOF3,-7.0,9.5,-0.0176777932792902,0.066
EOF3,-7.0,10.0,-0.017362277954816818,0.066
EOF3,-7.0,10.5,-0.0170957800000906,0.066
EOF3,-7.0,11.0,-0.016846224665641785,0.066
EOF3,-7.0,11.5,-0.01648223213851452,0.066
EOF3,-7.0,12.0,-0.01600142940878868,0.066
EOF3,-7.0,12.5,-0.015043658204376698,0.066
EOF3,-7.0,13.0,-0.012778880074620247,0.066
EOF3,-7.0,13.5,-0.00979249831289053,0.066
EOF3,-7.0,14.0,-0.006731153931468725,0.066
EOF3,-7.0,14.5,-0.004220797214657068,0.066
EOF3,-7.0,15.0,-0.0021279025822877884,0.066
EOF3,-7.0,15.5,-0.00014889924204908311,0.066
EOF3,-7.0,16.0,0.0018760928651317954,0.066
EOF3,-7.0,16.5,0.003912653774023056,0.066
EOF3,-7.0,17.0,0.0055954353883862495,0.066
EOF3,-7.0,17.5,0.006525966338813305,0.066
EOF3,-7.0,18.0,0.007421005051583052,0.066
EOF3,-7.0,18.5,0.0073484452441334724,0.066
EOF3,-7.0,19.0,0.006812348961830139,0.066
EOF3,-7.0,19.5,0.005807976704090834,0.066
EOF3,-7.0,20.0,0.004720940720289946,0.066
EOF3,-7.0,20.5,0.003391825594007969,0.066
EOF3,-7.0,21.0,0.0027910831850022078,0.066
EOF3,-7.0,21.5,0.002558576874434948,0.066
EOF3,-7.0,22.0,0.0027125852648168802,0.066
EOF3,-7.0,22.5,0.002870214870199561,0.066
EOF3,-7.0,23.0,0.004066437017172575,0.066
EOF3,-7.0,23.5,0.005260013975203037,0.066
EOF3,-7.0,24.0,0.006073666270822287,0.066
EOF3,-7.0,24.5,0.00724489800632,0.066
EOF3,-7.0,25.0,0.00983677338808775,0.066
EOF3,-7.0,25.5,0.011557379737496376,0.066
EOF3,-7.0,26.0,0.012999351136386395,0.066
EOF3,-7.0,26.5,0.013241185806691647,0.066
EOF3,-7.0,27.0,0.012280751019716263,0.066
EOF3,-7.0,27.5,0.011574486270546913,0.066
EOF3,-7.0,28.0,0.011654229834675789,0.066
EOF3,-7.0,28.5,0.010028665885329247,0.066
EOF3,-7.0,29.0,0.0077280341647565365,0.066
EOF3,-7.0,29.5,0.005954371299594641,0.066
EOF3,-7.0,30.0,0.004751458298414946,0.066
EOF3,-7.0,30.5,0.0032748824451118708,0.066
EOF3,-7.0,31.0,0.0020587826147675514,0.066
EOF3,-7.0,31.5,0.001124716829508543,0.066
EOF3,-7.0,32.0,0.00028093106811866164,0.066
EOF3,-7.0,32.5,-0.0002494111831765622,0.066
EOF3,-7.0,33.0,-0.0007929194252938032,0.066
EOF3,-7.0,33.5,-0.002306080423295498,0.066
EOF3,-7.0,34.0,-0.0031452870462089777,0.066
EOF3,-7.0,34.5,-0.0032604653388261795,0.066
EOF3,-6.5,0.5,-0.012421028688549995,0.066
EOF3,-6.5,1.0,-0.012383787892758846,0.066
EOF3,-6.5,1.5,-0.01234638411551714,0.066
EOF3,-6.5,2.0,-0.0124966474249959,0.066
EOF3,-6.5,2.5,-0.013154047541320324,0.066
EOF3,-6.5,3.0,-0.013763620518147945,0.066
EOF3,-6.5,3.5,-0.014372244477272034,0.066
EOF3,-6.5,4.0,-0.014895891770720482,0.066
EOF3,-6.5,4.5,-0.015302013605833054,0.066
EOF3,-6.5,5.0,-0.015683697536587715,0.066
EOF3,-6.5,5.5,-0.01606203056871891,0.066
EOF3,-6.5,6.0,-0.016635330393910408,0.066
EOF3,-6.5,6.5,-0.017290590330958366,0.066
EOF3,-6.5,7.0,-0.017947088927030563,0.066
EOF3,-6.5,7.5,-0.018584785982966423,0.066
EOF3,-6.5,8.0,-0.01815546676516533,0.066
EOF3,-6.5,8.5,-0.018174059689044952,0.066
EOF3,-6.5,9.0,-0.018192589282989502,0.066
EOF3,-6.5,9.5,-0.018116764724254608,0.066
EOF3,-6.5,10.0,-0.017797235399484634,0.066
EOF3,-6.5,10.5,-0.017484184354543686,0.066
EOF3,-6.5,11.0,-0.0171889066696167,0.066
EOF3,-6.5,11.5,-0.01681884191930294,0.066
EOF3,-6.5,12.0,-0.014817432500422001,0.066
EOF3,-6.5,12.5,-0.012561102397739887,0.066
EOF3,-6.5,13.0,-0.010555862449109554,0.066
EOF3,-6.5,13.5,-0.00784131046384573,0.066
EOF3,-6.5,14.0,-0.005690941587090492,0.066
EOF3,-6.5,14.5,-0.003597079776227474,0.066
EOF3,-6.5,15.0,-0.0015580151230096817,0.066
EOF3,-6.5,15.5,0.0003669104480650276,0.066
EOF3,-6.5,16.0,0.0022153209429234266,0.066
EOF3,-6.5,16.5,0.004001190420240164,0.066
EOF3,-6.5,17.0,0.005672081373631954,0.066
EOF3,-6.5,17.5,0.006101772654801607,0.066
EOF3,-6.5,18.0,0.006034432910382748,0.066
EOF3,-6.5,18.5,0.005962587893009186,0.066
EOF3,-6.5,19.0,0.005430230870842934,0.066
EOF3,-6.5,19.5,0.004178169183433056,0.066
EOF3,-6.5,20.0,0.0028561123181134462,0.066
EOF3,-6.5,20.5,0.0015387296443805099,0.066
EOF3,-6.5,21.0,0.0009390151826664805,0.066
EOF3,-6.5,21.5,0.0005725861992686987,0.066
EOF3,-6.5,22.0,0.0001995059137698263,0.066
EOF3,-6.5,22.5,0.00021963429753668606,0.066
EOF3,-6.5,23.0,0.0012919774744659662,0.066
EOF3,-6.5,23.5,0.001977677224203944,0.066
EOF3,-6.5,24.0,0.0026664126198738813,0.066
EOF3,-6.5,24.5,0.0038414120208472013,0.066
EOF3,-6.5,25.0,0.006462861318141222,0.066
EOF3,-6.5,25.5,0.009061865508556366,0.066
EOF3,-6.5,26.0,0.011354396119713783,0.066
EOF3,-6.5,26.5,0.011590217240154743,0.066
EOF3,-6.5,27.0,0.01140978280454874,0.066
EOF3,-6.5,27.5,0.011490914039313793,0.066
EOF3,-6.5,28.0,0.011571156792342663,0.066
EOF3,-6.5,28.5,0.009947982616722584,0.066
EOF3,-6.5,29.0,0.008856224827468395,0.066
EOF3,-6.5,29.5,0.007741774898022413,0.066
EOF3,-6.5,30.0,0.006587984971702099,0.066
EOF3,-6.5,30.5,0.005146620329469442,0.066
EOF3,-6.5,31.0,0.003677800763398409,0.066
EOF3,-6.5,31.5,0.0021858178079128265,0.066
EOF3,-6.5,32.0,0.0013625466963276267,0.066
EOF3,-6.5,32.5,0.0003959501045756042,0.066
EOF3,-6.5,33.0,-0.001070879166945815,0.066
EOF3,-6.5,33.5,-0.0026068608276546,0.066
EOF3,-6.5,34.0,-0.0034594389144331217,0.066
EOF3,-6.5,34.5,-0.0022860183380544186,0.066
EOF3,-6.0,0.5,-0.012500399723649025,0.066
EOF3,-6.0,1.0,-0.012462547980248928,0.066
EOF3,-6.0,1.5,-0.012431290000677109,0.066
EOF3,-6.0,2.0,-0.012501304037868977,0.066
EOF3,-6.0,2.5,-0.01300202589482069,0.066
EOF3,-6.0,3.0,-0.013616040349006653,0.066
EOF3,-6.0,3.5,-0.014219644479453564,0.066
EOF3,-6.0,4.0,-0.014615162275731564,0.066
EOF3,-6.0,4.5,-0.014956235885620117,0.066
EOF3,-6.0,5.0,-0.015343273058533669,0.066
EOF3,-6.0,5.5,-0.015720559284090996,0.066
EOF3,-6.0,6.0,-0.016310660168528557,0.066
EOF3,-6.0,6.5,-0.01696629449725151,0.066
EOF3,-6.0,7.0,-0.017622489482164383,0.066
EOF3,-6.0,7.5,-0.017852894961833954,0.066
EOF3,-6.0,8.0,-0.017900671809911728,0.066
EOF3,-6.0,8.5,-0.017919186502695084,0.066
EOF3,-6.0,9.0,-0.017937520518898964,0.066
EOF3,-6.0,9.5,-0.01789134554564953,0.066
EOF3,-6.0,10.0,-0.017609326168894768,0.066
EOF3,-6.0,10.5,-0.017296891659498215,0.066
EOF3,-6.0,11.0,-0.016988879069685936,0.066
EOF3,-6.0,11.5,-0.015541709028184414,0.066
EOF3,-6.0,12.0,-0.013191993348300457,0.066
EOF3,-6.0,12.5,-0.011099593713879585,0.066
EOF3,-6.0,13.0,-0.008132870309054852,0.066
EOF3,-6.0,13.5,-0.006402172613888979,0.066
EOF3,-6.0,14.0,-0.004319117870181799,0.066
EOF3,-6.0,14.5,-0.002282982924953103,0.066
EOF3,-6.0,15.0,-0.00030549915391020477,0.066
EOF3,-6.0,15.5,0.00096792884869501,0.066
EOF3,-6.0,16.0,0.0027869322802871466,0.066
EOF3,-6.0,16.5,0.004537657368928194,0.066
EOF3,-6.0,17.0,0.0057913074269890785,0.066
EOF3,-6.0,17.5,0.005721233785152435,0.066
EOF3,-6.0,18.0,0.005656482186168432,0.066
EOF3,-6.0,18.5,0.0054425946436822414,0.066
EOF3,-6.0,19.0,0.004446438048034906,0.066
EOF3,-6.0,19.5,0.003123103640973568,0.066
EOF3,-6.0,20.0,0.0018067710334435105,0.066
EOF3,-6.0,20.5,0.00011923704732907936,0.066
EOF3,-6.0,21.0,-0.0011147683253511786,0.066
EOF3,-6.0,21.5,-0.00149244733620435,0.066
EOF3,-6.0,22.0,-0.0018675780156627297,0.066
EOF3,-6.0,22.5,-0.0022403572220355272,0.066
EOF3,-6.0,23.0,-0.0015726478304713964,0.066
EOF3,-6.0,23.5,-0.0008953317883424461,0.066
EOF3,-6.0,24.0,-0.00020562658028211445,0.066
EOF3,-6.0,24.5,0.0017098495736718178,0.066
EOF3,-6.0,25.0,0.004347591195255518,0.066
EOF3,-6.0,25.5,0.006960634607821703,0.066
EOF3,-6.0,26.0,0.009637347422540188,0.066
EOF3,-6.0,26.5,0.011118869297206402,0.066
EOF3,-6.0,27.0,0.011190629564225674,0.066
EOF3,-6.0,27.5,0.011274526827037334,0.066
EOF3,-6.0,28.0,0.011358707211911678,0.066
EOF3,-6.0,28.5,0.010242205113172531,0.066
EOF3,-6.0,29.0,0.009173774160444736,0.066
EOF3,-6.0,29.5,0.008080611936748028,0.066
EOF3,-6.0,30.0,0.006957837846130133,0.066
EOF3,-6.0,30.5,0.005540698766708374,0.066
EOF3,-6.0,31.0,0.004103403072804213,0.066
EOF3,-6.0,31.5,0.002647628542035818,0.066
EOF3,-6.0,32.0,0.002176882466301322,0.066
EOF3,-6.0,32.5,0.000748585385736078,0.066
EOF3,-6.0,33.0,-0.0007212946657091379,0.066
EOF3,-6.0,33.5,-0.002253920305520296,0.066
EOF3,-6.0,34.0,-0.0022320132702589035,0.066
EOF3,-6.0,34.5,-0.0006403133156709373,0.066
EOF3,-5.5,0.5,-0.012606756761670113,0.066
EOF3,-5.5,1.0,-0.012839884497225285,0.066
EOF3,-5.5,1.5,-0.012871191836893559,0.066
EOF3,-5.5,2.0,-0.01293901726603508,0.066
EOF3,-5.5,2.5,-0.013330381363630295,0.066
EOF3,-5.5,3.0,-0.013730217702686787,0.066
EOF3,-5.5,3.5,-0.014329313300549984,0.066
EOF3,-5.5,4.0,-0.014732325449585915,0.066
EOF3,-5.5,4.5,-0.014924120157957077,0.066
EOF3,-5.5,5.0,-0.015163562260568142,0.066
EOF3,-5.5,5.5,-0.015542367473244667,0.066
EOF3,-5.5,6.0,-0.016132552176713943,0.066
EOF3,-5.5,6.5,-0.016646824777126312,0.066
EOF3,-5.5,7.0,-0.01674220897257328,0.066
EOF3,-5.5,7.5,-0.016840878874063492,0.066
EOF3,-5.5,8.0,-0.016900625079870224,0.066
EOF3,-5.5,8.5,-0.016968928277492523,0.066
EOF3,-5.5,9.0,-0.017000501975417137,0.066
EOF3,-5.5,9.5,-0.01695275492966175,0.066
EOF3,-5.5,10.0,-0.01672157272696495,0.066
EOF3,-5.5,10.5,-0.016494689509272575,0.066
EOF3,-5.5,11.0,-0.016195746138691902,0.066
EOF3,-5.5,11.5,-0.014787979423999786,0.066
EOF3,-5.5,12.0,-0.01246738713234663,0.066
EOF3,-5.5,12.5,-0.008090823888778687,0.066
EOF3,-5.5,13.0,-0.004154900088906288,0.066
EOF3,-5.5,13.5,-0.0025591261219233274,0.066
EOF3,-5.5,14.0,-0.001704871654510498,0.066
EOF3,-5.5,14.5,-0.00031469771056436,0.066
EOF3,-5.5,15.0,0.0016086981631815434,0.066
EOF3,-5.5,15.5,0.0026439502835273743,0.066
EOF3,-5.5,16.0,0.0036621398758143187,0.066
EOF3,-5.5,16.5,0.005205675959587097,0.066
EOF3,-5.5,17.0,0.006446179933845997,0.066
EOF3,-5.5,17.5,0.006374501623213291,0.066
EOF3,-5.5,18.0,0.005857749376446009,0.066
EOF3,-5.5,18.5,0.005192134995013475,0.066
EOF3,-5.5,19.0,0.004204657394438982,0.066
EOF3,-5.5,19.5,0.0028813332319259644,0.066
EOF3,-5.5,20.0,0.0008033625199459493,0.066
EOF3,-5.5,20.5,-0.0012685364345088601,0.066
EOF3,-5.5,21.0,-0.002502625109627843,0.066
EOF3,-5.5,21.5,-0.0034577467013150454,0.066
EOF3,-5.5,22.0,-0.004126348067075014,0.066
EOF3,-5.5,22.5,-0.004503181204199791,0.066
EOF3,-5.5,23.0,-0.003846072359010577,0.066
EOF3,-5.5,23.5,-0.0026929702144116163,0.066
EOF3,-5.5,24.0,-0.001035969820804894,0.066
EOF3,-5.5,24.5,0.000882946013007313,0.066
EOF3,-5.5,25.0,0.00352285522967577,0.066
EOF3,-5.5,25.5,0.006379489786922932,0.066
EOF3,-5.5,26.0,0.009313536807894707,0.066
EOF3,-5.5,26.5,0.01079983077943325,0.066
EOF3,-5.5,27.0,0.010851155035197735,0.066
EOF3,-5.5,27.5,0.010912471450865269,0.066
EOF3,-5.5,28.0,0.010994898155331612,0.066
EOF3,-5.5,28.5,0.009855853393673897,0.066
EOF3,-5.5,29.0,0.008340314961969852,0.066
EOF3,-5.5,29.5,0.007050792220979929,0.066
EOF3,-5.5,30.0,0.005929503124207258,0.066
EOF3,-5.5,30.5,0.004532127175480127,0.066
EOF3,-5.5,31.0,0.0037799235433340073,0.066
EOF3,-5.5,31.5,0.0036769576836377382,0.066
EOF3,-5.5,32.0,0.0032429604325443506,0.066
EOF3,-5.5,32.5,0.001789625734090805,0.066
EOF3,-5.5,33.0,0.00028522597858682275,0.066
EOF3,-5.5,33.5,-0.001236222218722105,0.066
EOF3,-5.5,34.0,-0.0012108503142371774,0.066
EOF3,-5.5,34.5,0.00036523828748613596,0.066
EOF3,-5.0,0.5,-0.012651479803025723,0.066
EOF3,-5.0,1.0,-0.012882711365818977,0.066
EOF3,-5.0,1.5,-0.013110414147377014,0.066
EOF3,-5.0,2.0,-0.013376861810684204,0.066
EOF3,-5.0,2.5,-0.013765348121523857,0.066
EOF3,-5.0,3.0,-0.014160106889903545,0.066
EOF3,-5.0,3.5,-0.01454939879477024,0.066
EOF3,-5.0,4.0,-0.01484798826277256,0.066
EOF3,-5.0,4.5,-0.015036934055387974,0.066
EOF3,-5.0,5.0,-0.015226044692099094,0.066
EOF3,-5.0,5.5,-0.015413444489240646,0.066
EOF3,-5.0,6.0,-0.015538310632109642,0.066
EOF3,-5.0,6.5,-0.015639355406165123,0.066
EOF3,-5.0,7.0,-0.015737341716885567,0.066
EOF3,-5.0,7.5,-0.015829410403966904,0.066
EOF3,-5.0,8.0,-0.015901120379567146,0.066
EOF3,-5.0,8.5,-0.015968112275004387,0.066
EOF3,-5.0,9.0,-0.016033481806516647,0.066
EOF3,-5.0,9.5,-0.016028881072998047,0.066
EOF3,-5.0,10.0,-0.015810199081897736,0.066
EOF3,-5.0,10.5,-0.015589302405714989,0.066
EOF3,-5.0,11.0,-0.015369878150522709,0.066
EOF3,-5.0,11.5,-0.012707442976534367,0.066
EOF3,-5.0,12.0,-0.008035625331103802,0.066
EOF3,-5.0,12.5,-0.0038644021842628717,0.066
EOF3,-5.0,13.0,-0.00013301758735906333,0.066
EOF3,-5.0,13.5,0.0013341010781005025,0.066
EOF3,-5.0,14.0,0.0020812724251300097,0.066
EOF3,-5.0,14.5,0.0027894109953194857,0.066
EOF3,-5.0,15.0,0.0034629188012331724,0.066
EOF3,-5.0,15.5,0.004461872857064009,0.066
EOF3,-5.0,16.0,0.005440602079033852,0.066
EOF3,-5.0,16.5,0.006405828520655632,0.066
EOF3,-5.0,17.0,0.0069397310726344585,0.066
EOF3,-5.0,17.5,0.0062646521255373955,0.066
EOF3,-5.0,18.0,0.00559507729485631,0.066
EOF3,-5.0,18.5,0.004942288622260094,0.066
EOF3,-5.0,19.0,0.003575106617063284,0.066
EOF3,-5.0,19.5,0.0014888502191752195,0.066
EOF3,-5.0,20.0,-0.0005886749131605029,0.066
EOF3,-5.0,20.5,-0.00265783304348588,0.066
EOF3,-5.0,21.0,-0.0038793860003352165,0.066
EOF3,-5.0,21.5,-0.004836320877075195,0.066
EOF3,-5.0,22.0,-0.005786699242889881,0.066
EOF3,-5.0,22.5,-0.006727122236043215,0.066
EOF3,-5.0,23.0,-0.005137438885867596,0.066
EOF3,-5.0,23.5,-0.0035101191606372595,0.066
EOF3,-5.0,24.0,-0.0018526095664128661,0.066
EOF3,-5.0,24.5,0.00013633145135827363,0.066
EOF3,-5.0,25.0,0.0030931688379496336,0.066
EOF3,-5.0,25.5,0.006041845306754112,0.066
EOF3,-5.0,26.0,0.008983409963548183,0.066
EOF3,-5.0,26.5,0.010473006404936314,0.066
EOF3,-5.0,27.0,0.010520636104047298,0.066
EOF3,-5.0,27.5,0.010568160563707352,0.066
EOF3,-5.0,28.0,0.01062143687158823,0.066
EOF3,-5.0,28.5,0.009458769112825394,0.066
EOF3,-5.0,29.0,0.007912486791610718,0.066
EOF3,-5.0,29.5,0.006405401509255171,0.066
EOF3,-5.0,30.0,0.004940416663885117,0.066
EOF3,-5.0,30.5,0.004864915739744902,0.066
EOF3,-5.0,31.0,0.0048024579882621765,0.066
EOF3,-5.0,31.5,0.004729943815618753,0.066
EOF3,-5.0,32.0,0.004322323016822338,0.066
EOF3,-5.0,32.5,0.0028663144912570715,0.066
EOF3,-5.0,33.0,0.001363949617370963,0.066
EOF3,-5.0,33.5,-0.0001952299353433773,0.066
EOF3,-5.0,34.0,-0.0009962526382878423,0.066
EOF3,-5.0,34.5,-0.0010294833919033408,0.066
EOF3,-4.5,0.5,-0.013662255369126797,0.066
EOF3,-4.5,1.0,-0.01389320008456707,0.066
EOF3,-4.5,1.5,-0.014164349064230919,0.066
EOF3,-4.5,2.0,-0.014435256831347942,0.066
EOF3,-4.5,2.5,-0.014681300148367882,0.066
EOF3,-4.5,3.0,-0.015042332001030445,0.066
EOF3,-4.5,3.5,-0.015429415740072727,0.066
EOF3,-4.5,4.0,-0.01572251319885254,0.066
EOF3,-4.5,4.5,-0.01590346358716488,0.066
EOF3,-4.5,5.0,-0.016022685915231705,0.066
EOF3,-4.5,5.5,-0.01592080295085907,0.066
EOF3,-4.5,6.0,-0.01599639095366001,0.066
EOF3,-4.5,6.5,-0.016126254573464394,0.066
EOF3,-4.5,7.0,-0.01621987856924534,0.066
EOF3,-4.5,7.5,-0.016314761713147163,0.066
EOF3,-4.5,8.0,-0.01638789102435112,0.066
EOF3,-4.5,8.5,-0.01645311713218689,0.066
EOF3,-4.5,9.0,-0.016092590987682343,0.066
EOF3,-4.5,9.5,-0.015665194019675255,0.066
EOF3,-4.5,10.0,-0.015444454737007618,0.066
EOF3,-4.5,10.5,-0.015213184989988804,0.066
EOF3,-4.5,11.0,-0.012452595867216587,0.066
EOF3,-4.5,11.5,-0.008698279038071632,0.066
EOF3,-4.5,12.0,-0.004205495584756136,0.066
EOF3,-4.5,12.5,-0.00037556563620455563,0.066
EOF3,-4.5,13.0,0.0030651609413325787,0.066
EOF3,-4.5,13.5,0.004376732744276524,0.066
EOF3,-4.5,14.0,0.005017601419240236,0.066
EOF3,-4.5,14.5,0.0050932373851537704,0.066
EOF3,-4.5,15.0,0.004641227424144745,0.066
EOF3,-4.5,15.5,0.005626854486763477,0.066
EOF3,-4.5,16.0,0.006600315682590008,0.066
EOF3,-4.5,16.5,0.006773417349904776,0.066
EOF3,-4.5,17.0,0.006284589879214764,0.066
EOF3,-4.5,17.5,0.004625177942216396,0.066
EOF3,-4.5,18.0,0.003729234216734767,0.066
EOF3,-4.5,18.5,0.0030866460874676704,0.066
EOF3,-4.5,19.0,0.001725325477309525,0.066
EOF3,-4.5,19.5,-0.00036011781776323915,0.066
EOF3,-4.5,20.0,-0.002020773943513632,0.066
EOF3,-4.5,20.5,-0.0024059396237134933,0.066
EOF3,-4.5,21.0,-0.0032215674873441458,0.066
EOF3,-4.5,21.5,-0.004178502131253481,0.066
EOF3,-4.5,22.0,-0.0051141539588570595,0.066
EOF3,-4.5,22.5,-0.0060093095526099205,0.066
EOF3,-4.5,23.0,-0.0050680628046393394,0.066
EOF3,-4.5,23.5,-0.0037722825072705746,0.066
EOF3,-4.5,24.0,-0.002120154444128275,0.066
EOF3,-4.5,24.5,-0.00012047777272528037,0.066
EOF3,-4.5,25.0,0.0028424279298633337,0.066
EOF3,-4.5,25.5,0.005797942169010639,0.066
EOF3,-4.5,26.0,0.007406226359307766,0.066
EOF3,-4.5,26.5,0.008456945419311523,0.066
EOF3,-4.5,27.0,0.008961983025074005,0.066
EOF3,-4.5,27.5,0.008993430063128471,0.066
EOF3,-4.5,28.0,0.00902092270553112,0.066
EOF3,-4.5,28.5,0.007864929735660553,0.066
EOF3,-4.5,29.0,0.006344595458358526,0.066
EOF3,-4.5,29.5,0.004877288825809956,0.066
EOF3,-4.5,30.0,0.0034687474835664034,0.066
EOF3,-4.5,30.5,0.0033585350029170513,0.066
EOF3,-4.5,31.0,0.0032479558140039444,0.066
EOF3,-4.5,31.5,0.003489978378638625,0.066
EOF3,-4.5,32.0,0.0033658782485872507,0.066
EOF3,-4.5,32.5,0.0017445834819227457,0.066
EOF3,-4.5,33.0,0.00020479329396039248,0.066
EOF3,-4.5,33.5,-0.0013377765426412225,0.066
EOF3,-4.5,34.0,-0.001985619543120265,0.066
EOF3,-4.5,34.5,-0.0017071454785764217,0.066
EOF3,-4.0,0.5,-0.014681360684335232,0.066
EOF3,-4.0,1.0,-0.014966722577810287,0.066
EOF3,-4.0,1.5,-0.015246723778545856,0.066
EOF3,-4.0,2.0,-0.015524941496551037,0.066
EOF3,-4.0,2.5,-0.01576858200132847,0.066
EOF3,-4.0,3.0,-0.016018792986869812,0.066
EOF3,-4.0,3.5,-0.016302578151226044,0.066
EOF3,-4.0,4.0,-0.0165909044444561,0.066
EOF3,-4.0,4.5,-0.016560005024075508,0.066
EOF3,-4.0,5.0,-0.016460411250591278,0.066
EOF3,-4.0,5.5,-0.016359271481633186,0.066
EOF3,-4.0,6.0,-0.01643374189734459,0.066
EOF3,-4.0,6.5,-0.016567956656217575,0.066
EOF3,-4.0,7.0,-0.01669728010892868,0.066
EOF3,-4.0,7.5,-0.01679954305291176,0.066
EOF3,-4.0,8.0,-0.01672266609966755,0.066
EOF3,-4.0,8.5,-0.01622244529426098,0.066
EOF3,-4.0,9.0,-0.01572548970580101,0.066
EOF3,-4.0,9.5,-0.015303706750273705,0.066
EOF3,-4.0,10.0,-0.013765901327133179,0.066
EOF3,-4.0,10.5,-0.011061842553317547,0.066
EOF3,-4.0,11.0,-0.008539190515875816,0.066
EOF3,-4.0,11.5,-0.005106773693114519,0.066
EOF3,-4.0,12.0,-0.0009676732588559389,0.066
EOF3,-4.0,12.5,0.0027739275246858597,0.066
EOF3,-4.0,13.0,0.006059681996703148,0.066
EOF3,-4.0,13.5,0.007233613170683384,0.066
EOF3,-4.0,14.0,0.006753582041710615,0.066
EOF3,-4.0,14.5,0.006283905822783709,0.066
EOF3,-4.0,15.0,0.005824329797178507,0.066
EOF3,-4.0,15.5,0.006532606668770313,0.066
EOF3,-4.0,16.0,0.00644485792145133,0.066
EOF3,-4.0,16.5,0.006356305908411741,0.066
EOF3,-4.0,17.0,0.005871555767953396,0.066
EOF3,-4.0,17.5,0.00421132193878293,0.066
EOF3,-4.0,18.0,0.002578181680291891,0.066
EOF3,-4.0,18.5,0.0012210749555379152,0.066
EOF3,-4.0,19.0,-0.00013531740114558488,0.066
EOF3,-4.0,19.5,-0.0009506602073088288,0.066
EOF3,-4.0,20.0,-0.0013354264665395021,0.066
EOF3,-4.0,20.5,-0.0017268933588638902,0.066
EOF3,-4.0,21.0,-0.002545406110584736,0.066
EOF3,-4.0,21.5,-0.0034571706783026457,0.066
EOF3,-4.0,22.0,-0.00436300178989768,0.066
EOF3,-4.0,22.5,-0.005265244282782078,0.066
EOF3,-4.0,23.0,-0.004316621460020542,0.066
EOF3,-4.0,23.5,-0.003352553816512227,0.066
EOF3,-4.0,24.0,-0.0023797452449798584,0.066
EOF3,-4.0,24.5,-0.00038283795583993196,0.066
EOF3,-4.0,25.0,0.0019052240531891584,0.066
EOF3,-4.0,25.5,0.003508566413074732,0.066
EOF3,-4.0,26.0,0.005114180501550436,0.066
EOF3,-4.0,26.5,0.006165985018014908,0.066
EOF3,-4.0,27.0,0.006664857268333435,0.066
EOF3,-4.0,27.5,0.007165234070271254,0.066
EOF3,-4.0,28.0,0.007420070935040712,0.066
EOF3,-4.0,28.5,0.006273492705076933,0.066
EOF3,-4.0,29.0,0.0048140063881874084,0.066
EOF3,-4.0,29.5,0.0033822148106992245,0.066
EOF3,-4.0,30.0,0.0019856696017086506,0.066
EOF3,-4.0,30.5,0.0019505430245772004,0.066
EOF3,-4.0,31.0,0.0022697087842971087,0.066
EOF3,-4.0,31.5,0.0026093681808561087,0.066
EOF3,-4.0,32.0,0.0024706805124878883,0.066
EOF3,-4.0,32.5,0.0008482224657200277,0.066
EOF3,-4.0,33.0,-0.0007936927722766995,0.066
EOF3,-4.0,33.5,-0.0024301556404680014,0.066
EOF3,-4.0,34.0,-0.0030793400947004557,0.066
EOF3,-4.0,34.5,-0.002803778275847435,0.066
EOF3,-3.5,0.5,-0.015577058307826519,0.066
EOF3,-3.5,1.0,-0.015867413952946663,0.066
EOF3,-3.5,1.5,-0.016145728528499603,0.066
EOF3,-3.5,2.0,-0.016330918297171593,0.066
EOF3,-3.5,2.5,-0.016293959692120552,0.066
EOF3,-3.5,3.0,-0.016541296616196632,0.066
EOF3,-3.5,3.5,-0.016787046566605568,0.066
EOF3,-3.5,4.0,-0.01686086505651474,0.066
EOF3,-3.5,4.5,-0.01676132157444954,0.066
EOF3,-3.5,5.0,-0.01665451005101204,0.066
EOF3,-3.5,5.5,-0.01642567105591297,0.066
EOF3,-3.5,6.0,-0.016439108178019524,0.066
EOF3,-3.5,6.5,-0.016570091247558594,0.066
EOF3,-3.5,7.0,-0.016702251508831978,0.066
EOF3,-3.5,7.5,-0.016620565205812454,0.066
EOF3,-3.5,8.0,-0.01612507924437523,0.066
EOF3,-3.5,8.5,-0.01562819816172123,0.066
EOF3,-3.5,9.0,-0.015126507729291916,0.066
EOF3,-3.5,9.5,-0.012694589793682098,0.066
EOF3,-3.5,10.0,-0.009347123093903065,0.066
EOF3,-3.5,10.5,-0.006937223952263594,0.066
EOF3,-3.5,11.0,-0.0046811457723379135,0.066
EOF3,-3.5,11.5,-0.0015712943859398365,0.066
EOF3,-3.5,12.0,0.002195576671510935,0.066
EOF3,-3.5,12.5,0.005619721487164497,0.066
EOF3,-3.5,13.0,0.007853083312511444,0.066
EOF3,-3.5,13.5,0.007840510457754135,0.066
EOF3,-3.5,14.0,0.007351891603320837,0.066
EOF3,-3.5,14.5,0.006877535954117775,0.066
EOF3,-3.5,15.0,0.00639887060970068,0.066
EOF3,-3.5,15.5,0.005559817422181368,0.066
EOF3,-3.5,16.0,0.005475684069097042,0.066
EOF3,-3.5,16.5,0.005398231092840433,0.066
EOF3,-3.5,17.0,0.004920513369143009,0.066
EOF3,-3.5,17.5,0.0032649445347487926,0.066
EOF3,-3.5,18.0,0.001637110486626625,0.066
EOF3,-3.5,18.5,0.00019908507238142192,0.066
EOF3,-3.5,19.0,-0.0004010368138551712,0.066
EOF3,-3.5,19.5,-0.0007672289502806962,0.066
EOF3,-3.5,20.0,-0.0011594878742471337,0.066
EOF3,-3.5,20.5,-0.0015507795615121722,0.066
EOF3,-3.5,21.0,-0.0017112900968641043,0.066
EOF3,-3.5,21.5,-0.002627275651320815,0.066
EOF3,-3.5,22.0,-0.003547370433807373,0.066
EOF3,-3.5,22.5,-0.004452327731996775,0.066
EOF3,-3.5,23.0,-0.003489753697067499,0.066
EOF3,-3.5,23.5,-0.0025149129796773195,0.066
EOF3,-3.5,24.0,-0.0015322831459343433,0.066
EOF3,-3.5,24.5,-0.0008284319192171097,0.066
EOF3,-3.5,25.0,0.0007734409300610423,0.066
EOF3,-3.5,25.5,0.002386721083894372,0.066
EOF3,-3.5,26.0,0.0038924661930650473,0.066
EOF3,-3.5,26.5,0.00471572857350111,0.066
EOF3,-3.5,27.0,0.0051992107182741165,0.066
EOF3,-3.5,27.5,0.005693023558706045,0.066
EOF3,-3.5,28.0,0.006032997742295265,0.066
EOF3,-3.5,28.5,0.006085599306970835,0.066
EOF3,-3.5,29.0,0.004632210358977318,0.066
EOF3,-3.5,29.5,0.0031988685950636864,0.066
EOF3,-3.5,30.0,0.0017975855153054,0.066
EOF3,-3.5,30.5,0.002101633697748184,0.066
EOF3,-3.5,31.0,0.0024246517568826675,0.066
EOF3,-3.5,31.5,0.0027684399392455816,0.066
EOF3,-3.5,32.0,0.002471270738169551,0.066
EOF3,-3.5,32.5,0.0008668199297972023,0.066
EOF3,-3.5,33.0,-0.0007668113685213029,0.066
EOF3,-3.5,33.5,-0.002344177570194006,0.066
EOF3,-3.5,34.0,-0.002886990550905466,0.066
EOF3,-3.5,34.5,-0.002613416872918606,0.066
EOF3,-3.0,0.5,-0.01628844626247883,0.066
EOF3,-3.0,1.0,-0.016602780669927597,0.066
EOF3,-3.0,1.5,-0.016961416229605675,0.066
EOF3,-3.0,2.0,-0.017141016200184822,0.066
EOF3,-3.0,2.5,-0.016822200268507004,0.066
EOF3,-3.0,3.0,-0.01650421880185604,0.066
EOF3,-3.0,3.5,-0.016746439039707184,0.066
EOF3,-3.0,4.0,-0.016821537166833878,0.066
EOF3,-3.0,4.5,-0.016719911247491837,0.066
EOF3,-3.0,5.0,-0.016361353918910027,0.066
EOF3,-3.0,5.5,-0.01601262204349041,0.066
EOF3,-3.0,6.0,-0.01601722277700901,0.066
EOF3,-3.0,6.5,-0.016086315736174583,0.066
EOF3,-3.0,7.0,-0.01594035141170025,0.066
EOF3,-3.0,7.5,-0.015796400606632233,0.066
EOF3,-3.0,8.0,-0.015301798470318317,0.066
EOF3,-3.0,8.5,-0.014157019555568695,0.066
EOF3,-3.0,9.0,-0.012391922064125538,0.066
EOF3,-3.0,9.5,-0.010090067982673645,0.066
EOF3,-3.0,10.0,-0.006327413488179445,0.066
EOF3,-3.0,10.5,-0.0029968046583235264,0.066
EOF3,-3.0,11.0,-0.0009858873672783375,0.066
EOF3,-3.0,11.5,0.001796659897081554,0.066
EOF3,-3.0,12.0,0.0051959361881017685,0.066
EOF3,-3.0,12.5,0.006504394579678774,0.066
EOF3,-3.0,13.0,0.007778977043926716,0.066
EOF3,-3.0,13.5,0.007766054477542639,0.066
EOF3,-3.0,14.0,0.00732452655211091,0.066
EOF3,-3.0,14.5,0.006859226152300835,0.066
EOF3,-3.0,15.0,0.00638297013938427,0.066
EOF3,-3.0,15.5,0.00527806906029582,0.066
EOF3,-3.0,16.0,0.004203762859106064,0.066
EOF3,-3.0,16.5,0.0038919777143746614,0.066
EOF3,-3.0,17.0,0.003428558586165309,0.066
EOF3,-3.0,17.5,0.001779631245881319,0.066
EOF3,-3.0,18.0,0.0006610591080971062,0.066
EOF3,-3.0,18.5,-0.00027556662098504603,0.066
EOF3,-3.0,19.0,-0.000881767540704459,0.066
EOF3,-3.0,19.5,-0.0011700595496222377,0.066
EOF3,-3.0,20.0,-0.001491168630309403,0.066
EOF3,-3.0,20.5,-0.0018845790764316916,0.066
EOF3,-3.0,21.0,-0.002047391841188073,0.066
EOF3,-3.0,21.5,-0.0021294972393661737,0.066
EOF3,-3.0,22.0,-0.0026397118344902992,0.066
EOF3,-3.0,22.5,-0.0035569574683904648,0.066
EOF3,-3.0,23.0,-0.0025803763419389725,0.066
EOF3,-3.0,23.5,-0.0018837382085621357,0.066
EOF3,-3.0,24.0,-0.001479985541664064,0.066
EOF3,-3.0,24.5,-0.0007738045533187687,0.066
EOF3,-3.0,25.0,0.0008479825919494033,0.066
EOF3,-3.0,25.5,0.0021271174773573875,0.066
EOF3,-3.0,26.0,0.0032895461190491915,0.066
EOF3,-3.0,26.5,0.004116484895348549,0.066
EOF3,-3.0,27.0,0.004598969127982855,0.066
EOF3,-3.0,27.5,0.0047848946414887905,0.066
EOF3,-3.0,28.0,0.0049663991667330265,0.066
EOF3,-3.0,28.5,0.005027425475418568,0.066
EOF3,-3.0,29.0,0.005050995387136936,0.066
EOF3,-3.0,29.5,0.004332221113145351,0.066
EOF3,-3.0,30.0,0.002911960706114769,0.066
EOF3,-3.0,30.5,0.00324276858009398,0.066
EOF3,-3.0,31.0,0.0034923171624541283,0.066
EOF3,-3.0,31.5,0.003641437739133835,0.066
EOF3,-3.0,32.0,0.003362756222486496,0.066
EOF3,-3.0,32.5,0.0017730549443513155,0.066
EOF3,-3.0,33.0,0.0003811181231867522,0.066
EOF3,-3.0,33.5,-0.0009414833039045334,0.066
EOF3,-3.0,34.0,-0.0014758764300495386,0.066
EOF3,-3.0,34.5,-0.001218505552969873,0.066
EOF3,-2.5,0.5,-0.017052482813596725,0.066
EOF3,-2.5,1.0,-0.017400680109858513,0.066
EOF3,-2.5,1.5,-0.017752038314938545,0.066
EOF3,-2.5,2.0,-0.01793377846479416,0.066
EOF3,-2.5,2.5,-0.01761535368859768,0.066
EOF3,-2.5,3.0,-0.017299257218837738,0.066
EOF3,-2.5,3.5,-0.01698409952223301,0.066
EOF3,-2.5,4.0,-0.016651343554258347,0.066
EOF3,-2.5,4.5,-0.01629221998155117,0.066
EOF3,-2.5,5.0,-0.015941498801112175,0.066
EOF3,-2.5,5.5,-0.01559288240969181,0.066
EOF3,-2.5,6.0,-0.015395794063806534,0.066
EOF3,-2.5,6.5,-0.015255417674779892,0.066
EOF3,-2.5,7.0,-0.01511567272245884,0.066
EOF3,-2.5,7.5,-0.014973580837249756,0.066
EOF3,-2.5,8.0,-0.013199318200349808,0.066
EOF3,-2.5,8.5,-0.011476133950054646,0.066
EOF3,-2.5,9.0,-0.009795975871384144,0.066
EOF3,-2.5,9.5,-0.007622583769261837,0.066
EOF3,-2.5,10.0,-0.004088793881237507,0.066
EOF3,-2.5,10.5,-0.0009502822649665177,0.066
EOF3,-2.5,11.0,0.0018476929981261492,0.066
EOF3,-2.5,11.5,0.003805718384683132,0.066
EOF3,-2.5,12.0,0.005130252800881863,0.066
EOF3,-2.5,12.5,0.0064284587278962135,0.066
EOF3,-2.5,13.0,0.00769607862457633,0.066
EOF3,-2.5,13.5,0.0076843444257974625,0.066
EOF3,-2.5,14.0,0.007242654450237751,0.066
EOF3,-2.5,14.5,0.006802795454859734,0.066
EOF3,-2.5,15.0,0.0063557252287864685,0.066
EOF3,-2.5,15.5,0.00524580292403698,0.066
EOF3,-2.5,16.0,0.0041626389138400555,0.066
EOF3,-2.5,16.5,0.0031080790795385838,0.066
EOF3,-2.5,17.0,0.002099260687828064,0.066
EOF3,-2.5,17.5,0.0011338418116793036,0.066
EOF3,-2.5,18.0,0.00018283624376635998,0.066
EOF3,-2.5,18.5,-0.0007542531820945442,0.066
EOF3,-2.5,19.0,-0.001370154321193695,0.066
EOF3,-2.5,19.5,-0.0016642381669953465,0.066
EOF3,-2.5,20.0,-0.00196001841686666,0.066
EOF3,-2.5,20.5,-0.00225415569730103,0.066
EOF3,-2.5,21.0,-0.002397842239588499,0.066
EOF3,-2.5,21.5,-0.0024788782466202974,0.066
EOF3,-2.5,22.0,-0.002562636975198984,0.066
EOF3,-2.5,22.5,-0.002649756148457527,0.066
EOF3,-2.5,23.0,-0.0022449209354817867,0.066
EOF3,-2.5,23.5,-0.0018397527746856213,0.066
EOF3,-2.5,24.0,-0.0014337775064632297,0.066
EOF3,-2.5,24.5,-0.0008330497075803578,0.066
EOF3,-2.5,25.0,0.0003352951898705214,0.066
EOF3,-2.5,25.5,0.0015033661620691419,0.066
EOF3,-2.5,26.0,0.002677211770787835,0.066
EOF3,-2.5,26.5,0.003360406495630741,0.066
EOF3,-2.5,27.0,0.0035427373368293047,0.066
EOF3,-2.5,27.5,0.003725249320268631,0.066
EOF3,-2.5,28.0,0.003907589241862297,0.066
EOF3,-2.5,28.5,0.003968813922256231,0.066
EOF3,-2.5,29.0,0.003992097917944193,0.066
EOF3,-2.5,29.5,0.00401659682393074,0.066
EOF3,-2.5,30.0,0.004034968558698893,0.066
EOF3,-2.5,30.5,0.0041843606159091,0.066
EOF3,-2.5,31.0,0.004341624677181244,0.066
EOF3,-2.5,31.5,0.004501688294112682,0.066
EOF3,-2.5,32.0,0.004299947526305914,0.066
EOF3,-2.5,32.5,0.0030085244216024876,0.066
EOF3,-2.5,33.0,0.0017114345682784915,0.066
EOF3,-2.5,33.5,0.00040563681977801025,0.066
EOF3,-2.5,34.0,-0.0005990443169139326,0.066
EOF3,-2.5,34.5,-0.001353139872662723,0.066
EOF3,-2.0,0.5,-0.01689864508807659,0.066
EOF3,-2.0,1.0,-0.017250357195734978,0.066
EOF3,-2.0,1.5,-0.017350707203149796,0.066
EOF3,-2.0,2.0,-0.017242182046175003,0.066
EOF3,-2.0,2.5,-0.01672506518661976,0.066
EOF3,-2.0,3.0,-0.016370292752981186,0.066
EOF3,-2.0,3.5,-0.01605033688247204,0.066
EOF3,-2.0,4.0,-0.015715526416897774,0.066
EOF3,-2.0,4.5,-0.015359142795205116,0.066
EOF3,-2.0,5.0,-0.014947743155062199,0.066
EOF3,-2.0,5.5,-0.014344663359224796,0.066
EOF3,-2.0,6.0,-0.013912219554185867,0.066
EOF3,-2.0,6.5,-0.01360337808728218,0.066
EOF3,-2.0,7.0,-0.013472145423293114,0.066
EOF3,-2.0,7.5,-0.013331390917301178,0.066
EOF3,-2.0,8.0,-0.010360375978052616,0.066
EOF3,-2.0,8.5,-0.008098311722278595,0.066
EOF3,-2.0,9.0,-0.006488491781055927,0.066
EOF3,-2.0,9.5,-0.004414075054228306,0.066
EOF3,-2.0,10.0,-0.001103737042285502,0.066
EOF3,-2.0,10.5,0.001834376947954297,0.066
EOF3,-2.0,11.0,0.0038907190319150686,0.066
EOF3,-2.0,11.5,0.0045636300928890705,0.066
EOF3,-2.0,12.0,0.004020131658762693,0.066
EOF3,-2.0,12.5,0.005326157435774803,0.066
EOF3,-2.0,13.0,0.0066139474511146545,0.066
EOF3,-2.0,13.5,0.006597192957997322,0.066
EOF3,-2.0,14.0,0.00615738658234477,0.066
EOF3,-2.0,14.5,0.005507167894393206,0.066
EOF3,-2.0,15.0,0.004659715108573437,0.066
EOF3,-2.0,15.5,0.0035677303094416857,0.066
EOF3,-2.0,16.0,0.002501420211046934,0.066
EOF3,-2.0,16.5,0.0015006002504378557,0.066
EOF3,-2.0,17.0,0.0007761058514006436,0.066
EOF3,-2.0,17.5,0.000809806224424392,0.066
EOF3,-2.0,18.0,9.966158540919423e-05,0.066
EOF3,-2.0,18.5,-0.0008464340935461223,0.066
EOF3,-2.0,19.0,-0.0014659181470051408,0.066
EOF3,-2.0,19.5,-0.001760689658112824,0.066
EOF3,-2.0,20.0,-0.00215724459849298,0.066
EOF3,-2.0,20.5,-0.002856734674423933,0.066
EOF3,-2.0,21.0,-0.003096147207543254,0.066
EOF3,-2.0,21.5,-0.0031822226010262966,0.066
EOF3,-2.0,22.0,-0.0032492114696651697,0.066
EOF3,-2.0,22.5,-0.0032874150201678276,0.066
EOF3,-2.0,23.0,-0.002760248724371195,0.066
EOF3,-2.0,23.5,-0.0022918579634279013,0.066
EOF3,-2.0,24.0,-0.0018840216798707843,0.066
EOF3,-2.0,24.5,-0.0012020427966490388,0.066
EOF3,-2.0,25.0,0.0003053731343243271,0.066
EOF3,-2.0,25.5,0.0015641420613974333,0.066
EOF3,-2.0,26.0,0.0027446572203189135,0.066
EOF3,-2.0,26.5,0.003428030526265502,0.066
EOF3,-2.0,27.0,0.0036109837237745523,0.066
EOF3,-2.0,27.5,0.003651903010904789,0.066
EOF3,-2.0,28.0,0.0032419059425592422,0.066
EOF3,-2.0,28.5,0.0031615353655070066,0.066
EOF3,-2.0,29.0,0.0031873721163719893,0.066
EOF3,-2.0,29.5,0.003356112167239189,0.066
EOF3,-2.0,30.0,0.0036730847787111998,0.066
EOF3,-2.0,30.5,0.0038363472558557987,0.066
EOF3,-2.0,31.0,0.004004281479865313,0.066
EOF3,-2.0,31.5,0.0041709779761731625,0.066
EOF3,-2.0,32.0,0.00395301915705204,0.066
EOF3,-2.0,32.5,0.002584591042250395,0.066
EOF3,-2.0,33.0,0.0012218054616823792,0.066
EOF3,-2.0,33.5,0.00217926106415689,0.066
EOF3,-2.0,34.0,0.0019405231578275561,0.066
EOF3,-2.0,34.5,0.000507742224726826,0.066
EOF3,-1.5,0.5,-0.016661787405610085,0.066
EOF3,-1.5,1.0,-0.01668577827513218,0.066
EOF3,-1.5,1.5,-0.0167064368724823,0.066
EOF3,-1.5,2.0,-0.016596561297774315,0.066
EOF3,-1.5,2.5,-0.01608678139746189,0.066
EOF3,-1.5,3.0,-0.015570643357932568,0.066
EOF3,-1.5,3.5,-0.015111211687326431,0.066
EOF3,-1.5,4.0,-0.014776812866330147,0.066
EOF3,-1.5,4.5,-0.014235524460673332,0.066
EOF3,-1.5,5.0,-0.013629927299916744,0.066
EOF3,-1.5,5.5,-0.01302711945027113,0.066
EOF3,-1.5,6.0,-0.012606455013155937,0.066
EOF3,-1.5,6.5,-0.012238063849508762,0.066
EOF3,-1.5,7.0,-0.011878050863742828,0.066
EOF3,-1.5,7.5,-0.011687258258461952,0.066
EOF3,-1.5,8.0,-0.008743347600102425,0.066
EOF3,-1.5,8.5,-0.005929027684032917,0.066
EOF3,-1.5,9.0,-0.0032398654147982597,0.066
EOF3,-1.5,9.5,-0.001265477272681892,0.066
EOF3,-1.5,10.0,0.0015084693441167474,0.066
EOF3,-1.5,10.5,0.003678909968584776,0.066
EOF3,-1.5,11.0,0.005627684760838747,0.066
EOF3,-1.5,11.5,0.006250913254916668,0.066
EOF3,-1.5,12.0,0.00569579005241394,0.066
EOF3,-1.5,12.5,0.005139312241226435,0.066
EOF3,-1.5,13.0,0.005516191944479942,0.066
EOF3,-1.5,13.5,0.00549898250028491,0.066
EOF3,-1.5,14.0,0.004649629816412926,0.066
EOF3,-1.5,14.5,0.0037992792204022408,0.066
EOF3,-1.5,15.0,0.0029406838584691286,0.066
EOF3,-1.5,15.5,0.0018825370352715254,0.066
EOF3,-1.5,16.0,0.0008819845970720053,0.066
EOF3,-1.5,16.5,-9.558141755405813e-05,0.066
EOF3,-1.5,17.0,-0.0008057596860453486,0.066
EOF3,-1.5,17.5,-0.0007656262605451047,0.066
EOF3,-1.5,18.0,-0.0007289982750080526,0.066
EOF3,-1.5,18.5,-0.0009383326396346092,0.066
EOF3,-1.5,19.0,-0.0015595791628584266,0.066
EOF3,-1.5,19.5,-0.0021635533776134253,0.066
EOF3,-1.5,20.0,-0.0028638276271522045,0.066
EOF3,-1.5,20.5,-0.0035639849957078695,0.066
EOF3,-1.5,21.0,-0.0038075358606874943,0.066
EOF3,-1.5,21.5,-0.0038507848512381315,0.066
EOF3,-1.5,22.0,-0.003895968198776245,0.066
EOF3,-1.5,22.5,-0.003939017187803984,0.066
EOF3,-1.5,23.0,-0.003412955906242132,0.066
EOF3,-1.5,23.5,-0.002879838226363063,0.066
EOF3,-1.5,24.0,-0.0023443514946848154,0.066
EOF3,-1.5,24.5,-0.0016592346364632249,0.066
EOF3,-1.5,25.0,-0.0001431140844943002,0.066
EOF3,-1.5,25.5,0.0013779365690425038,0.066
EOF3,-1.5,26.0,0.0028181278612464666,0.066
EOF3,-1.5,26.5,0.0035015959292650223,0.066
EOF3,-1.5,27.0,0.003242268692702055,0.066
EOF3,-1.5,27.5,0.002833823673427105,0.066
EOF3,-1.5,28.0,0.0024137527216225863,0.066
EOF3,-1.5,28.5,0.002329956041648984,0.066
EOF3,-1.5,29.0,0.0026513668708503246,0.066
EOF3,-1.5,29.5,0.002966658677905798,0.066
EOF3,-1.5,30.0,0.003291795961558819,0.066
EOF3,-1.5,30.5,0.0034433016553521156,0.066
EOF3,-1.5,31.0,0.003607272170484066,0.066
EOF3,-1.5,31.5,0.003784727770835161,0.066
EOF3,-1.5,32.0,0.0035570512991398573,0.066
EOF3,-1.5,32.5,0.0033111327793449163,0.066
EOF3,-1.5,33.0,0.00422032130882144,0.066
EOF3,-1.5,33.5,0.005039664916694164,0.066
EOF3,-1.5,34.0,0.0047690668143332005,0.066
EOF3,-1.5,34.5,0.0034080464392900467,0.066
EOF3,-1.0,0.5,-0.01516726240515709,0.066
EOF3,-1.0,1.0,-0.015189573168754578,0.066
EOF3,-1.0,1.5,-0.015212027356028557,0.066
EOF3,-1.0,2.0,-0.01509649958461523,0.066
EOF3,-1.0,2.5,-0.014587572775781155,0.066
EOF3,-1.0,3.0,-0.014073598198592663,0.066
EOF3,-1.0,3.5,-0.01364404708147049,0.066
EOF3,-1.0,4.0,-0.013398628681898117,0.066
EOF3,-1.0,4.5,-0.012873932719230652,0.066
EOF3,-1.0,5.0,-0.01226218044757843,0.066
EOF3,-1.0,5.5,-0.011670463718473911,0.066
EOF3,-1.0,6.0,-0.011361312121152878,0.066
EOF3,-1.0,6.5,-0.01101228129118681,0.066
EOF3,-1.0,7.0,-0.010644813999533653,0.066
EOF3,-1.0,7.5,-0.010277746245265007,0.066
EOF3,-1.0,8.0,-0.008176886476576328,0.066
EOF3,-1.0,8.5,-0.00536288321018219,0.066
EOF3,-1.0,9.0,-0.0026742543559521437,0.066
EOF3,-1.0,9.5,-0.0004284942988306284,0.066
EOF3,-1.0,10.0,0.0013408927479758859,0.066
EOF3,-1.0,10.5,0.0035171404015272856,0.066
EOF3,-1.0,11.0,0.005467310082167387,0.066
EOF3,-1.0,11.5,0.006095127668231726,0.066
EOF3,-1.0,12.0,0.005541353020817041,0.066
EOF3,-1.0,12.5,0.004984685685485601,0.066
EOF3,-1.0,13.0,0.004846561700105667,0.066
EOF3,-1.0,13.5,0.004303560592234135,0.066
EOF3,-1.0,14.0,0.0034545701928436756,0.066
EOF3,-1.0,14.5,0.0026066189166158438,0.066
EOF3,-1.0,15.0,0.0017571373609825969,0.066
EOF3,-1.0,15.5,0.0007497619371861219,0.066
EOF3,-1.0,16.0,-0.0002356135519221425,0.066
EOF3,-1.0,16.5,-0.0011918244417756796,0.066
EOF3,-1.0,17.0,-0.0016537168994545937,0.066
EOF3,-1.0,17.5,-0.0016067619435489178,0.066
EOF3,-1.0,18.0,-0.0015712208114564419,0.066
EOF3,-1.0,18.5,-0.0016925875097513199,0.066
EOF3,-1.0,19.0,-0.0021294429898262024,0.066
EOF3,-1.0,19.5,-0.002720784628763795,0.066
EOF3,-1.0,20.0,-0.003424576250836253,0.066
EOF3,-1.0,20.5,-0.004137026611715555,0.066
EOF3,-1.0,21.0,-0.00453124288469553,0.066
EOF3,-1.0,21.5,-0.004580480046570301,0.066
EOF3,-1.0,22.0,-0.0046277944929897785,0.066
EOF3,-1.0,22.5,-0.00467129610478878,0.066
EOF3,-1.0,23.0,-0.004541974049061537,0.066
EOF3,-1.0,23.5,-0.004008755553513765,0.066
EOF3,-1.0,24.0,-0.003471866250038147,0.066
EOF3,-1.0,24.5,-0.00269277673214674,0.066
EOF3,-1.0,25.0,-0.0011710316175594926,0.066
EOF3,-1.0,25.5,0.0003548351814970374,0.066
EOF3,-1.0,26.0,0.0018620082410052419,0.066
EOF3,-1.0,26.5,0.0027675931341946125,0.066
EOF3,-1.0,27.0,0.0025486478116363287,0.066
EOF3,-1.0,27.5,0.002130180364474654,0.066
EOF3,-1.0,28.0,0.0017039283411577344,0.066
EOF3,-1.0,28.5,0.0018371293554082513,0.066
EOF3,-1.0,29.0,0.0021578436717391014,0.066
EOF3,-1.0,29.5,0.002477531787008047,0.066
EOF3,-1.0,30.0,0.0022389404475688934,0.066
EOF3,-1.0,30.5,0.002355396980419755,0.066
EOF3,-1.0,31.0,0.002480526454746723,0.066
EOF3,-1.0,31.5,0.002624443732202053,0.066
EOF3,-1.0,32.0,0.0037209733854979277,0.066
EOF3,-1.0,32.5,0.004295911639928818,0.066
EOF3,-1.0,33.0,0.005158594809472561,0.066
EOF3,-1.0,33.5,0.005942954681813717,0.066
EOF3,-1.0,34.0,0.0056539904326200485,0.066
EOF3,-1.0,34.5,0.004311973229050636,0.066
EOF3,-0.5,0.5,-0.01307614240795374,0.066
EOF3,-0.5,1.0,-0.012879103422164917,0.066
EOF3,-0.5,1.5,-0.012848597951233387,0.066
EOF3,-0.5,2.0,-0.012735782191157341,0.066
EOF3,-0.5,2.5,-0.012216723524034023,0.066
EOF3,-0.5,3.0,-0.011949271894991398,0.066
EOF3,-0.5,3.5,-0.011768348515033722,0.066
EOF3,-0.5,4.0,-0.011534124612808228,0.066
EOF3,-0.5,4.5,-0.011224789544939995,0.066
EOF3,-0.5,5.0,-0.01085329707711935,0.066
EOF3,-0.5,5.5,-0.010257192887365818,0.066
EOF3,-0.5,6.0,-0.00995717290788889,0.066
EOF3,-0.5,6.5,-0.009752248413860798,0.066
EOF3,-0.5,7.0,-0.009474586695432663,0.066
EOF3,-0.5,7.5,-0.009102825075387955,0.066
EOF3,-0.5,8.0,-0.00729470094665885,0.066
EOF3,-0.5,8.5,-0.005558956414461136,0.066
EOF3,-0.5,9.0,-0.003114076564088464,0.066
EOF3,-0.5,9.5,-0.0008479653624817729,0.066
EOF3,-0.5,10.0,0.000322765699820593,0.066
EOF3,-0.5,10.5,0.0013630841858685017,0.066
EOF3,-0.5,11.0,0.0034217978827655315,0.066
EOF3,-0.5,11.5,0.004102170467376709,0.066
EOF3,-0.5,12.0,0.003557710675522685,0.066
EOF3,-0.5,12.5,0.0038357647135853767,0.066
EOF3,-0.5,13.0,0.004118011333048344,0.066
EOF3,-0.5,13.5,0.003578886855393648,0.066
EOF3,-0.5,14.0,0.0027740972582250834,0.066
EOF3,-0.5,14.5,0.0019583813846111298,0.066
EOF3,-0.5,15.0,0.0011206904891878366,0.066
EOF3,-0.5,15.5,0.0001341394381597638,0.066
EOF3,-0.5,16.0,-0.0006681569502688944,0.066
EOF3,-0.5,16.5,-0.0012942146277055144,0.066
EOF3,-0.5,17.0,-0.0017524359282106161,0.066
EOF3,-0.5,17.5,-0.0017072947230190039,0.066
EOF3,-0.5,18.0,-0.002163178287446499,0.066
EOF3,-0.5,18.5,-0.002778878901153803,0.066
EOF3,-0.5,19.0,-0.003213063348084688,0.066
EOF3,-0.5,19.5,-0.003473147051408887,0.066
EOF3,-0.5,20.0,-0.0038475836627185345,0.066
EOF3,-0.5,20.5,-0.004555661231279373,0.066
EOF3,-0.5,21.0,-0.004958167672157288,0.066
EOF3,-0.5,21.5,-0.0052623385563492775,0.066
EOF3,-0.5,22.0,-0.00543269794434309,0.066
EOF3,-0.5,22.5,-0.0054822093807160854,0.066
EOF3,-0.5,23.0,-0.005485899280756712,0.066
EOF3,-0.5,23.5,-0.0054873633198440075,0.066
EOF3,-0.5,24.0,-0.005088726989924908,0.066
EOF3,-0.5,24.5,-0.004308853764086962,0.066
EOF3,-0.5,25.0,-0.0027847089804708958,0.066
EOF3,-0.5,25.5,-0.0013124293182045221,0.066
EOF3,-0.5,26.0,0.00013841950567439198,0.066
EOF3,-0.5,26.5,0.001049527432769537,0.066
EOF3,-0.5,27.0,0.0014062852133065462,0.066
EOF3,-0.5,27.5,0.0015702961245551705,0.066
EOF3,-0.5,28.0,0.0011484094429761171,0.066
EOF3,-0.5,28.5,0.001274848822504282,0.066
EOF3,-0.5,29.0,0.0014090880285948515,0.066
EOF3,-0.5,29.5,0.0009783317800611258,0.066
EOF3,-0.5,30.0,0.0005435078055597842,0.066
EOF3,-0.5,30.5,0.0005935199442319572,0.066
EOF3,-0.5,31.0,0.001239582197740674,0.066
EOF3,-0.5,31.5,0.0025420195888727903,0.066
EOF3,-0.5,32.0,0.003644329495728016,0.066
EOF3,-0.5,32.5,0.003853332716971636,0.066
EOF3,-0.5,33.0,0.004061163868755102,0.066
EOF3,-0.5,33.5,0.004906451795250177,0.066
EOF3,-0.5,34.0,0.004627525806427002,0.066
EOF3,-0.5,34.5,0.003247013548389077,0.066
EOF3,0.0,0.5,-0.011029517278075218,0.066
EOF3,0.0,1.0,-0.010830552317202091,0.066
EOF3,0.0,1.5,-0.010631699115037918,0.066
EOF3,0.0,2.0,-0.01044235099107027,0.066
EOF3,0.0,2.5,-0.010255304165184498,0.066
EOF3,0.0,3.0,-0.010073241777718067,0.066
EOF3,0.0,3.5,-0.00988719891756773,0.066
EOF3,0.0,4.0,-0.009648428298532963,0.066
EOF3,0.0,4.5,-0.009353863075375557,0.066
EOF3,0.0,5.0,-0.009060068055987358,0.066
EOF3,0.0,5.5,-0.008765307255089283,0.066
EOF3,0.0,6.0,-0.008539021015167236,0.066
EOF3,0.0,6.5,-0.008335113525390625,0.066
EOF3,0.0,7.0,-0.008126620203256607,0.066
EOF3,0.0,7.5,-0.007915672846138477,0.066
EOF3,0.0,8.0,-0.006124453153461218,0.066
EOF3,0.0,8.5,-0.004405675455927849,0.066
EOF3,0.0,9.0,-0.002778179245069623,0.066
EOF3,0.0,9.5,-0.0012700085062533617,0.066
EOF3,0.0,10.0,-7.17722941772081e-05,0.066
EOF3,0.0,10.5,0.0009890542132779956,0.066
EOF3,0.0,11.0,0.001944261253811419,0.066
EOF3,0.0,11.5,0.002524774055927992,0.066
EOF3,0.0,12.0,0.0028182188980281353,0.066
EOF3,0.0,12.5,0.003108948701992631,0.066
EOF3,0.0,13.0,0.003387433709576726,0.066
EOF3,0.0,13.5,0.0028564385138452053,0.066
EOF3,0.0,14.0,0.002061078092083335,0.066
EOF3,0.0,14.5,0.0012732800096273422,0.066
EOF3,0.0,15.0,0.0005023250705562532,0.066
EOF3,0.0,15.5,-0.0001326578640146181,0.066
EOF3,0.0,16.0,-0.0007618938689120114,0.066
EOF3,0.0,16.5,-0.0013897453900426626,0.066
EOF3,0.0,17.0,-0.0020119992550462484,0.066
EOF3,0.0,17.5,-0.0026356475427746773,0.066
EOF3,0.0,18.0,-0.0032527009025216103,0.066
EOF3,0.0,18.5,-0.003874224377796054,0.066
EOF3,0.0,19.0,-0.004313457757234573,0.066
EOF3,0.0,19.5,-0.004572026431560516,0.066
EOF3,0.0,20.0,-0.004833823535591364,0.066
EOF3,0.0,20.5,-0.005092807579785585,0.066
EOF3,0.0,21.0,-0.005389454308897257,0.066
EOF3,0.0,21.5,-0.005687279626727104,0.066
EOF3,0.0,22.0,-0.005990769248455763,0.066
EOF3,0.0,22.5,-0.006291106343269348,0.066
EOF3,0.0,23.0,-0.006295844912528992,0.066
EOF3,0.0,23.5,-0.006299637258052826,0.066
EOF3,0.0,24.0,-0.006306737195700407,0.066
EOF3,0.0,24.5,-0.0059531922452151775,0.066
EOF3,0.0,25.0,-0.004496732726693153,0.066
EOF3,0.0,25.5,-0.0030453347135335207,0.066
EOF3,0.0,26.0,-0.0015907571651041508,0.066
EOF3,0.0,26.5,-0.0006783974240534008,0.066
EOF3,0.0,27.0,-0.00031199405202642083,0.066
EOF3,0.0,27.5,5.0648570322664455e-05,0.066
EOF3,0.0,28.0,0.00040893370169214904,0.066
EOF3,0.0,28.5,0.00017769605619832873,0.066
EOF3,0.0,29.0,-0.00025711447233334184,0.066
EOF3,0.0,29.5,-0.0006935397395864129,0.066
EOF3,0.0,30.0,-0.001142779365181923,0.066
EOF3,0.0,30.5,-3.980415203841403e-05,0.066
EOF3,0.0,31.0,0.0011658759322017431,0.066
EOF3,0.0,31.5,0.002454412402585149,0.066
EOF3,0.0,32.0,0.0035366094671189785,0.066
EOF3,0.0,32.5,0.003760034218430519,0.066
EOF3,0.0,33.0,0.003960512578487396,0.066
EOF3,0.0,33.5,0.004150842782109976,0.066
EOF3,0.0,34.0,0.004288083408027887,0.066
EOF3,0.0,34.5,0.004380026366561651,0.066
EOF3,0.5,0.5,-0.009323688223958015,0.066
EOF3,0.5,1.0,-0.009154258295893669,0.066
EOF3,0.5,1.5,-0.00894743949174881,0.066
EOF3,0.5,2.0,-0.0088198808953166,0.066
EOF3,0.5,2.5,-0.008887607604265213,0.066
EOF3,0.5,3.0,-0.008767865598201752,0.066
EOF3,0.5,3.5,-0.008585621602833271,0.066
EOF3,0.5,4.0,-0.00834314152598381,0.066
EOF3,0.5,4.5,-0.008048097603023052,0.066
EOF3,0.5,5.0,-0.0077967215329408646,0.066
EOF3,0.5,5.5,-0.007637983188033104,0.066
EOF3,0.5,6.0,-0.007446944247931242,0.066
EOF3,0.5,6.5,-0.007239303085952997,0.066
EOF3,0.5,7.0,-0.007189118303358555,0.066
EOF3,0.5,7.5,-0.007285443600267172,0.066
EOF3,0.5,8.0,-0.005496475379914045,0.066
EOF3,0.5,8.5,-0.00378517247736454,0.066
EOF3,0.5,9.0,-0.0023394657764583826,0.066
EOF3,0.5,9.5,-0.0010294638341292739,0.066
EOF3,0.5,10.0,0.00015417317626997828,0.066
EOF3,0.5,10.5,0.001210971619002521,0.066
EOF3,0.5,11.0,0.001923467731103301,0.066
EOF3,0.5,11.5,0.002177317626774311,0.066
EOF3,0.5,12.0,0.0020362779032438993,0.066
EOF3,0.5,12.5,0.0023283143527805805,0.066
EOF3,0.5,13.0,0.0026155090890824795,0.066
EOF3,0.5,13.5,0.002092912560328841,0.066
EOF3,0.5,14.0,0.0013041512575000525,0.066
EOF3,0.5,14.5,0.000987789942882955,0.066
EOF3,0.5,15.0,0.0011277302401140332,0.066
EOF3,0.5,15.5,0.0004340522864367813,0.066
EOF3,0.5,16.0,-0.00022615937632508576,0.066
EOF3,0.5,16.5,-0.0008478579111397266,0.066
EOF3,0.5,17.0,-0.0014702302869409323,0.066
EOF3,0.5,17.5,-0.002081165323033929,0.066
EOF3,0.5,18.0,-0.002704099752008915,0.066
EOF3,0.5,18.5,-0.0037513452116400003,0.066
EOF3,0.5,19.0,-0.004407835192978382,0.066
EOF3,0.5,19.5,-0.0046709561720490456,0.066
EOF3,0.5,20.0,-0.00488310819491744,0.066
EOF3,0.5,20.5,-0.004947866778820753,0.066
EOF3,0.5,21.0,-0.0051900893449783325,0.066
EOF3,0.5,21.5,-0.005493403412401676,0.066
EOF3,0.5,22.0,-0.005767334718257189,0.066
EOF3,0.5,22.5,-0.006016794126480818,0.066
EOF3,0.5,23.0,-0.006025985348969698,0.066
EOF3,0.5,23.5,-0.006032741162925959,0.066
EOF3,0.5,24.0,-0.00593633484095335,0.066
EOF3,0.5,24.5,-0.005713353399187326,0.066
EOF3,0.5,25.0,-0.005196689162403345,0.066
EOF3,0.5,25.5,-0.003978367894887924,0.066
EOF3,0.5,26.0,-0.0025219686795026064,0.066
EOF3,0.5,26.5,-0.0016045095399022102,0.066
EOF3,0.5,27.0,-0.0012367990566417575,0.066
EOF3,0.5,27.5,-0.0007071338477544487,0.066
EOF3,0.5,28.0,0.00032828570692799985,0.066
EOF3,0.5,28.5,-0.00011588712368393317,0.066
EOF3,0.5,29.0,-0.0009267147397622466,0.066
EOF3,0.5,29.5,-0.0013653571950271726,0.066
EOF3,0.5,30.0,-0.0018210387788712978,0.066
EOF3,0.5,30.5,-0.0029247161000967026,0.066
EOF3,0.5,31.0,-0.00296676903963089,0.066
EOF3,0.5,31.5,-0.0018749427981674671,0.066
EOF3,0.5,32.0,-0.0009231397416442633,0.066
EOF3,0.5,32.5,-0.0005790665163658559,0.066
EOF3,0.5,33.0,-0.0002601034357212484,0.066
EOF3,0.5,33.5,-0.0005394625477492809,0.066
EOF3,0.5,34.0,-6.373217183863744e-05,0.066
EOF3,0.5,34.5,0.0011578069534152746,0.066
EOF3,1.0,0.5,-0.007531165610998869,0.066
EOF3,1.0,1.0,-0.007395199965685606,0.066
EOF3,1.0,1.5,-0.0072616152465343475,0.066
EOF3,1.0,2.0,-0.0071238745003938675,0.066
EOF3,1.0,2.5,-0.007194459438323975,0.066
EOF3,1.0,3.0,-0.0072695473209023476,0.066
EOF3,1.0,3.5,-0.007275915239006281,0.066
EOF3,1.0,4.0,-0.007035744842141867,0.066
EOF3,1.0,4.5,-0.006847637239843607,0.066
EOF3,1.0,5.0,-0.006693567149341106,0.066
EOF3,1.0,5.5,-0.006541426293551922,0.066
EOF3,1.0,6.0,-0.006350013893097639,0.066
EOF3,1.0,6.5,-0.0064468467608094215,0.066
EOF3,1.0,7.0,-0.006549617741256952,0.066
EOF3,1.0,7.5,-0.006642220076173544,0.066
EOF3,1.0,8.0,-0.004924669396132231,0.066
EOF3,1.0,8.5,-0.0034720185212790966,0.066
EOF3,1.0,9.0,-0.002091623842716217,0.066
EOF3,1.0,9.5,-0.0007901263888925314,0.066
EOF3,1.0,10.0,0.0002603073662612587,0.066
EOF3,1.0,10.5,0.0010728976922109723,0.066
EOF3,1.0,11.0,0.001792788621969521,0.066
EOF3,1.0,11.5,0.0020530237816274166,0.066
EOF3,1.0,12.0,0.0019129968713968992,0.066
EOF3,1.0,12.5,0.0017731491243466735,0.066
EOF3,1.0,13.0,0.0018490100046619773,0.066
EOF3,1.0,13.5,0.0013371200766414404,0.066
EOF3,1.0,14.0,0.0014746878296136856,0.066
EOF3,1.0,14.5,0.0016169061418622732,0.066
EOF3,1.0,15.0,0.0017492963233962655,0.066
EOF3,1.0,15.5,0.001060915645211935,0.066
EOF3,1.0,16.0,0.0003676577180158347,0.066
EOF3,1.0,16.5,-0.00031428111833520234,0.066
EOF3,1.0,17.0,-0.0009264842956326902,0.066
EOF3,1.0,17.5,-0.0017563051078468561,0.066
EOF3,1.0,18.0,-0.002803283743560314,0.066
EOF3,1.0,18.5,-0.003848596941679716,0.066
EOF3,1.0,19.0,-0.004504788666963577,0.066
EOF3,1.0,19.5,-0.004617877770215273,0.066
EOF3,1.0,20.0,-0.004682035651057959,0.066
EOF3,1.0,20.5,-0.004748085979372263,0.066
EOF3,1.0,21.0,-0.004988336935639381,0.066
EOF3,1.0,21.5,-0.005243578460067511,0.066
EOF3,1.0,22.0,-0.005495466757565737,0.066
EOF3,1.0,22.5,-0.005746399983763695,0.066
EOF3,1.0,23.0,-0.005720589775592089,0.066
EOF3,1.0,23.5,-0.0055922530591487885,0.066
EOF3,1.0,24.0,-0.00545836053788662,0.066
EOF3,1.0,24.5,-0.005228894297033548,0.066
EOF3,1.0,25.0,-0.004716883413493633,0.066
EOF3,1.0,25.5,-0.004202844575047493,0.066
EOF3,1.0,26.0,-0.003447915893048048,0.066
EOF3,1.0,26.5,-0.0025351583026349545,0.066
EOF3,1.0,27.0,-0.0016644718125462532,0.066
EOF3,1.0,27.5,-0.0006278749206103384,0.066
EOF3,1.0,28.0,0.00040895893471315503,0.066
EOF3,1.0,28.5,-3.211031435057521e-05,0.066
EOF3,1.0,29.0,-0.0009703488904051483,0.066
EOF3,1.0,29.5,-0.001906290533952415,0.066
EOF3,1.0,30.0,-0.002484841039404273,0.066
EOF3,1.0,30.5,-0.003587645711377263,0.066
EOF3,1.0,31.0,-0.0047089955769479275,0.066
EOF3,1.0,31.5,-0.005836758762598038,0.066
EOF3,1.0,32.0,-0.005009422078728676,0.066
EOF3,1.0,32.5,-0.004920458421111107,0.066
EOF3,1.0,33.0,-0.00519484281539917,0.066
EOF3,1.0,33.5,-0.005467933602631092,0.066
EOF3,1.0,34.0,-0.005004528909921646,0.066
EOF3,1.0,34.5,-0.0037907676305621862,0.066
EOF3,1.5,0.5,-0.0061068763025105,0.066
EOF3,1.5,1.0,-0.005962999537587166,0.066
EOF3,1.5,1.5,-0.005826129578053951,0.066
EOF3,1.5,2.0,-0.005819758400321007,0.066
EOF3,1.5,2.5,-0.0059005520306527615,0.066
EOF3,1.5,3.0,-0.00597165385261178,0.066
EOF3,1.5,3.5,-0.0060828691348433495,0.066
EOF3,1.5,4.0,-0.006384294480085373,0.066
EOF3,1.5,4.5,-0.0063479081727564335,0.066
EOF3,1.5,5.0,-0.006196724250912666,0.066
EOF3,1.5,5.5,-0.006046316586434841,0.066
EOF3,1.5,6.0,-0.006023313384503126,0.066
EOF3,1.5,6.5,-0.006120714358985424,0.066
EOF3,1.5,7.0,-0.006223201751708984,0.066
EOF3,1.5,7.5,-0.006316692102700472,0.066
EOF3,1.5,8.0,-0.005331449210643768,0.066
EOF3,1.5,8.5,-0.0038546535652130842,0.066
EOF3,1.5,9.0,-0.0024533444084227085,0.066
EOF3,1.5,9.5,-0.0008247880032286048,0.066
EOF3,1.5,10.0,0.0007835508440621197,0.066
EOF3,1.5,10.5,0.0015663552330806851,0.066
EOF3,1.5,11.0,0.002265783492475748,0.066
EOF3,1.5,11.5,0.002513238927349448,0.066
EOF3,1.5,12.0,0.002366387052461505,0.066
EOF3,1.5,12.5,0.0022263103164732456,0.066
EOF3,1.5,13.0,0.0017578104743734002,0.066
EOF3,1.5,13.5,0.00166599964722991,0.066
EOF3,1.5,14.0,0.0017992472276091576,0.066
EOF3,1.5,14.5,0.0019356468692421913,0.066
EOF3,1.5,15.0,0.0013122892705723643,0.066
EOF3,1.5,15.5,0.0006277439533732831,0.066
EOF3,1.5,16.0,-6.238574133021757e-05,0.066
EOF3,1.5,16.5,-0.0007428734097629786,0.066
EOF3,1.5,17.0,-0.0013228609459474683,0.066
EOF3,1.5,17.5,-0.0019417498260736465,0.066
EOF3,1.5,18.0,-0.002979844808578491,0.066
EOF3,1.5,18.5,-0.0040213423781096935,0.066
EOF3,1.5,19.0,-0.004236502107232809,0.066
EOF3,1.5,19.5,-0.004133697133511305,0.066
EOF3,1.5,20.0,-0.0042013018392026424,0.066
EOF3,1.5,20.5,-0.004263878334313631,0.066
EOF3,1.5,21.0,-0.00446615694090724,0.066
EOF3,1.5,21.5,-0.004717017989605665,0.066
EOF3,1.5,22.0,-0.004970064852386713,0.066
EOF3,1.5,22.5,-0.005121112801134586,0.066
EOF3,1.5,23.0,-0.005238105542957783,0.066
EOF3,1.5,23.5,-0.005107026547193527,0.066
EOF3,1.5,24.0,-0.004977393429726362,0.066
EOF3,1.5,24.5,-0.004747319966554642,0.066
EOF3,1.5,25.0,-0.004234145395457745,0.066
EOF3,1.5,25.5,-0.003719743574038148,0.066
EOF3,1.5,26.0,-0.0031735338270664215,0.066
EOF3,1.5,26.5,-0.0025304402224719524,0.066
EOF3,1.5,27.0,-0.001583631499670446,0.066
EOF3,1.5,27.5,-0.0005476037040352821,0.066
EOF3,1.5,28.0,0.0004892954020760953,0.066
EOF3,1.5,28.5,4.614979843609035e-05,0.066
EOF3,1.5,29.0,-0.0008903108537197113,0.066
EOF3,1.5,29.5,-0.0018297912320122123,0.066
EOF3,1.5,30.0,-0.002607216127216816,0.066
EOF3,1.5,30.5,-0.0037190390285104513,0.066
EOF3,1.5,31.0,-0.0048433104529976845,0.066
EOF3,1.5,31.5,-0.005986282601952553,0.066
EOF3,1.5,32.0,-0.006788267754018307,0.066
EOF3,1.5,32.5,-0.0073749772273004055,0.066
EOF3,1.5,33.0,-0.007646540179848671,0.066
EOF3,1.5,33.5,-0.007915657013654709,0.066
EOF3,1.5,34.0,-0.007455798797309399,0.066
EOF3,1.5,34.5,-0.00625575939193368,0.066
EOF3,2.0,0.5,-0.0050400495529174805,0.066
EOF3,2.0,1.0,-0.004958076868206263,0.066
EOF3,2.0,1.5,-0.004923622589558363,0.066
EOF3,2.0,2.0,-0.004930662456899881,0.066
EOF3,2.0,2.5,-0.004995263647288084,0.066
EOF3,2.0,3.0,-0.005200263578444719,0.066
EOF3,2.0,3.5,-0.005452615674585104,0.066
EOF3,2.0,4.0,-0.005752433557063341,0.066
EOF3,2.0,4.5,-0.006089468020945787,0.066
EOF3,2.0,5.0,-0.006310827564448118,0.066
EOF3,2.0,5.5,-0.006158770062029362,0.066
EOF3,2.0,6.0,-0.006131467409431934,0.066
EOF3,2.0,6.5,-0.006150104571133852,0.066
EOF3,2.0,7.0,-0.006208348087966442,0.066
EOF3,2.0,7.5,-0.0063047450967133045,0.066
EOF3,2.0,8.0,-0.005510349292308092,0.066
EOF3,2.0,8.5,-0.004720521625131369,0.066
EOF3,2.0,9.0,-0.003445603186264634,0.066
EOF3,2.0,9.5,-0.0017486104043200612,0.066
EOF3,2.0,10.0,0.0006286237039603293,0.066
EOF3,2.0,10.5,0.002720969496294856,0.066
EOF3,2.0,11.0,0.0033726124092936516,0.066
EOF3,2.0,11.5,0.003590167500078678,0.066
EOF3,2.0,12.0,0.003433431498706341,0.066
EOF3,2.0,12.5,0.002595271449536085,0.066
EOF3,2.0,13.0,0.001784658059477806,0.066
EOF3,2.0,13.5,0.0016942693619057536,0.066
EOF3,2.0,14.0,0.0015715989284217358,0.066
EOF3,2.0,14.5,0.0006884837057441473,0.066
EOF3,2.0,15.0,-0.0001786436332622543,0.066
EOF3,2.0,15.5,-0.0008671200484968722,0.066
EOF3,2.0,16.0,-0.001563368714414537,0.066
EOF3,2.0,16.5,-0.002260444685816765,0.066
EOF3,2.0,17.0,-0.0028253288473933935,0.066
EOF3,2.0,17.5,-0.0030259788036346436,0.066
EOF3,2.0,18.0,-0.003232442308217287,0.066
EOF3,2.0,18.5,-0.0042601958848536015,0.066
EOF3,2.0,19.0,-0.004475859459489584,0.066
EOF3,2.0,19.5,-0.003878924297168851,0.066
EOF3,2.0,20.0,-0.003443144727498293,0.066
EOF3,2.0,20.5,-0.003506578505039215,0.066
EOF3,2.0,21.0,-0.003705221926793456,0.066
EOF3,2.0,21.5,-0.003917587921023369,0.066
EOF3,2.0,22.0,-0.004040918778628111,0.066
EOF3,2.0,22.5,-0.004159626085311174,0.066
EOF3,2.0,23.0,-0.004349236376583576,0.066
EOF3,2.0,23.5,-0.004543003160506487,0.066
EOF3,2.0,24.0,-0.004488732665777206,0.066
EOF3,2.0,24.5,-0.004260917194187641,0.066
EOF3,2.0,25.0,-0.0037557047326117754,0.066
EOF3,2.0,25.5,-0.003162164706736803,0.066
EOF3,2.0,26.0,-0.0025372745003551245,0.066
EOF3,2.0,26.5,-0.001896597328595817,0.066
EOF3,2.0,27.0,-0.0012253648601472378,0.066
EOF3,2.0,27.5,-0.0004706072504632175,0.066
EOF3,2.0,28.0,0.0005668393569067121,0.066
EOF3,2.0,28.5,0.00012720150698442012,0.066
EOF3,2.0,29.0,-0.0007495852187275887,0.066
EOF3,2.0,29.5,-0.0014656864805147052,0.066
EOF3,2.0,30.0,-0.002196710091084242,0.066
EOF3,2.0,30.5,-0.0033155714627355337,0.066
EOF3,2.0,31.0,-0.0042541176080703735,0.066
EOF3,2.0,31.5,-0.005015551578253508,0.066
EOF3,2.0,32.0,-0.005818357691168785,0.066
EOF3,2.0,32.5,-0.0067280130460858345,0.066
EOF3,2.0,33.0,-0.007620441727340221,0.066
EOF3,2.0,33.5,-0.007886378094553947,0.066
EOF3,2.0,34.0,-0.00743145402520895,0.066
EOF3,2.0,34.5,-0.006254225503653288,0.066
EOF3,2.5,0.5,-0.004082126542925835,0.066
EOF3,2.5,1.0,-0.004052248317748308,0.066
EOF3,2.5,1.5,-0.004021612461656332,0.066
EOF3,2.5,2.0,-0.004065048880875111,0.066
EOF3,2.5,2.5,-0.004313410259783268,0.066
EOF3,2.5,3.0,-0.004562499467283487,0.066
EOF3,2.5,3.5,-0.004812473896890879,0.066
EOF3,2.5,4.0,-0.005113125313073397,0.066
EOF3,2.5,4.5,-0.005464524962007999,0.066
EOF3,2.5,5.0,-0.005807403475046158,0.066
EOF3,2.5,5.5,-0.006147769745439291,0.066
EOF3,2.5,6.0,-0.006248241290450096,0.066
EOF3,2.5,6.5,-0.006263838615268469,0.066
EOF3,2.5,7.0,-0.0062789348885416985,0.066
EOF3,2.5,7.5,-0.006296653766185045,0.066
EOF3,2.5,8.0,-0.005486168898642063,0.066
EOF3,2.5,8.5,-0.004706598352640867,0.066
EOF3,2.5,9.0,-0.003943169955164194,0.066
EOF3,2.5,9.5,-0.0027024743612855673,0.066
EOF3,2.5,10.0,-0.0002211481478298083,0.066
EOF3,2.5,10.5,0.001960251247510314,0.066
EOF3,2.5,11.0,0.00390454800799489,0.066
EOF3,2.5,11.5,0.004327625501900911,0.066
EOF3,2.5,12.0,0.003456809790804982,0.066
EOF3,2.5,12.5,0.002615966834127903,0.066
EOF3,2.5,13.0,0.0018085442716255784,0.066
EOF3,2.5,13.5,0.0009426049655303359,0.066
EOF3,2.5,14.0,5.252545088296756e-05,0.066
EOF3,2.5,14.5,-0.0008196335402317345,0.066
EOF3,2.5,15.0,-0.0016809221124276519,0.066
EOF3,2.5,15.5,-0.0023840719368308783,0.066
EOF3,2.5,16.0,-0.0030717223417013884,0.066
EOF3,2.5,16.5,-0.0037468685768544674,0.066
EOF3,2.5,17.0,-0.0042905961163342,0.066
EOF3,2.5,17.5,-0.004492779262363911,0.066
EOF3,2.5,18.0,-0.004694504197686911,0.066
EOF3,2.5,18.5,-0.0049015493132174015,0.066
EOF3,2.5,19.0,-0.004714581184089184,0.066
EOF3,2.5,19.5,-0.004117947071790695,0.066
EOF3,2.5,20.0,-0.003525044769048691,0.066
EOF3,2.5,20.5,-0.0029214411042630672,0.066
EOF3,2.5,21.0,-0.0028662073891609907,0.066
EOF3,2.5,21.5,-0.0029832457657903433,0.066
EOF3,2.5,22.0,-0.0031000711023807526,0.066
EOF3,2.5,22.5,-0.0032141911797225475,0.066
EOF3,2.5,23.0,-0.003399997018277645,0.066
EOF3,2.5,23.5,-0.003581968368962407,0.066
EOF3,2.5,24.0,-0.0037717127706855536,0.066
EOF3,2.5,24.5,-0.0037581410724669695,0.066
EOF3,2.5,25.0,-0.0031463976483792067,0.066
EOF3,2.5,25.5,-0.0025296767707914114,0.066
EOF3,2.5,26.0,-0.0019069158006459475,0.066
EOF3,2.5,26.5,-0.0012609472032636404,0.066
EOF3,2.5,27.0,-0.0005978104891255498,0.066
EOF3,2.5,27.5,6.931930693099275e-05,0.066
EOF3,2.5,28.0,0.0007330075604841113,0.066
EOF3,2.5,28.5,0.00037995920865796506,0.066
EOF3,2.5,29.0,-0.00032299835584126413,0.066
EOF3,2.5,29.5,-0.001044393633492291,0.066
EOF3,2.5,30.0,-0.0017766475211828947,0.066
EOF3,2.5,30.5,-0.0025332083459943533,0.066
EOF3,2.5,31.0,-0.00328597123734653,0.066
EOF3,2.5,31.5,-0.004048320930451155,0.066
EOF3,2.5,32.0,-0.0048504117876291275,0.066
EOF3,2.5,32.5,-0.005774034187197685,0.066
EOF3,2.5,33.0,-0.006676470395177603,0.066
EOF3,2.5,33.5,-0.007564149331301451,0.066
EOF3,2.5,34.0,-0.007837028242647648,0.066
EOF3,2.5,34.5,-0.007536068558692932,0.066
EOF3,3.0,0.5,-0.0036520652938634157,0.066
EOF3,3.0,1.0,-0.0038698541466146708,0.066
EOF3,3.0,1.5,-0.00384605024009943,0.066
EOF3,3.0,2.0,-0.003886949038133025,0.066
EOF3,3.0,2.5,-0.004138513933867216,0.066
EOF3,3.0,3.0,-0.004389067180454731,0.066
EOF3,3.0,3.5,-0.004777668975293636,0.066
EOF3,3.0,4.0,-0.005296748131513596,0.066
EOF3,3.0,4.5,-0.005935313180088997,0.066
EOF3,3.0,5.0,-0.006284304894506931,0.066
EOF3,3.0,5.5,-0.006624470464885235,0.066
EOF3,3.0,6.0,-0.006725068669766188,0.066
EOF3,3.0,6.5,-0.006742872763425112,0.066
EOF3,3.0,7.0,-0.006626192945986986,0.066
EOF3,3.0,7.5,-0.006372310221195221,0.066
EOF3,3.0,8.0,-0.005559961311519146,0.066
EOF3,3.0,8.5,-0.0047750528901815414,0.066
EOF3,3.0,9.0,-0.003586134174838662,0.066
EOF3,3.0,9.5,-0.0019815617706626654,0.066
EOF3,3.0,10.0,0.00040992116555571556,0.066
EOF3,3.0,10.5,0.002503769937902689,0.066
EOF3,3.0,11.0,0.0025061515625566244,0.066
EOF3,3.0,11.5,0.002260739216580987,0.066
EOF3,3.0,12.0,0.001788772875443101,0.066
EOF3,3.0,12.5,0.0009914564434438944,0.066
EOF3,3.0,13.0,0.00022007778170518577,0.066
EOF3,3.0,13.5,-0.0006302273250184953,0.066
EOF3,3.0,14.0,-0.001497441902756691,0.066
EOF3,3.0,14.5,-0.002178484806790948,0.066
EOF3,3.0,15.0,-0.0026731188409030437,0.066
EOF3,3.0,15.5,-0.003369865706190467,0.066
EOF3,3.0,16.0,-0.004051034804433584,0.066
EOF3,3.0,16.5,-0.004754623398184776,0.066
EOF3,3.0,17.0,-0.0052459221333265305,0.066
EOF3,3.0,17.5,-0.005114344879984856,0.066
EOF3,3.0,18.0,-0.005230744834989309,0.066
EOF3,3.0,18.5,-0.005438423715531826,0.066
EOF3,3.0,19.0,-0.00524629931896925,0.066
EOF3,3.0,19.5,-0.004661457613110542,0.066
EOF3,3.0,20.0,-0.004104172810912132,0.066
EOF3,3.0,20.5,-0.0036556769628077745,0.066
EOF3,3.0,21.0,-0.003427491756156087,0.066
EOF3,3.0,21.5,-0.0033420855179429054,0.066
EOF3,3.0,22.0,-0.0034595399629324675,0.066
EOF3,3.0,22.5,-0.0035747969523072243,0.066
EOF3,3.0,23.0,-0.0029529696330428123,0.066
EOF3,3.0,23.5,-0.0027383414562791586,0.066
EOF3,3.0,24.0,-0.0029243992175906897,0.066
EOF3,3.0,24.5,-0.002912213560193777,0.066
EOF3,3.0,25.0,-0.0022980617359280586,0.066
EOF3,3.0,25.5,-0.0016855960711836815,0.066
EOF3,3.0,26.0,-0.001155763864517212,0.066
EOF3,3.0,26.5,-0.0005625508492812514,0.066
EOF3,3.0,27.0,9.3359180027619e-05,0.066
EOF3,3.0,27.5,0.0006471691885963082,0.066
EOF3,3.0,28.0,0.000884809298440814,0.066
EOF3,3.0,28.5,0.00045002184924669564,0.066
EOF3,3.0,29.0,-0.0002213927509728819,0.066
EOF3,3.0,29.5,-0.0009361961274407804,0.066
EOF3,3.0,30.0,-0.0016655449289828539,0.066
EOF3,3.0,30.5,-0.0031441692262887955,0.066
EOF3,3.0,31.0,-0.004251471254974604,0.066
EOF3,3.0,31.5,-0.004992390517145395,0.066
EOF3,3.0,32.0,-0.005776973441243172,0.066
EOF3,3.0,32.5,-0.006672610063105822,0.066
EOF3,3.0,33.0,-0.0075375838205218315,0.066
EOF3,3.0,33.5,-0.007075140718370676,0.066
EOF3,3.0,34.0,-0.00678374245762825,0.066
EOF3,3.0,34.5,-0.006677417550235987,0.066
EOF3,3.5,0.5,-0.0027248337864875793,0.066
EOF3,3.5,1.0,-0.0031938764732331038,0.066
EOF3,3.5,1.5,-0.003663602750748396,0.066
EOF3,3.5,2.0,-0.0037112412974238396,0.066
EOF3,3.5,2.5,-0.004026430658996105,0.066
EOF3,3.5,3.0,-0.004422632046043873,0.066
EOF3,3.5,3.5,-0.0048157209530472755,0.066
EOF3,3.5,4.0,-0.005332041531801224,0.066
EOF3,3.5,4.5,-0.005968708544969559,0.066
EOF3,3.5,5.0,-0.0066190194338560104,0.066
EOF3,3.5,5.5,-0.0071009485982358456,0.066
EOF3,3.5,6.0,-0.0071992212906479836,0.066
EOF3,3.5,6.5,-0.006951416376978159,0.066
EOF3,3.5,7.0,-0.006704971194267273,0.066
EOF3,3.5,7.5,-0.0064476896077394485,0.066
EOF3,3.5,8.0,-0.005478603765368462,0.066
EOF3,3.5,8.5,-0.0041081891395151615,0.066
EOF3,3.5,9.0,-0.0028232813347131014,0.066
EOF3,3.5,9.5,-0.0012855170061811805,0.066
EOF3,3.5,10.0,-2.0095620129723102e-05,0.066
EOF3,3.5,10.5,0.00011891158646903932,0.066
EOF3,3.5,11.0,0.00023932808835525066,0.066
EOF3,3.5,11.5,7.232925418065861e-05,0.066
EOF3,3.5,12.0,-0.000361982878530398,0.066
EOF3,3.5,12.5,-0.0007843777420930564,0.066
EOF3,3.5,13.0,-0.0013581335078924894,0.066
EOF3,3.5,13.5,-0.0021824275609105825,0.066
EOF3,3.5,14.0,-0.002681300276890397,0.066
EOF3,3.5,14.5,-0.003176080994307995,0.066
EOF3,3.5,15.0,-0.0036748298443853855,0.066
EOF3,3.5,15.5,-0.0043729254975914955,0.066
EOF3,3.5,16.0,-0.005098013672977686,0.066
EOF3,3.5,16.5,-0.005812215618789196,0.066
EOF3,3.5,17.0,-0.006301875226199627,0.066
EOF3,3.5,17.5,-0.006161294411867857,0.066
EOF3,3.5,18.0,-0.00602300651371479,0.066
EOF3,3.5,18.5,-0.005968285724520683,0.066
EOF3,3.5,19.0,-0.0057813250459730625,0.066
EOF3,3.5,19.5,-0.00530748488381505,0.066
EOF3,3.5,20.0,-0.004861959256231785,0.066
EOF3,3.5,20.5,-0.004418997094035149,0.066
EOF3,3.5,21.0,-0.0041915117762982845,0.066
EOF3,3.5,21.5,-0.0040397606790065765,0.066
EOF3,3.5,22.0,-0.0038845043163746595,0.066
EOF3,3.5,22.5,-0.00393487187102437,0.066
EOF3,3.5,23.0,-0.0033232243731617928,0.066
EOF3,3.5,23.5,-0.002705785445868969,0.066
EOF3,3.5,24.0,-0.002096491400152445,0.066
EOF3,3.5,24.5,-0.00207594595849514,0.066
EOF3,3.5,25.0,-0.0015121924225240946,0.066
EOF3,3.5,25.5,-0.0009898003190755844,0.066
EOF3,3.5,26.0,-0.0004684088344220072,0.066
EOF3,3.5,26.5,0.0001202471466967836,0.066
EOF3,3.5,27.0,0.00045678752940148115,0.066
EOF3,3.5,27.5,0.0006906937924213707,0.066
EOF3,3.5,28.0,0.0009267471032217145,0.066
EOF3,3.5,28.5,0.0004940335638821125,0.066
EOF3,3.5,29.0,-0.00016987284470815212,0.066
EOF3,3.5,29.5,-0.0008431248716078699,0.066
EOF3,3.5,30.0,-0.001554240589030087,0.066
EOF3,3.5,30.5,-0.0030207992531359196,0.066
EOF3,3.5,31.0,-0.0044732652604579926,0.066
EOF3,3.5,31.5,-0.0059020426124334335,0.066
EOF3,3.5,32.0,-0.006674385163933039,0.066
EOF3,3.5,32.5,-0.006868018768727779,0.066
EOF3,3.5,33.0,-0.006390510592609644,0.066
EOF3,3.5,33.5,-0.005892407614737749,0.066
EOF3,3.5,34.0,-0.005578312557190657,0.066
EOF3,3.5,34.5,-0.005453518126159906,0.066
EOF3,4.0,0.5,-0.003477836260572076,0.066
EOF3,4.0,1.0,-0.003944010939449072,0.066
EOF3,4.0,1.5,-0.004404439125210047,0.066
EOF3,4.0,2.0,-0.0031920119654387236,0.066
EOF3,4.0,2.5,-0.003583157667890191,0.066
EOF3,4.0,3.0,-0.003978542983531952,0.066
EOF3,4.0,3.5,-0.004370157606899738,0.066
EOF3,4.0,4.0,-0.0048852600157260895,0.066
EOF3,4.0,4.5,-0.005526232533156872,0.066
EOF3,4.0,5.0,-0.006167256738990545,0.066
EOF3,4.0,5.5,-0.006612222641706467,0.066
EOF3,4.0,6.0,-0.00710017466917634,0.066
EOF3,4.0,6.5,-0.006863386370241642,0.066
EOF3,4.0,7.0,-0.006621234118938446,0.066
EOF3,4.0,7.5,-0.006364788860082626,0.066
EOF3,4.0,8.0,-0.004170299507677555,0.066
EOF3,4.0,8.5,-0.002887842943891883,0.066
EOF3,4.0,9.0,-0.001680846675299108,0.066
EOF3,4.0,9.5,-0.0006723024998791516,0.066
EOF3,4.0,10.0,-0.0002901372208725661,0.066
EOF3,4.0,10.5,-0.0001371948455926031,0.066
EOF3,4.0,11.0,-4.806228844245197e-06,0.066
EOF3,4.0,11.5,-0.00016286593745462596,0.066
EOF3,4.0,12.0,-0.0005881039542146027,0.066
EOF3,4.0,12.5,-0.001008097780868411,0.066
EOF3,4.0,13.0,-0.0021614462602883577,0.066
EOF3,4.0,13.5,-0.0031153929885476828,0.066
EOF3,4.0,14.0,-0.0036231819540262222,0.066
EOF3,4.0,14.5,-0.004124954342842102,0.066
EOF3,4.0,15.0,-0.004635527264326811,0.066
EOF3,4.0,15.5,-0.0056006694212555885,0.066
EOF3,4.0,16.0,-0.006321564316749573,0.066
EOF3,4.0,16.5,-0.007035547401756048,0.066
EOF3,4.0,17.0,-0.0075200279243290424,0.066
EOF3,4.0,17.5,-0.007368310354650021,0.066
EOF3,4.0,18.0,-0.007216926198452711,0.066
EOF3,4.0,18.5,-0.006899236235767603,0.066
EOF3,4.0,19.0,-0.006266002543270588,0.066
EOF3,4.0,19.5,-0.005825417581945658,0.066
EOF3,4.0,20.0,-0.005379229784011841,0.066
EOF3,4.0,20.5,-0.005184527952224016,0.066
EOF3,4.0,21.0,-0.0050840917974710464,0.066
EOF3,4.0,21.5,-0.004934193566441536,0.066
EOF3,4.0,22.0,-0.004786017816513777,0.066
EOF3,4.0,22.5,-0.004249664954841137,0.066
EOF3,4.0,23.0,-0.0036404195707291365,0.066
EOF3,4.0,23.5,-0.0030310112051665783,0.066
EOF3,4.0,24.0,-0.002419640775769949,0.066
EOF3,4.0,24.5,-0.0017683054320514202,0.066
EOF3,4.0,25.0,-0.0007924521923996508,0.066
EOF3,4.0,25.5,-0.00027292175218462944,0.066
EOF3,4.0,26.0,0.0002528256445657462,0.066
EOF3,4.0,26.5,0.0002808604622259736,0.066
EOF3,4.0,27.0,0.0003315684152767062,0.066
EOF3,4.0,27.5,0.0005624552140943706,0.066
EOF3,4.0,28.0,0.0007964075193740427,0.066
EOF3,4.0,28.5,0.00036402614205144346,0.066
EOF3,4.0,29.0,-0.00029539703973568976,0.066
EOF3,4.0,29.5,-0.0009607441024854779,0.066
EOF3,4.0,30.0,-0.0017940968973562121,0.066
EOF3,4.0,30.5,-0.0032420007046312094,0.066
EOF3,4.0,31.0,-0.004679615143686533,0.066
EOF3,4.0,31.5,-0.006090786308050156,0.066
EOF3,4.0,32.0,-0.00738757848739624,0.066
EOF3,4.0,32.5,-0.00789798516780138,0.066
EOF3,4.0,33.0,-0.00742513220757246,0.066
EOF3,4.0,33.5,-0.006935513578355312,0.066
EOF3,4.0,34.0,-0.006638031918555498,0.066
EOF3,4.0,34.5,-0.006534192711114883,0.066
EOF3,4.5,0.5,-0.005876341834664345,0.066
EOF3,4.5,1.0,-0.005248506553471088,0.066
EOF3,4.5,1.5,-0.0035072138998657465,0.066
EOF3,4.5,2.0,-0.002282600849866867,0.066
EOF3,4.5,2.5,-0.002668569330126047,0.066
EOF3,4.5,3.0,-0.003056339919567108,0.066
EOF3,4.5,3.5,-0.003441312350332737,0.066
EOF3,4.5,4.0,-0.003963556606322527,0.066
EOF3,4.5,4.5,-0.004605436697602272,0.066
EOF3,4.5,5.0,-0.004885783419013023,0.066
EOF3,4.5,5.5,-0.005147330928593874,0.066
EOF3,4.5,6.0,-0.0056604500859975815,0.066
EOF3,4.5,6.5,-0.006238490808755159,0.066
EOF3,4.5,7.0,-0.006404398009181023,0.066
EOF3,4.5,7.5,-0.006157831288874149,0.066
EOF3,4.5,8.0,-0.0038410695269703865,0.066
EOF3,4.5,8.5,-0.0016182685503736138,0.066
EOF3,4.5,9.0,-0.0002500461705494672,0.066
EOF3,4.5,9.5,0.0006720542442053556,0.066
EOF3,4.5,10.0,0.0011922505218535662,0.066
EOF3,4.5,10.5,0.0016763856401666999,0.066
EOF3,4.5,11.0,0.001713355421088636,0.066
EOF3,4.5,11.5,0.0014984355075284839,0.066
EOF3,4.5,12.0,0.0010433185379952192,0.066
EOF3,4.5,12.5,-0.0008895793580450118,0.066
EOF3,4.5,13.0,-0.0027979181613773108,0.066
EOF3,4.5,13.5,-0.003762996755540371,0.066
EOF3,4.5,14.0,-0.004442855250090361,0.066
EOF3,4.5,14.5,-0.005053288768976927,0.066
EOF3,4.5,15.0,-0.005577489268034697,0.066
EOF3,4.5,15.5,-0.006635462865233421,0.066
EOF3,4.5,16.0,-0.007661173585802317,0.066
EOF3,4.5,16.5,-0.008438131771981716,0.066
EOF3,4.5,17.0,-0.008925220929086208,0.066
EOF3,4.5,17.5,-0.008761368691921234,0.066
EOF3,4.5,18.0,-0.008064819499850273,0.066
EOF3,4.5,18.5,-0.0072088041342794895,0.066
EOF3,4.5,19.0,-0.006567041389644146,0.066
EOF3,4.5,19.5,-0.006122041027992964,0.066
EOF3,4.5,20.0,-0.006174096371978521,0.066
EOF3,4.5,20.5,-0.0062320944853127,0.066
EOF3,4.5,21.0,-0.0061308275908231735,0.066
EOF3,4.5,21.5,-0.005851453635841608,0.066
EOF3,4.5,22.0,-0.0051868329755961895,0.066
EOF3,4.5,22.5,-0.004527234937995672,0.066
EOF3,4.5,23.0,-0.003917213995009661,0.066
EOF3,4.5,23.5,-0.0034188556019216776,0.066
EOF3,4.5,24.0,-0.0030334796756505966,0.066
EOF3,4.5,24.5,-0.0023833448067307472,0.066
EOF3,4.5,25.0,-0.0009617575560696423,0.066
EOF3,4.5,25.5,0.00047802049084566534,0.066
EOF3,4.5,26.0,0.0010101362131536007,0.066
EOF3,4.5,26.5,0.0010390309616923332,0.066
EOF3,4.5,27.0,0.0005674181738868356,0.066
EOF3,4.5,27.5,0.0002655652351677418,0.066
EOF3,4.5,28.0,0.0004981411038897932,0.066
EOF3,4.5,28.5,7.184161950135604e-05,0.066
EOF3,4.5,29.0,-0.000631325354333967,0.066
EOF3,4.5,29.5,-0.0014932332560420036,0.066
EOF3,4.5,30.0,-0.0023658249992877245,0.066
EOF3,4.5,30.5,-0.0037952603306621313,0.066
EOF3,4.5,31.0,-0.0051284958608448505,0.066
EOF3,4.5,31.5,-0.006365056149661541,0.066
EOF3,4.5,32.0,-0.007638913579285145,0.066
EOF3,4.5,32.5,-0.009123576804995537,0.066
EOF3,4.5,33.0,-0.01067030057311058,0.066
EOF3,4.5,33.5,-0.010240187868475914,0.066
EOF3,4.5,34.0,-0.009992366656661034,0.066
EOF3,4.5,34.5,-0.009921988472342491,0.066
EOF3,5.0,0.5,-0.006080959923565388,0.066
EOF3,5.0,1.0,-0.0043592569418251514,0.066
EOF3,5.0,1.5,-0.002632118994370103,0.066
EOF3,5.0,2.0,-0.0014155517565086484,0.066
EOF3,5.0,2.5,-0.001791283953934908,0.066
EOF3,5.0,3.0,-0.002175700617954135,0.066
EOF3,5.0,3.5,-0.0025541239883750677,0.066
EOF3,5.0,4.0,-0.0029041387606412172,0.066
EOF3,5.0,4.5,-0.00321180815808475,0.066
EOF3,5.0,5.0,-0.0035115352366119623,0.066
EOF3,5.0,5.5,-0.0037982789799571037,0.066
EOF3,5.0,6.0,-0.004315011203289032,0.066
EOF3,5.0,6.5,-0.004904079716652632,0.066
EOF3,5.0,7.0,-0.005470974836498499,0.066
EOF3,5.0,7.5,-0.00599251501262188,0.066
EOF3,5.0,8.0,-0.003812185488641262,0.066
EOF3,5.0,8.5,-0.0017137088580057025,0.066
EOF3,5.0,9.0,0.0003021401062142104,0.066
EOF3,5.0,9.5,0.0018756594508886337,0.066
EOF3,5.0,10.0,0.0023395970929414034,0.066
EOF3,5.0,10.5,0.0027753845788538456,0.066
EOF3,5.0,11.0,0.0031859944574534893,0.066
EOF3,5.0,11.5,0.0023812816943973303,0.066
EOF3,5.0,12.0,0.00040425732731819153,0.066
EOF3,5.0,12.5,-0.0015382005367428064,0.066
EOF3,5.0,13.0,-0.0034432190004736185,0.066
EOF3,5.0,13.5,-0.00442125229164958,0.066
EOF3,5.0,14.0,-0.0051167914643883705,0.066
EOF3,5.0,14.5,-0.005836073774844408,0.066
EOF3,5.0,15.0,-0.006577468942850828,0.066
EOF3,5.0,15.5,-0.007647305261343718,0.066
EOF3,5.0,16.0,-0.008683842606842518,0.066
EOF3,5.0,16.5,-0.009687286801636219,0.066
EOF3,5.0,17.0,-0.010188035666942596,0.066
EOF3,5.0,17.5,-0.009280091151595116,0.066
EOF3,5.0,18.0,-0.008389974012970924,0.066
EOF3,5.0,18.5,-0.0075243376195430756,0.066
EOF3,5.0,19.0,-0.007128079887479544,0.066
EOF3,5.0,19.5,-0.00718558207154274,0.066
EOF3,5.0,20.0,-0.007242171093821526,0.066
EOF3,5.0,20.5,-0.007292620372027159,0.066
EOF3,5.0,21.0,-0.006803641561418772,0.066
EOF3,5.0,21.5,-0.0061328355222940445,0.066
EOF3,5.0,22.0,-0.005467613227665424,0.066
EOF3,5.0,22.5,-0.004805227741599083,0.066
EOF3,5.0,23.0,-0.004411378409713507,0.066
EOF3,5.0,23.5,-0.004026417154818773,0.066
EOF3,5.0,24.0,-0.0036384733393788338,0.066
EOF3,5.0,24.5,-0.0030069705098867416,0.066
EOF3,5.0,25.0,-0.0015842964639887214,0.066
EOF3,5.0,25.5,-0.00015350083413068205,0.066
EOF3,5.0,26.0,0.0012916943524032831,0.066
EOF3,5.0,26.5,0.0017839078791439533,0.066
EOF3,5.0,27.0,0.001315720728598535,0.066
EOF3,5.0,27.5,0.0008426212007179856,0.066
EOF3,5.0,28.0,0.000373556453268975,0.066
EOF3,5.0,28.5,-0.00035964642302133143,0.066
EOF3,5.0,29.0,-0.0012082024477422237,0.066
EOF3,5.0,29.5,-0.0020563809666782618,0.066
EOF3,5.0,30.0,-0.002920546568930149,0.066
EOF3,5.0,30.5,-0.00417446019127965,0.066
EOF3,5.0,31.0,-0.005409666802734137,0.066
EOF3,5.0,31.5,-0.00662531703710556,0.066
EOF3,5.0,32.0,-0.007868261076509953,0.066
EOF3,5.0,32.5,-0.009329661726951599,0.066
EOF3,5.0,33.0,-0.01087089441716671,0.066
EOF3,5.0,33.5,-0.012487895786762238,0.066
EOF3,5.0,34.0,-0.010931124910712242,0.066
EOF3,5.0,34.5,-0.006099286954849958,0.066
EOF3,5.5,0.5,-0.010072597302496433,0.066
EOF3,5.5,1.0,-0.009418625384569168,0.066
EOF3,5.5,1.5,-0.007750122807919979,0.066
EOF3,5.5,2.0,-0.006593023426830769,0.066
EOF3,5.5,2.5,-0.006969481240957975,0.066
EOF3,5.5,3.0,-0.007338270079344511,0.066
EOF3,5.5,3.5,-0.007139604073017836,0.066
EOF3,5.5,4.0,-0.007146921474486589,0.066
EOF3,5.5,4.5,-0.007363959681242704,0.066
EOF3,5.5,5.0,-0.00787406973540783,0.066
EOF3,5.5,5.5,-0.009208428673446178,0.066
EOF3,5.5,6.0,-0.009122371673583984,0.066
EOF3,5.5,6.5,-0.00885095540434122,0.066
EOF3,5.5,7.0,-0.009311860427260399,0.066
EOF3,5.5,7.5,-0.009742310270667076,0.066
EOF3,5.5,8.0,-0.007617421448230743,0.066
EOF3,5.5,8.5,-0.00556583097204566,0.066
EOF3,5.5,9.0,-0.002081964397802949,0.066
EOF3,5.5,9.5,0.0007849420071579516,0.066
EOF3,5.5,10.0,5.329227860784158e-05,0.066
EOF3,5.5,10.5,0.00025625896523706615,0.066
EOF3,5.5,11.0,0.0007475164602510631,0.066
EOF3,5.5,11.5,-3.432370431255549e-05,0.066
EOF3,5.5,12.0,-0.002031665062531829,0.066
EOF3,5.5,12.5,-0.003971523605287075,0.066
EOF3,5.5,13.0,-0.005817718803882599,0.066
EOF3,5.5,13.5,-0.006829221732914448,0.066
EOF3,5.5,14.0,-0.007589595392346382,0.066
EOF3,5.5,14.5,-0.007761313114315271,0.066
EOF3,5.5,15.0,-0.007344319485127926,0.066
EOF3,5.5,15.5,-0.007820776663720608,0.066
EOF3,5.5,16.0,-0.008569500409066677,0.066
EOF3,5.5,16.5,-0.009569208137691021,0.066
EOF3,5.5,17.0,-0.010071158409118652,0.066
EOF3,5.5,17.5,-0.00917026400566101,0.066
EOF3,5.5,18.0,-0.008291834965348244,0.066
EOF3,5.5,18.5,-0.008704750798642635,0.066
EOF3,5.5,19.0,-0.008821433410048485,0.066
EOF3,5.5,19.5,-0.008643637411296368,0.066
EOF3,5.5,20.0,-0.008697387762367725,0.066
EOF3,5.5,20.5,-0.008756863884627819,0.066
EOF3,5.5,21.0,-0.008262093178927898,0.066
EOF3,5.5,21.5,-0.007583717815577984,0.066
EOF3,5.5,22.0,-0.006311324425041676,0.066
EOF3,5.5,22.5,-0.004443149082362652,0.066
EOF3,5.5,23.0,-0.0040460857562720776,0.066
EOF3,5.5,23.5,-0.0036600609309971333,0.066
EOF3,5.5,24.0,-0.0028457518201321363,0.066
EOF3,5.5,24.5,-0.002259887056425214,0.066
EOF3,5.5,25.0,-0.0028251607436686754,0.066
EOF3,5.5,25.5,-0.0019040991319343448,0.066
EOF3,5.5,26.0,-0.0004662195569835603,0.066
EOF3,5.5,26.5,2.0116449377383105e-05,0.066
EOF3,5.5,27.0,-0.00044538688962347806,0.066
EOF3,5.5,27.5,-0.0006402828730642796,0.066
EOF3,5.5,28.0,-2.201517236244399e-05,0.066
EOF3,5.5,28.5,-5.014138878323138e-05,0.066
EOF3,5.5,29.0,-0.0004462484212126583,0.066
EOF3,5.5,29.5,-0.001296777161769569,0.066
EOF3,5.5,30.0,-0.0021589722018688917,0.066
EOF3,5.5,30.5,-0.003400839399546385,0.066
EOF3,5.5,31.0,-0.0046318634413182735,0.066
EOF3,5.5,31.5,-0.005855469033122063,0.066
EOF3,5.5,32.0,-0.006492176093161106,0.066
EOF3,5.5,32.5,-0.005422023590654135,0.066
EOF3,5.5,33.0,-0.0061966488137841225,0.066
EOF3,5.5,33.5,-0.007652802858501673,0.066
EOF3,5.5,34.0,-0.006064268294721842,0.066
EOF3,5.5,34.5,-0.001380415284074843,0.066
EOF3,6.0,0.5,-0.01176774688065052,0.066
EOF3,6.0,1.0,-0.012177458964288235,0.066
EOF3,6.0,1.5,-0.012604179792106152,0.066
EOF3,6.0,2.0,-0.011504444293677807,0.066
EOF3,6.0,2.5,-0.011600110679864883,0.066
EOF3,6.0,3.0,-0.011413853615522385,0.066
EOF3,6.0,3.5,-0.01122984942048788,0.066
EOF3,6.0,4.0,-0.011203072033822536,0.066
EOF3,6.0,4.5,-0.012170415371656418,0.066
EOF3,6.0,5.0,-0.013338829390704632,0.066
EOF3,6.0,5.5,-0.014427940361201763,0.066
EOF3,6.0,6.0,-0.01419742126017809,0.066
EOF3,6.0,6.5,-0.013567154295742512,0.066
EOF3,6.0,7.0,-0.012975999154150486,0.066
EOF3,6.0,7.5,-0.013087672181427479,0.066
EOF3,6.0,8.0,-0.010605053044855595,0.066
EOF3,6.0,8.5,-0.006797873415052891,0.066
EOF3,6.0,9.0,-0.002863954519852996,0.066
EOF3,6.0,9.5,-1.1372946573828813e-05,0.066
EOF3,6.0,10.0,-0.0007332605309784412,0.066
EOF3,6.0,10.5,-0.0014375344617292285,0.066
EOF3,6.0,11.0,-0.0018154662102460861,0.066
EOF3,6.0,11.5,-0.0025651685427874327,0.066
EOF3,6.0,12.0,-0.004526983946561813,0.066
EOF3,6.0,12.5,-0.006430632434785366,0.066
EOF3,6.0,13.0,-0.00830762181431055,0.066
EOF3,6.0,13.5,-0.009370082058012486,0.066
EOF3,6.0,14.0,-0.008933461271226406,0.066
EOF3,6.0,14.5,-0.00850455742329359,0.066
EOF3,6.0,15.0,-0.008084291592240334,0.066
EOF3,6.0,15.5,-0.00854408461600542,0.066
EOF3,6.0,16.0,-0.009001935832202435,0.066
EOF3,6.0,16.5,-0.009453332051634789,0.066
EOF3,6.0,17.0,-0.009950621984899044,0.066
EOF3,6.0,17.5,-0.00970399659126997,0.066
EOF3,6.0,18.0,-0.010112453252077103,0.066
EOF3,6.0,18.5,-0.010506292805075645,0.066
EOF3,6.0,19.0,-0.010614226572215557,0.066
EOF3,6.0,19.5,-0.01043093390762806,0.066
EOF3,6.0,20.0,-0.010249609127640724,0.066
EOF3,6.0,20.5,-0.010187316685914993,0.066
EOF3,6.0,21.0,-0.009685009717941284,0.066
EOF3,6.0,21.5,-0.007815293967723846,0.066
EOF3,6.0,22.0,-0.005938401911407709,0.066
EOF3,6.0,22.5,-0.004072867333889008,0.066
EOF3,6.0,23.0,-0.0035369396209716797,0.066
EOF3,6.0,23.5,-0.0025724435690790415,0.066
EOF3,6.0,24.0,-0.0016052352730184793,0.066
EOF3,6.0,24.5,-0.00102129764854908,0.066
EOF3,6.0,25.0,-0.00158674584235996,0.066
EOF3,6.0,25.5,-0.0021529027726501226,0.066
EOF3,6.0,26.0,-0.0022240655962377787,0.066
EOF3,6.0,26.5,-0.0017393657471984625,0.066
EOF3,6.0,27.0,-0.001381609938107431,0.066
EOF3,6.0,27.5,-0.0007574580376967788,0.066
EOF3,6.0,28.0,-0.00014471866597887129,0.066
EOF3,6.0,28.5,-0.000173175212694332,0.066
EOF3,6.0,29.0,-0.0004234677762724459,0.066
EOF3,6.0,29.5,-0.0006801498821005225,0.066
EOF3,6.0,30.0,-0.001392357749864459,0.066
EOF3,6.0,30.5,-0.0026388606056571007,0.066
EOF3,6.0,31.0,-0.003869544016197324,0.066
EOF3,6.0,31.5,-0.005079138558357954,0.066
EOF3,6.0,32.0,-0.00572102889418602,0.066
EOF3,6.0,32.5,-0.0046477122232317924,0.066
EOF3,6.0,33.0,-0.0035581227857619524,0.066
EOF3,6.0,33.5,-0.003078035544604063,0.066
EOF3,6.0,34.0,-0.0014793957816436887,0.066
EOF3,6.0,34.5,-0.0005889871390536427,0.066
EOF3,6.5,0.5,-0.01290016621351242,0.066
EOF3,6.5,1.0,-0.013332146219909191,0.066
EOF3,6.5,1.5,-0.013807380571961403,0.066
EOF3,6.5,2.0,-0.014585702680051327,0.066
EOF3,6.5,2.5,-0.014982650987803936,0.066
EOF3,6.5,3.0,-0.014816236682236195,0.066
EOF3,6.5,3.5,-0.014647867530584335,0.066
EOF3,6.5,4.0,-0.015114006586372852,0.066
EOF3,6.5,4.5,-0.016146592795848846,0.066
EOF3,6.5,5.0,-0.0171090979129076,0.066
EOF3,6.5,5.5,-0.017166221514344215,0.066
EOF3,6.5,6.0,-0.0164412260055542,0.066
EOF3,6.5,6.5,-0.01577368564903736,0.066
EOF3,6.5,7.0,-0.015139696188271046,0.066
EOF3,6.5,7.5,-0.015949176624417305,0.066
EOF3,6.5,8.0,-0.012328852899372578,0.066
EOF3,6.5,8.5,-0.008568694815039635,0.066
EOF3,6.5,9.0,-0.004691096022725105,0.066
EOF3,6.5,9.5,-0.0031753433868288994,0.066
EOF3,6.5,10.0,-0.003850401844829321,0.066
EOF3,6.5,10.5,-0.004515965469181538,0.066
EOF3,6.5,11.0,-0.005285714752972126,0.066
EOF3,6.5,11.5,-0.004414856433868408,0.066
EOF3,6.5,12.0,-0.005161046050488949,0.066
EOF3,6.5,12.5,-0.007079978473484516,0.066
EOF3,6.5,13.0,-0.008974510245025158,0.066
EOF3,6.5,13.5,-0.010112319141626358,0.066
EOF3,6.5,14.0,-0.009676347486674786,0.066
EOF3,6.5,14.5,-0.0092458575963974,0.066
EOF3,6.5,15.0,-0.008827272802591324,0.066
EOF3,6.5,15.5,-0.00927004311233759,0.066
EOF3,6.5,16.0,-0.009715387597680092,0.066
EOF3,6.5,16.5,-0.010156361386179924,0.066
EOF3,6.5,17.0,-0.010380340740084648,0.066
EOF3,6.5,17.5,-0.011076380498707294,0.066
EOF3,6.5,18.0,-0.011464815586805344,0.066
EOF3,6.5,18.5,-0.01184817310422659,0.066
EOF3,6.5,19.0,-0.012025890871882439,0.066
EOF3,6.5,19.5,-0.011887334287166595,0.066
EOF3,6.5,20.0,-0.01170208491384983,0.066
EOF3,6.5,20.5,-0.011521427892148495,0.066
EOF3,6.5,21.0,-0.010071373544633389,0.066
EOF3,6.5,21.5,-0.008204538375139236,0.066
EOF3,6.5,22.0,-0.006336696911603212,0.066
EOF3,6.5,22.5,-0.003517299424856901,0.066
EOF3,6.5,23.0,-0.003080920549109578,0.066
EOF3,6.5,23.5,-0.0021165478974580765,0.066
EOF3,6.5,24.0,-0.0011479632230475545,0.066
EOF3,6.5,24.5,-0.0005635300767607987,0.066
EOF3,6.5,25.0,-0.001129579613916576,0.066
EOF3,6.5,25.5,-0.001693050260655582,0.066
EOF3,6.5,26.0,-0.002450849860906601,0.066
EOF3,6.5,26.5,-0.0018511218950152397,0.066
EOF3,6.5,27.0,-0.0007489490089938045,0.066
EOF3,6.5,27.5,-0.00012667571718338877,0.066
EOF3,6.5,28.0,0.0004794812120962888,0.066
EOF3,6.5,28.5,-0.00011391111183911562,0.066
EOF3,6.5,29.0,-0.00036312409793026745,0.066
EOF3,6.5,29.5,-0.0006137579912319779,0.066
EOF3,6.5,30.0,-0.0008796840556897223,0.066
EOF3,6.5,30.5,-0.002129774307832122,0.066
EOF3,6.5,31.0,-0.0033630430698394775,0.066
EOF3,6.5,31.5,-0.004562178160995245,0.066
EOF3,6.5,32.0,-0.004103815648704767,0.066
EOF3,6.5,32.5,-0.0030192630365490913,0.066
EOF3,6.5,33.0,-0.00192612677346915,0.066
EOF3,6.5,33.5,-0.0015631886199116707,0.066
EOF3,6.5,34.0,-0.0011130536440759897,0.066
EOF3,6.5,34.5,-0.0006576529704034328,0.066
EOF3,7.0,0.5,-0.013646217063069344,0.066
EOF3,7.0,1.0,-0.014200353063642979,0.066
EOF3,7.0,1.5,-0.0148687232285738,0.066
EOF3,7.0,2.0,-0.015583519823849201,0.066
EOF3,7.0,2.5,-0.016463210806250572,0.066
EOF3,7.0,3.0,-0.01734587363898754,0.066
EOF3,7.0,3.5,-0.017212366685271263,0.066
EOF3,7.0,4.0,-0.01760195568203926,0.066
EOF3,7.0,4.5,-0.01847105100750923,0.066
EOF3,7.0,5.0,-0.017684727907180786,0.066
EOF3,7.0,5.5,-0.016891062259674072,0.066
EOF3,7.0,6.0,-0.016186069697141647,0.066
EOF3,7.0,6.5,-0.016036706045269966,0.066
EOF3,7.0,7.0,-0.017343034967780113,0.066
EOF3,7.0,7.5,-0.0185935627669096,0.066
EOF3,7.0,8.0,-0.015040297992527485,0.066
EOF3,7.0,8.5,-0.012125211767852306,0.066
EOF3,7.0,9.0,-0.0099697420373559,0.066
EOF3,7.0,9.5,-0.008494991809129715,0.066
EOF3,7.0,10.0,-0.009096414782106876,0.066
EOF3,7.0,10.5,-0.01010812446475029,0.066
EOF3,7.0,11.0,-0.011274873279035091,0.066
EOF3,7.0,11.5,-0.010386613197624683,0.066
EOF3,7.0,12.0,-0.007496541831642389,0.066
EOF3,7.0,12.5,-0.0058450051583349705,0.066
EOF3,7.0,13.0,-0.00774004403501749,0.066
EOF3,7.0,13.5,-0.008892368525266647,0.066
EOF3,7.0,14.0,-0.009777864441275597,0.066
EOF3,7.0,14.5,-0.009990651160478592,0.066
EOF3,7.0,15.0,-0.009570223279297352,0.066
EOF3,7.0,15.5,-0.010007869452238083,0.066
EOF3,7.0,16.0,-0.010207775048911572,0.066
EOF3,7.0,16.5,-0.010169881395995617,0.066
EOF3,7.0,17.0,-0.010388490743935108,0.066
EOF3,7.0,17.5,-0.011378751136362553,0.066
EOF3,7.0,18.0,-0.012362482026219368,0.066
EOF3,7.0,18.5,-0.012738880701363087,0.066
EOF3,7.0,19.0,-0.012905712239444256,0.066
EOF3,7.0,19.5,-0.012887963093817234,0.066
EOF3,7.0,20.0,-0.012828751467168331,0.066
EOF3,7.0,20.5,-0.012644222006201744,0.066
EOF3,7.0,21.0,-0.011203056201338768,0.066
EOF3,7.0,21.5,-0.009028715081512928,0.066
EOF3,7.0,22.0,-0.005895533133298159,0.066
EOF3,7.0,22.5,-0.00275437138043344,0.066
EOF3,7.0,23.0,-0.002502960152924061,0.066
EOF3,7.0,23.5,-0.002261384390294552,0.066
EOF3,7.0,24.0,-0.0014740829356014729,0.066
EOF3,7.0,24.5,-0.0008830406004562974,0.066
EOF3,7.0,25.0,-0.0014505801955237985,0.066
EOF3,7.0,25.5,-0.0025829027872532606,0.066
EOF3,7.0,26.0,-0.003893429646268487,0.066
EOF3,7.0,26.5,-0.0032940178643912077,0.066
EOF3,7.0,27.0,-0.000775348162278533,0.066
EOF3,7.0,27.5,0.0012814761139452457,0.066
EOF3,7.0,28.0,0.0018828748725354671,0.066
EOF3,7.0,28.5,0.0012817386304959655,0.066
EOF3,7.0,29.0,0.0002661898033693433,0.066
EOF3,7.0,29.5,-0.0003693355538416654,0.066
EOF3,7.0,30.0,-0.0006276110652834177,0.066
EOF3,7.0,30.5,-0.0018749214941635728,0.066
EOF3,7.0,31.0,-0.00235629896633327,0.066
EOF3,7.0,31.5,-0.0020889677107334137,0.066
EOF3,7.0,32.0,-0.001610898762010038,0.066
EOF3,7.0,32.5,-0.0005108112236484885,0.066
EOF3,7.0,33.0,-0.0016272953944280744,0.066
EOF3,7.0,33.5,-0.0034971192944794893,0.066
EOF3,7.0,34.0,-0.003069877391681075,0.066
EOF3,7.0,34.5,-0.00023923513072077185,0.066
EOF3,7.5,0.5,-0.014526956714689732,0.066
EOF3,7.5,1.0,-0.015139630995690823,0.066
EOF3,7.5,1.5,-0.01575709506869316,0.066
EOF3,7.5,2.0,-0.016421671956777573,0.066
EOF3,7.5,2.5,-0.01724298484623432,0.066
EOF3,7.5,3.0,-0.018074125051498413,0.066
EOF3,7.5,3.5,-0.018909137696027756,0.066
EOF3,7.5,4.0,-0.018955890089273453,0.066
EOF3,7.5,4.5,-0.018184036016464233,0.066
EOF3,7.5,5.0,-0.017408281564712524,0.066
EOF3,7.5,5.5,-0.016636772081255913,0.066
EOF3,7.5,6.0,-0.017427707090973854,0.066
EOF3,7.5,6.5,-0.018727406859397888,0.066
EOF3,7.5,7.0,-0.0199914388358593,0.066
EOF3,7.5,7.5,-0.021199245005846024,0.066
EOF3,7.5,8.0,-0.019138984382152557,0.066
EOF3,7.5,8.5,-0.01705729030072689,0.066
EOF3,7.5,9.0,-0.014961488544940948,0.066
EOF3,7.5,9.5,-0.013672508299350739,0.066
EOF3,7.5,10.0,-0.014845984987914562,0.066
EOF3,7.5,10.5,-0.016027238219976425,0.066
EOF3,7.5,11.0,-0.017224537208676338,0.066
EOF3,7.5,11.5,-0.016331523656845093,0.066
EOF3,7.5,12.0,-0.01338342484086752,0.066
EOF3,7.5,12.5,-0.010487505234777927,0.066
EOF3,7.5,13.0,-0.007654064334928989,0.066
EOF3,7.5,13.5,-0.007693330757319927,0.066
EOF3,7.5,14.0,-0.008592686615884304,0.066
EOF3,7.5,14.5,-0.009467540308833122,0.066
EOF3,7.5,15.0,-0.010304859839379787,0.066
EOF3,7.5,15.5,-0.010265130549669266,0.066
EOF3,7.5,16.0,-0.010225331410765648,0.066
EOF3,7.5,16.5,-0.010190901346504688,0.066
EOF3,7.5,17.0,-0.010402982123196125,0.066
EOF3,7.5,17.5,-0.011373334564268589,0.066
EOF3,7.5,18.0,-0.012349351309239864,0.066
EOF3,7.5,18.5,-0.013316626660525799,0.066
EOF3,7.5,19.0,-0.013791121542453766,0.066
EOF3,7.5,19.5,-0.013762881979346275,0.066
EOF3,7.5,20.0,-0.013738542795181274,0.066
EOF3,7.5,20.5,-0.013713996857404709,0.066
EOF3,7.5,21.0,-0.011399160139262676,0.066
EOF3,7.5,21.5,-0.00828672293573618,0.066
EOF3,7.5,22.0,-0.005150152835994959,0.066
EOF3,7.5,22.5,-0.002005753805860877,0.066
EOF3,7.5,23.0,-0.0017518046079203486,0.066
EOF3,7.5,23.5,-0.0015108630759641528,0.066
EOF3,7.5,24.0,-0.0012663764646276832,0.066
EOF3,7.5,24.5,-0.001390563091263175,0.066
EOF3,7.5,25.0,-0.0027009856421500444,0.066
EOF3,7.5,25.5,-0.004009973257780075,0.066
EOF3,7.5,26.0,-0.005317515693604946,0.066
EOF3,7.5,26.5,-0.004724078346043825,0.066
EOF3,7.5,27.0,-0.002216380089521408,0.066
EOF3,7.5,27.5,0.0003037704445887357,0.066
EOF3,7.5,28.0,0.002845252864062786,0.066
EOF3,7.5,28.5,0.0027012103237211704,0.066
EOF3,7.5,29.0,0.0016760980943217874,0.066
EOF3,7.5,29.5,0.0006496889400295913,0.066
EOF3,7.5,30.0,-0.000380874756956473,0.066
EOF3,7.5,30.5,-0.00012366472219582647,0.066
EOF3,7.5,31.0,0.0001437595929019153,0.066
EOF3,7.5,31.5,0.0004166022699791938,0.066
EOF3,7.5,32.0,0.0001754407858243212,0.066
EOF3,7.5,32.5,-0.0016949463170021772,0.066
EOF3,7.5,33.0,-0.003572259098291397,0.066
EOF3,7.5,33.5,-0.005461628083139658,0.066
EOF3,7.5,34.0,-0.005047930404543877,0.066
EOF3,7.5,34.5,-0.002242731861770153,0.066
EOF3,8.0,0.5,-0.012589961290359497,0.066
EOF3,8.0,1.0,-0.013787084259092808,0.066
EOF3,8.0,1.5,-0.014392497017979622,0.066
EOF3,8.0,2.0,-0.015045990236103535,0.066
EOF3,8.0,2.5,-0.015847552567720413,0.066
EOF3,8.0,3.0,-0.016661427915096283,0.066
EOF3,8.0,3.5,-0.01800449751317501,0.066
EOF3,8.0,4.0,-0.018607689067721367,0.066
EOF3,8.0,4.5,-0.01844201795756817,0.066
EOF3,8.0,5.0,-0.01767868734896183,0.066
EOF3,8.0,5.5,-0.016905970871448517,0.066
EOF3,8.0,6.0,-0.017701560631394386,0.066
EOF3,8.0,6.5,-0.018987987190485,0.066
EOF3,8.0,7.0,-0.01966031640768051,0.066
EOF3,8.0,7.5,-0.019731644541025162,0.066
EOF3,8.0,8.0,-0.01847326196730137,0.066
EOF3,8.0,8.5,-0.0168081596493721,0.066
EOF3,8.0,9.0,-0.014719481579959393,0.066
EOF3,8.0,9.5,-0.013437236659228802,0.066
EOF3,8.0,10.0,-0.014600157737731934,0.066
EOF3,8.0,10.5,-0.01577851176261902,0.066
EOF3,8.0,11.0,-0.01647542603313923,0.066
EOF3,8.0,11.5,-0.015373947098851204,0.066
EOF3,8.0,12.0,-0.01251978613436222,0.066
EOF3,8.0,12.5,-0.010447002947330475,0.066
EOF3,8.0,13.0,-0.010597100481390953,0.066
EOF3,8.0,13.5,-0.011269423179328442,0.066
EOF3,8.0,14.0,-0.01209323387593031,0.066
EOF3,8.0,14.5,-0.012419871985912323,0.066
EOF3,8.0,15.0,-0.012266506440937519,0.066
EOF3,8.0,15.5,-0.012427108362317085,0.066
EOF3,8.0,16.0,-0.01247770618647337,0.066
EOF3,8.0,16.5,-0.012412373907864094,0.066
EOF3,8.0,17.0,-0.012341816909611225,0.066
EOF3,8.0,17.5,-0.012244976125657558,0.066
EOF3,8.0,18.0,-0.012999197468161583,0.066
EOF3,8.0,18.5,-0.014026690274477005,0.066
EOF3,8.0,19.0,-0.01452710572630167,0.066
EOF3,8.0,19.5,-0.014493278227746487,0.066
EOF3,8.0,20.0,-0.014094418846070766,0.066
EOF3,8.0,20.5,-0.012653641402721405,0.066
EOF3,8.0,21.0,-0.011878740042448044,0.066
EOF3,8.0,21.5,-0.01069670356810093,0.066
EOF3,8.0,22.0,-0.007595779374241829,0.066
EOF3,8.0,22.5,-0.0044860271736979485,0.066
EOF3,8.0,23.0,-0.004240585956722498,0.066
EOF3,8.0,23.5,-0.0040034023113548756,0.066
EOF3,8.0,24.0,-0.004913108889013529,0.066
EOF3,8.0,24.5,-0.005277628544718027,0.066
EOF3,8.0,25.0,-0.0028279481921344995,0.066
EOF3,8.0,25.5,-0.0031950706616044044,0.066
EOF3,8.0,26.0,-0.004495612811297178,0.066
EOF3,8.0,26.5,-0.003908006940037012,0.066
EOF3,8.0,27.0,-0.0014098247047513723,0.066
EOF3,8.0,27.5,0.000723188859410584,0.066
EOF3,8.0,28.0,0.0017086946172639728,0.066
EOF3,8.0,28.5,0.0012010663049295545,0.066
EOF3,8.0,29.0,0.00018553933477960527,0.066
EOF3,8.0,29.5,-0.0008629616349935532,0.066
EOF3,8.0,30.0,-0.00196819263510406,0.066
EOF3,8.0,30.5,-0.001821292215026915,0.066
EOF3,8.0,31.0,-0.0016044522635638714,0.066
EOF3,8.0,31.5,-0.0013318805722519755,0.066
EOF3,8.0,32.0,-0.0015991756226867437,0.066
EOF3,8.0,32.5,-0.003494851291179657,0.066
EOF3,8.0,33.0,-0.00540561368688941,0.066
EOF3,8.0,33.5,-0.007280370220541954,0.066
EOF3,8.0,34.0,-0.005950108636170626,0.066
EOF3,8.0,34.5,-0.0014398929197341204,0.066
EOF3,8.5,0.5,-0.00946789514273405,0.066
EOF3,8.5,1.0,-0.011279593221843243,0.066
EOF3,8.5,1.5,-0.013044267892837524,0.066
EOF3,8.5,2.0,-0.013696487993001938,0.066
EOF3,8.5,2.5,-0.014726894907653332,0.066
EOF3,8.5,3.0,-0.016033979132771492,0.066
EOF3,8.5,3.5,-0.01736975647509098,0.066
EOF3,8.5,4.0,-0.017965801060199738,0.066
EOF3,8.5,4.5,-0.01780165545642376,0.066
EOF3,8.5,5.0,-0.01763797551393509,0.066
EOF3,8.5,5.5,-0.01717556081712246,0.066
EOF3,8.5,6.0,-0.017954956740140915,0.066
EOF3,8.5,6.5,-0.0180446095764637,0.066
EOF3,8.5,7.0,-0.018118584528565407,0.066
EOF3,8.5,7.5,-0.018195221200585365,0.066
EOF3,8.5,8.0,-0.01693980023264885,0.066
EOF3,8.5,8.5,-0.01568719930946827,0.066
EOF3,8.5,9.0,-0.01444213092327118,0.066
EOF3,8.5,9.5,-0.013168458826839924,0.066
EOF3,8.5,10.0,-0.014107991941273212,0.066
EOF3,8.5,10.5,-0.014812625013291836,0.066
EOF3,8.5,11.0,-0.01549780834466219,0.066
EOF3,8.5,11.5,-0.014433566480875015,0.066
EOF3,8.5,12.0,-0.013825410045683384,0.066
EOF3,8.5,12.5,-0.013950931839644909,0.066
EOF3,8.5,13.0,-0.014066263101994991,0.066
EOF3,8.5,13.5,-0.014672413468360901,0.066
EOF3,8.5,14.0,-0.014541386626660824,0.066
EOF3,8.5,14.5,-0.014403571374714375,0.066
EOF3,8.5,15.0,-0.014263942837715149,0.066
EOF3,8.5,15.5,-0.01445610448718071,0.066
EOF3,8.5,16.0,-0.014649429358541965,0.066
EOF3,8.5,16.5,-0.014850442297756672,0.066
EOF3,8.5,17.0,-0.014764507301151752,0.066
EOF3,8.5,17.5,-0.014692971482872963,0.066
EOF3,8.5,18.0,-0.014614722691476345,0.066
EOF3,8.5,18.5,-0.014831582084298134,0.066
EOF3,8.5,19.0,-0.015356414020061493,0.066
EOF3,8.5,19.5,-0.014134006574749947,0.066
EOF3,8.5,20.0,-0.01260910090059042,0.066
EOF3,8.5,20.5,-0.011188325472176075,0.066
EOF3,8.5,21.0,-0.010427817702293396,0.066
EOF3,8.5,21.5,-0.009890931658446789,0.066
EOF3,8.5,22.0,-0.009371182881295681,0.066
EOF3,8.5,22.5,-0.0069418661296367645,0.066
EOF3,8.5,23.0,-0.007078956346958876,0.066
EOF3,8.5,23.5,-0.0083874287083745,0.066
EOF3,8.5,24.0,-0.009715071879327297,0.066
EOF3,8.5,24.5,-0.01010872796177864,0.066
EOF3,8.5,25.0,-0.007627984508872032,0.066
EOF3,8.5,25.5,-0.005175754427909851,0.066
EOF3,8.5,26.0,-0.0036799106746912003,0.066
EOF3,8.5,26.5,-0.0030864495784044266,0.066
EOF3,8.5,27.0,-0.0017289503011852503,0.066
EOF3,8.5,27.5,-0.0007489597774110734,0.066
EOF3,8.5,28.0,0.00023391208378598094,0.066
EOF3,8.5,28.5,-0.00027294622850604355,0.066
EOF3,8.5,29.0,-0.0013446140801534057,0.066
EOF3,8.5,29.5,-0.002453954191878438,0.066
EOF3,8.5,30.0,-0.003607559949159622,0.066
EOF3,8.5,30.5,-0.003455074969679117,0.066
EOF3,8.5,31.0,-0.003300487995147705,0.066
EOF3,8.5,31.5,-0.0031422865577042103,0.066
EOF3,8.5,32.0,-0.003417336381971836,0.066
EOF3,8.5,32.5,-0.005320909433066845,0.066
EOF3,8.5,33.0,-0.00721726892516017,0.066
EOF3,8.5,33.5,-0.009103265590965748,0.066
EOF3,8.5,34.0,-0.007758853957056999,0.066
EOF3,8.5,34.5,-0.0032051808666437864,0.066
EOF3,9.0,0.5,-0.010847917757928371,0.066
EOF3,9.0,1.0,-0.012652239762246609,0.066
EOF3,9.0,1.5,-0.014401261694729328,0.066
EOF3,9.0,2.0,-0.013083997182548046,0.066
EOF3,9.0,2.5,-0.012957554310560226,0.066
EOF3,9.0,3.0,-0.014246128499507904,0.066
EOF3,9.0,3.5,-0.01555955596268177,0.066
EOF3,9.0,4.0,-0.016142919659614563,0.066
EOF3,9.0,4.5,-0.015974711626768112,0.066
EOF3,9.0,5.0,-0.015804996713995934,0.066
EOF3,9.0,5.5,-0.016597211360931396,0.066
EOF3,9.0,6.0,-0.015386180020868778,0.066
EOF3,9.0,6.5,-0.015459035523235798,0.066
EOF3,9.0,7.0,-0.015551361255347729,0.066
EOF3,9.0,7.5,-0.01562940515577793,0.066
EOF3,9.0,8.0,-0.014384721405804157,0.066
EOF3,9.0,8.5,-0.013145186938345432,0.066
EOF3,9.0,9.0,-0.011930662207305431,0.066
EOF3,9.0,9.5,-0.013120832853019238,0.066
EOF3,9.0,10.0,-0.014889041893184185,0.066
EOF3,9.0,10.5,-0.015585040673613548,0.066
EOF3,9.0,11.0,-0.016266483813524246,0.066
EOF3,9.0,11.5,-0.017224563285708427,0.066
EOF3,9.0,12.0,-0.01761033944785595,0.066
EOF3,9.0,12.5,-0.017703812569379807,0.066
EOF3,9.0,13.0,-0.01779487542808056,0.066
EOF3,9.0,13.5,-0.01753786765038967,0.066
EOF3,9.0,14.0,-0.017419489100575447,0.066
EOF3,9.0,14.5,-0.01730138063430786,0.066
EOF3,9.0,15.0,-0.017183581367135048,0.066
EOF3,9.0,15.5,-0.01741958037018776,0.066
EOF3,9.0,16.0,-0.017669808119535446,0.066
EOF3,9.0,16.5,-0.017908640205860138,0.066
EOF3,9.0,17.0,-0.017000434920191765,0.066
EOF3,9.0,17.5,-0.01694902591407299,0.066
EOF3,9.0,18.0,-0.016893720254302025,0.066
EOF3,9.0,18.5,-0.016676150262355804,0.066
EOF3,9.0,19.0,-0.016237841919064522,0.066
EOF3,9.0,19.5,-0.014921803958714008,0.066
EOF3,9.0,20.0,-0.013326339423656464,0.066
EOF3,9.0,20.5,-0.011836396530270576,0.066
EOF3,9.0,21.0,-0.01104770228266716,0.066
EOF3,9.0,21.5,-0.010485534556210041,0.066
EOF3,9.0,22.0,-0.009943116456270218,0.066
EOF3,9.0,22.5,-0.008158670738339424,0.066
EOF3,9.0,23.0,-0.008773794397711754,0.066
EOF3,9.0,23.5,-0.010098502039909363,0.066
EOF3,9.0,24.0,-0.011442862451076508,0.066
EOF3,9.0,24.5,-0.011843220330774784,0.066
EOF3,9.0,25.0,-0.009348973631858826,0.066
EOF3,9.0,25.5,-0.006886116694658995,0.066
EOF3,9.0,26.0,-0.005313737317919731,0.066
EOF3,9.0,26.5,-0.0051769050769507885,0.066
EOF3,9.0,27.0,-0.004106536507606506,0.066
EOF3,9.0,27.5,-0.0031233145855367184,0.066
EOF3,9.0,28.0,-0.0021422049030661583,0.066
EOF3,9.0,28.5,-0.0027179094031453133,0.066
EOF3,9.0,29.0,-0.0038450509309768677,0.066
EOF3,9.0,29.5,-0.00501730153337121,0.066
EOF3,9.0,30.0,-0.00606556236743927,0.066
EOF3,9.0,30.5,-0.005918004550039768,0.066
EOF3,9.0,31.0,-0.005766421556472778,0.066
EOF3,9.0,31.5,-0.005612933076918125,0.066
EOF3,9.0,32.0,-0.0048242914490401745,0.066
EOF3,9.0,32.5,-0.004466915503144264,0.066
EOF3,9.0,33.0,-0.006341009866446257,0.066
EOF3,9.0,33.5,-0.008215737529098988,0.066
EOF3,9.0,34.0,-0.006883949972689152,0.066
EOF3,9.0,34.5,-0.002363337203860283,0.066
EOF3,9.5,0.5,-0.016798263415694237,0.066
EOF3,9.5,1.0,-0.01704110950231552,0.066
EOF3,9.5,1.5,-0.015745675191283226,0.066
EOF3,9.5,2.0,-0.014374695718288422,0.066
EOF3,9.5,2.5,-0.012810271233320236,0.066
EOF3,9.5,3.0,-0.011271467432379723,0.066
EOF3,9.5,3.5,-0.012548779137432575,0.066
EOF3,9.5,4.0,-0.01311097014695406,0.066
EOF3,9.5,4.5,-0.012946300208568573,0.066
EOF3,9.5,5.0,-0.014704188331961632,0.066
EOF3,9.5,5.5,-0.016452260315418243,0.066
EOF3,9.5,6.0,-0.01523523684591055,0.066
EOF3,9.5,6.5,-0.013037974946200848,0.066
EOF3,9.5,7.0,-0.01199385430663824,0.066
EOF3,9.5,7.5,-0.012084619142115116,0.066
EOF3,9.5,8.0,-0.01086455024778843,0.066
EOF3,9.5,8.5,-0.010596539825201035,0.066
EOF3,9.5,9.0,-0.011272304691374302,0.066
EOF3,9.5,9.5,-0.012475174851715565,0.066
EOF3,9.5,10.0,-0.01529835443943739,0.066
EOF3,9.5,10.5,-0.01818012446165085,0.066
EOF3,9.5,11.0,-0.01886693574488163,0.066
EOF3,9.5,11.5,-0.019861331209540367,0.066
EOF3,9.5,12.0,-0.02122332714498043,0.066
EOF3,9.5,12.5,-0.02227603644132614,0.066
EOF3,9.5,13.0,-0.02232973650097847,0.066
EOF3,9.5,13.5,-0.022091634571552277,0.066
EOF3,9.5,14.0,-0.02174227498471737,0.066
EOF3,9.5,14.5,-0.021518291905522346,0.066
EOF3,9.5,15.0,-0.021434087306261063,0.066
EOF3,9.5,15.5,-0.021747224032878876,0.066
EOF3,9.5,16.0,-0.021232040598988533,0.066
EOF3,9.5,16.5,-0.01990794762969017,0.066
EOF3,9.5,17.0,-0.018942926079034805,0.066
EOF3,9.5,17.5,-0.018905095756053925,0.066
EOF3,9.5,18.0,-0.01839417777955532,0.066
EOF3,9.5,18.5,-0.017692089080810547,0.066
EOF3,9.5,19.0,-0.01722566783428192,0.066
EOF3,9.5,19.5,-0.017034688964486122,0.066
EOF3,9.5,20.0,-0.016461489722132683,0.066
EOF3,9.5,20.5,-0.014810013584792614,0.066
EOF3,9.5,21.0,-0.013927559368312359,0.066
EOF3,9.5,21.5,-0.01284357812255621,0.066
EOF3,9.5,22.0,-0.010469098575413227,0.066
EOF3,9.5,22.5,-0.008179737254977226,0.066
EOF3,9.5,23.0,-0.008580952882766724,0.066
EOF3,9.5,23.5,-0.008979407139122486,0.066
EOF3,9.5,24.0,-0.010083994828164577,0.066
EOF3,9.5,24.5,-0.010479120537638664,0.066
EOF3,9.5,25.0,-0.007985985837876797,0.066
EOF3,9.5,25.5,-0.008108804002404213,0.066
EOF3,9.5,26.0,-0.009069349616765976,0.066
EOF3,9.5,26.5,-0.008937903679907322,0.066
EOF3,9.5,27.0,-0.007701203227043152,0.066
EOF3,9.5,27.5,-0.00649788323789835,0.066
EOF3,9.5,28.0,-0.0054968129843473434,0.066
EOF3,9.5,28.5,-0.006125968880951405,0.066
EOF3,9.5,29.0,-0.007271226495504379,0.066
EOF3,9.5,29.5,-0.008261755108833313,0.066
EOF3,9.5,30.0,-0.00925525464117527,0.066
EOF3,9.5,30.5,-0.009117141366004944,0.066
EOF3,9.5,31.0,-0.008962809108197689,0.066
EOF3,9.5,31.5,-0.008795331232249737,0.066
EOF3,9.5,32.0,-0.008016864769160748,0.066
EOF3,9.5,32.5,-0.0054289610125124454,0.066
EOF3,9.5,33.0,-0.0029067574068903923,0.066
EOF3,9.5,33.5,-0.004711154382675886,0.066
EOF3,9.5,34.0,-0.003415074199438095,0.066
EOF3,9.5,34.5,0.0009833958465605974,0.066
EOF3,10.0,0.5,-0.019768351688981056,0.066
EOF3,10.0,1.0,-0.01844312995672226,0.066
EOF3,10.0,1.5,-0.017116401344537735,0.066
EOF3,10.0,2.0,-0.015719810500741005,0.066
EOF3,10.0,2.5,-0.014107259921729565,0.066
EOF3,10.0,3.0,-0.012508830986917019,0.066
EOF3,10.0,3.5,-0.010924551635980606,0.066
EOF3,10.0,4.0,-0.01103629544377327,0.066
EOF3,10.0,4.5,-0.012808442115783691,0.066
EOF3,10.0,5.0,-0.014566936530172825,0.066
EOF3,10.0,5.5,-0.016305765137076378,0.066
EOF3,10.0,6.0,-0.015096548944711685,0.066
EOF3,10.0,6.5,-0.012913975864648819,0.066
EOF3,10.0,7.0,-0.010736728087067604,0.066
EOF3,10.0,7.5,-0.008601528592407703,0.066
EOF3,10.0,8.0,-0.009283430874347687,0.066
EOF3,10.0,8.5,-0.009967167861759663,0.066
EOF3,10.0,9.0,-0.010648496448993683,0.066
EOF3,10.0,9.5,-0.011818522587418556,0.066
EOF3,10.0,10.0,-0.014630653895437717,0.066
EOF3,10.0,10.5,-0.017512505874037743,0.066
EOF3,10.0,11.0,-0.020462259650230408,0.066
EOF3,10.0,11.5,-0.022644096985459328,0.066
EOF3,10.0,12.0,-0.024093465879559517,0.066
EOF3,10.0,12.5,-0.02557075396180153,0.066
EOF3,10.0,13.0,-0.027092454954981804,0.066
EOF3,10.0,13.5,-0.027245836332440376,0.066
EOF3,10.0,14.0,-0.026949837803840637,0.066
EOF3,10.0,14.5,-0.026637710630893707,0.066
EOF3,10.0,15.0,-0.0263248011469841,0.066
EOF3,10.0,15.5,-0.02484269067645073,0.066
EOF3,10.0,16.0,-0.02338818460702896,0.066
EOF3,10.0,16.5,-0.021986423060297966,0.066
EOF3,10.0,17.0,-0.020793654024600983,0.066
EOF3,10.0,17.5,-0.020128851756453514,0.066
EOF3,10.0,18.0,-0.019435428082942963,0.066
EOF3,10.0,18.5,-0.018714584410190582,0.066
EOF3,10.0,19.0,-0.018229953944683075,0.066
EOF3,10.0,19.5,-0.01801268756389618,0.066
EOF3,10.0,20.0,-0.017797458916902542,0.066
EOF3,10.0,20.5,-0.0175936222076416,0.066
EOF3,10.0,21.0,-0.015607249923050404,0.066
EOF3,10.0,21.5,-0.013054192066192627,0.066
EOF3,10.0,22.0,-0.010588961653411388,0.066
EOF3,10.0,22.5,-0.008216600865125656,0.066
EOF3,10.0,23.0,-0.00861697643995285,0.066
EOF3,10.0,23.5,-0.009027037769556046,0.066
EOF3,10.0,24.0,-0.009434230625629425,0.066
EOF3,10.0,24.5,-0.009943095967173576,0.066
EOF3,10.0,25.0,-0.010886834003031254,0.066
EOF3,10.0,25.5,-0.011796514503657818,0.066
EOF3,10.0,26.0,-0.01267120148986578,0.066
EOF3,10.0,26.5,-0.01253165677189827,0.066
EOF3,10.0,27.0,-0.011379333212971687,0.066
EOF3,10.0,27.5,-0.010187355801463127,0.066
EOF3,10.0,28.0,-0.008954335004091263,0.066
EOF3,10.0,28.5,-0.009385951794683933,0.066
EOF3,10.0,29.0,-0.010370321571826935,0.066
EOF3,10.0,29.5,-0.011357512325048447,0.066
EOF3,10.0,30.0,-0.01235132571309805,0.066
EOF3,10.0,30.5,-0.012202039361000061,0.066
EOF3,10.0,31.0,-0.012056205421686172,0.066
EOF3,10.0,31.5,-0.011900828219950199,0.066
EOF3,10.0,32.0,-0.011145249009132385,0.066
EOF3,10.0,32.5,-0.008552958257496357,0.066
EOF3,10.0,33.0,-0.005998778156936169,0.066
EOF3,10.0,33.5,-0.003485306166112423,0.066
EOF3,10.0,34.0,-0.001631442690268159,0.066
EOF3,10.0,34.5,-0.00037808905472047627,0.066
EOF3,10.5,0.5,-0.016849761828780174,0.066
EOF3,10.5,1.0,-0.016777588054537773,0.066
EOF3,10.5,1.5,-0.015483147464692593,0.066
EOF3,10.5,2.0,-0.01411349605768919,0.066
EOF3,10.5,2.5,-0.012547744438052177,0.066
EOF3,10.5,3.0,-0.011010325513780117,0.066
EOF3,10.5,3.5,-0.010987290181219578,0.066
EOF3,10.5,4.0,-0.01134387869387865,0.066
EOF3,10.5,4.5,-0.01208565104752779,0.066
EOF3,10.5,5.0,-0.013817552477121353,0.066
EOF3,10.5,5.5,-0.015544877387583256,0.066
EOF3,10.5,6.0,-0.014342844486236572,0.066
EOF3,10.5,6.5,-0.012192334048449993,0.066
EOF3,10.5,7.0,-0.011106857098639011,0.066
EOF3,10.5,7.5,-0.011094611138105392,0.066
EOF3,10.5,8.0,-0.011771085672080517,0.066
EOF3,10.5,8.5,-0.012444514781236649,0.066
EOF3,10.5,9.0,-0.013530012220144272,0.066
EOF3,10.5,9.5,-0.01418406330049038,0.066
EOF3,10.5,10.0,-0.013109009712934494,0.066
EOF3,10.5,10.5,-0.01496137771755457,0.066
EOF3,10.5,11.0,-0.017849687486886978,0.066
EOF3,10.5,11.5,-0.018450353294610977,0.066
EOF3,10.5,12.0,-0.016766684129834175,0.066
EOF3,10.5,12.5,-0.01806125044822693,0.066
EOF3,10.5,13.0,-0.019400546327233315,0.066
EOF3,10.5,13.5,-0.01946166343986988,0.066
EOF3,10.5,14.0,-0.019067808985710144,0.066
EOF3,10.5,14.5,-0.019206281751394272,0.066
EOF3,10.5,15.0,-0.019892744719982147,0.066
EOF3,10.5,15.5,-0.022476352751255035,0.066
EOF3,10.5,16.0,-0.02309197373688221,0.066
EOF3,10.5,16.5,-0.02171849086880684,0.066
EOF3,10.5,17.0,-0.01981499418616295,0.066
EOF3,10.5,17.5,-0.01634632796049118,0.066
EOF3,10.5,18.0,-0.015006478875875473,0.066
EOF3,10.5,18.5,-0.01430646050721407,0.066
EOF3,10.5,19.0,-0.013894554227590561,0.066
EOF3,10.5,19.5,-0.013803773559629917,0.066
EOF3,10.5,20.0,-0.014274954795837402,0.066
EOF3,10.5,20.5,-0.01652117259800434,0.066
EOF3,10.5,21.0,-0.017730697989463806,0.066
EOF3,10.5,21.5,-0.017665395513176918,0.066
EOF3,10.5,22.0,-0.015129485167562962,0.066
EOF3,10.5,22.5,-0.012682582251727581,0.066
EOF3,10.5,23.0,-0.009903748519718647,0.066
EOF3,10.5,23.5,-0.008766119368374348,0.066
EOF3,10.5,24.0,-0.009163838811218739,0.066
EOF3,10.5,24.5,-0.009188266471028328,0.066
EOF3,10.5,25.0,-0.008125519379973412,0.066
EOF3,10.5,25.5,-0.008581026457250118,0.066
EOF3,10.5,26.0,-0.009512826800346375,0.066
EOF3,10.5,26.5,-0.009376093745231628,0.066
EOF3,10.5,27.0,-0.008180152624845505,0.066
EOF3,10.5,27.5,-0.007671748753637075,0.066
EOF3,10.5,28.0,-0.009356305003166199,0.066
EOF3,10.5,28.5,-0.009376326575875282,0.066
EOF3,10.5,29.0,-0.009206477552652359,0.066
EOF3,10.5,29.5,-0.010181398130953312,0.066
EOF3,10.5,30.0,-0.011156553402543068,0.066
EOF3,10.5,30.5,-0.01100701093673706,0.066
EOF3,10.5,31.0,-0.010859067551791668,0.066
EOF3,10.5,31.5,-0.011503011919558048,0.066
EOF3,10.5,32.0,-0.011802959255874157,0.066
EOF3,10.5,32.5,-0.01023336686193943,0.066
EOF3,10.5,33.0,-0.007923118770122528,0.066
EOF3,10.5,33.5,-0.005404469557106495,0.066
EOF3,10.5,34.0,-0.0035329503007233143,0.066
EOF3,10.5,34.5,-0.002284971997141838,0.066
EOF3,11.0,0.5,-0.011793225072324276,0.066
EOF3,11.0,1.0,-0.012840166687965393,0.066
EOF3,11.0,1.5,-0.013888954184949398,0.066
EOF3,11.0,2.0,-0.012569641694426537,0.066
EOF3,11.0,2.5,-0.011804834008216858,0.066
EOF3,11.0,3.0,-0.011800033040344715,0.066
EOF3,11.0,3.5,-0.011789592914283276,0.066
EOF3,11.0,4.0,-0.012149404734373093,0.066
EOF3,11.0,4.5,-0.01287195272743702,0.066
EOF3,11.0,5.0,-0.01358700543642044,0.066
EOF3,11.0,5.5,-0.014791023917496204,0.066
EOF3,11.0,6.0,-0.013626973144710064,0.066
EOF3,11.0,6.5,-0.013609655201435089,0.066
EOF3,11.0,7.0,-0.013607759028673172,0.066
EOF3,11.0,7.5,-0.013608800247311592,0.066
EOF3,11.0,8.0,-0.014421176165342331,0.066
EOF3,11.0,8.5,-0.01566432975232601,0.066
EOF3,11.0,9.0,-0.016919312998652458,0.066
EOF3,11.0,9.5,-0.017588945105671883,0.066
EOF3,11.0,10.0,-0.016485542058944702,0.066
EOF3,11.0,10.5,-0.015386433340609074,0.066
EOF3,11.0,11.0,-0.015282908454537392,0.066
EOF3,11.0,11.5,-0.015880124643445015,0.066
EOF3,11.0,12.0,-0.014237936586141586,0.066
EOF3,11.0,12.5,-0.01264589186757803,0.066
EOF3,11.0,13.0,-0.012469465844333172,0.066
EOF3,11.0,13.5,-0.012440516613423824,0.066
EOF3,11.0,14.0,-0.013006696477532387,0.066
EOF3,11.0,14.5,-0.01357986032962799,0.066
EOF3,11.0,15.0,-0.01417727954685688,0.066
EOF3,11.0,15.5,-0.01652933657169342,0.066
EOF3,11.0,16.0,-0.018951499834656715,0.066
EOF3,11.0,16.5,-0.021408837288618088,0.066
EOF3,11.0,17.0,-0.019560934975743294,0.066
EOF3,11.0,17.5,-0.016148841008543968,0.066
EOF3,11.0,18.0,-0.012961515225470066,0.066
EOF3,11.0,18.5,-0.01053483784198761,0.066
EOF3,11.0,19.0,-0.010190864093601704,0.066
EOF3,11.0,19.5,-0.011654507368803024,0.066
EOF3,11.0,20.0,-0.013754221610724926,0.066
EOF3,11.0,20.5,-0.01602434366941452,0.066
EOF3,11.0,21.0,-0.017278339713811874,0.066
EOF3,11.0,21.5,-0.018093550577759743,0.066
EOF3,11.0,22.0,-0.01883227750658989,0.066
EOF3,11.0,22.5,-0.01713290438055992,0.066
EOF3,11.0,23.0,-0.014255683869123459,0.066
EOF3,11.0,23.5,-0.01151312980800867,0.066
EOF3,11.0,24.0,-0.008922806940972805,0.066
EOF3,11.0,24.5,-0.008930034004151821,0.066
EOF3,11.0,25.0,-0.00789584219455719,0.066
EOF3,11.0,25.5,-0.006878778804093599,0.066
EOF3,11.0,26.0,-0.006367878522723913,0.066
EOF3,11.0,26.5,-0.006239669863134623,0.066
EOF3,11.0,27.0,-0.00714739179238677,0.066
EOF3,11.0,27.5,-0.008779313415288925,0.066
EOF3,11.0,28.0,-0.010430188849568367,0.066
EOF3,11.0,28.5,-0.010458563454449177,0.066
EOF3,11.0,29.0,-0.009931173175573349,0.066
EOF3,11.0,29.5,-0.009395992383360863,0.066
EOF3,11.0,30.0,-0.009978177957236767,0.066
EOF3,11.0,30.5,-0.010090473107993603,0.066
EOF3,11.0,31.0,-0.010981318540871143,0.066
EOF3,11.0,31.5,-0.011887934058904648,0.066
EOF3,11.0,32.0,-0.012185339815914631,0.066
EOF3,11.0,32.5,-0.010625318624079227,0.066
EOF3,11.0,33.0,-0.009083659388124943,0.066
EOF3,11.0,33.5,-0.007306328043341637,0.066
EOF3,11.0,34.0,-0.005429346114397049,0.066
EOF3,11.0,34.5,-0.004506739787757397,0.066
EOF3,11.5,0.5,-0.0076630557887256145,0.066
EOF3,11.5,1.0,-0.008629310876131058,0.066
EOF3,11.5,1.5,-0.009616377763450146,0.066
EOF3,11.5,2.0,-0.010213165543973446,0.066
EOF3,11.5,2.5,-0.00990221742540598,0.066
EOF3,11.5,3.0,-0.009879468940198421,0.066
EOF3,11.5,3.5,-0.00985629204660654,0.066
EOF3,11.5,4.0,-0.010204525664448738,0.066
EOF3,11.5,4.5,-0.010916586965322495,0.066
EOF3,11.5,5.0,-0.011608879081904888,0.066
EOF3,11.5,5.5,-0.011282605119049549,0.066
EOF3,11.5,6.0,-0.012419533915817738,0.066
EOF3,11.5,6.5,-0.01242593303322792,0.066
EOF3,11.5,7.0,-0.012417789548635483,0.066
EOF3,11.5,7.5,-0.012415294535458088,0.066
EOF3,11.5,8.0,-0.01361829973757267,0.066
EOF3,11.5,8.5,-0.01483970694243908,0.066
EOF3,11.5,9.0,-0.016058342531323433,0.066
EOF3,11.5,9.5,-0.015509805642068386,0.066
EOF3,11.5,10.0,-0.01443423330783844,0.066
EOF3,11.5,10.5,-0.01336961891502142,0.066
EOF3,11.5,11.0,-0.012375534512102604,0.066
EOF3,11.5,11.5,-0.011211453936994076,0.066
EOF3,11.5,12.0,-0.009691225364804268,0.066
EOF3,11.5,12.5,-0.008223962970077991,0.066
EOF3,11.5,13.0,-0.007874024100601673,0.066
EOF3,11.5,13.5,-0.010029870085418224,0.066
EOF3,11.5,14.0,-0.01056614425033331,0.066
EOF3,11.5,14.5,-0.011102486401796341,0.066
EOF3,11.5,15.0,-0.011643198318779469,0.066
EOF3,11.5,15.5,-0.011666168458759785,0.066
EOF3,11.5,16.0,-0.013915465213358402,0.066
EOF3,11.5,16.5,-0.01621771603822708,0.066
EOF3,11.5,17.0,-0.01713811419904232,0.066
EOF3,11.5,17.5,-0.013882484287023544,0.066
EOF3,11.5,18.0,-0.01084187813103199,0.066
EOF3,11.5,18.5,-0.00931850727647543,0.066
EOF3,11.5,19.0,-0.010371248237788677,0.066
EOF3,11.5,19.5,-0.011713072657585144,0.066
EOF3,11.5,20.0,-0.013798600994050503,0.066
EOF3,11.5,20.5,-0.01605980657041073,0.066
EOF3,11.5,21.0,-0.017311597242951393,0.066
EOF3,11.5,21.5,-0.0181139949709177,0.066
EOF3,11.5,22.0,-0.018852757290005684,0.066
EOF3,11.5,22.5,-0.019732875749468803,0.066
EOF3,11.5,23.0,-0.01679983176290989,0.066
EOF3,11.5,23.5,-0.013994820415973663,0.066
EOF3,11.5,24.0,-0.011322706937789917,0.066
EOF3,11.5,24.5,-0.008253446780145168,0.066
EOF3,11.5,25.0,-0.007239571772515774,0.066
EOF3,11.5,25.5,-0.006237080320715904,0.066
EOF3,11.5,26.0,-0.005193355958908796,0.066
EOF3,11.5,26.5,-0.004561131354421377,0.066
EOF3,11.5,27.0,-0.005727158859372139,0.066
EOF3,11.5,27.5,-0.00733129633590579,0.066
EOF3,11.5,28.0,-0.008947651833295822,0.066
EOF3,11.5,28.5,-0.008964180946350098,0.066
EOF3,11.5,29.0,-0.00842775497585535,0.066
EOF3,11.5,29.5,-0.007882527075707912,0.066
EOF3,11.5,30.0,-0.009503405541181564,0.066
EOF3,11.5,30.5,-0.010056656785309315,0.066
EOF3,11.5,31.0,-0.010937424376606941,0.066
EOF3,11.5,31.5,-0.011827755719423294,0.066
EOF3,11.5,32.0,-0.01212158240377903,0.066
EOF3,11.5,32.5,-0.010586376301944256,0.066
EOF3,11.5,33.0,-0.009061954915523529,0.066
EOF3,11.5,33.5,-0.009142095223069191,0.066
EOF3,11.5,34.0,-0.008911358192563057,0.066
EOF3,11.5,34.5,-0.006950528360903263,0.066
EOF3,12.0,0.5,-0.006851048208773136,0.066
EOF3,12.0,1.0,-0.00577789219096303,0.066
EOF3,12.0,1.5,-0.006197335664182901,0.066
EOF3,12.0,2.0,-0.006753784604370594,0.066
EOF3,12.0,2.5,-0.006178391166031361,0.066
EOF3,12.0,3.0,-0.005614878609776497,0.066
EOF3,12.0,3.5,-0.005563989747315645,0.066
EOF3,12.0,4.0,-0.005890266969799995,0.066
EOF3,12.0,4.5,-0.006566199939697981,0.066
EOF3,12.0,5.0,-0.005278963595628738,0.066
EOF3,12.0,5.5,-0.0039727590046823025,0.066
EOF3,12.0,6.0,-0.00504472479224205,0.066
EOF3,12.0,6.5,-0.006925106979906559,0.066
EOF3,12.0,7.0,-0.007857050746679306,0.066
EOF3,12.0,7.5,-0.007827739231288433,0.066
EOF3,12.0,8.0,-0.00896479282528162,0.066
EOF3,12.0,8.5,-0.009361617267131805,0.066
EOF3,12.0,9.0,-0.009006774052977562,0.066
EOF3,12.0,9.5,-0.0085035664960742,0.066
EOF3,12.0,10.0,-0.0075165401212871075,0.066
EOF3,12.0,10.5,-0.006708265747874975,0.066
EOF3,12.0,11.0,-0.005968666635453701,0.066
EOF3,12.0,11.5,-0.004908974748104811,0.066
EOF3,12.0,12.0,-0.003577684285119176,0.066
EOF3,12.0,12.5,-0.004275362007319927,0.066
EOF3,12.0,13.0,-0.00499296560883522,0.066
EOF3,12.0,13.5,-0.0070551298558712006,0.066
EOF3,12.0,14.0,-0.009659365750849247,0.066
EOF3,12.0,14.5,-0.011270233429968357,0.066
EOF3,12.0,15.0,-0.011813195422291756,0.066
EOF3,12.0,15.5,-0.01111886277794838,0.066
EOF3,12.0,16.0,-0.010419421829283237,0.066
EOF3,12.0,16.5,-0.01187892071902752,0.066
EOF3,12.0,17.0,-0.012762591242790222,0.066
EOF3,12.0,17.5,-0.009761790744960308,0.066
EOF3,12.0,18.0,-0.010993842966854572,0.066
EOF3,12.0,18.5,-0.013682522810995579,0.066
EOF3,12.0,19.0,-0.014795023947954178,0.066
EOF3,12.0,19.5,-0.014269303530454636,0.066
EOF3,12.0,20.0,-0.014402370899915695,0.066
EOF3,12.0,20.5,-0.016615640372037888,0.066
EOF3,12.0,21.0,-0.01780576817691326,0.066
EOF3,12.0,21.5,-0.0186200849711895,0.066
EOF3,12.0,22.0,-0.01960020139813423,0.066
EOF3,12.0,22.5,-0.02054486982524395,0.066
EOF3,12.0,23.0,-0.017578670755028725,0.066
EOF3,12.0,23.5,-0.01410113088786602,0.066
EOF3,12.0,24.0,-0.010191565379500389,0.066
EOF3,12.0,24.5,-0.007143914233893156,0.066
EOF3,12.0,25.0,-0.0061358679085969925,0.066
EOF3,12.0,25.5,-0.0049769883044064045,0.066
EOF3,12.0,26.0,-0.0037892861291766167,0.066
EOF3,12.0,26.5,-0.0031669370364397764,0.066
EOF3,12.0,27.0,-0.0030814423225820065,0.066
EOF3,12.0,27.5,-0.003412570571526885,0.066
EOF3,12.0,28.0,-0.004998044576495886,0.066
EOF3,12.0,28.5,-0.0049699777737259865,0.066
EOF3,12.0,29.0,-0.005105277057737112,0.066
EOF3,12.0,29.5,-0.00738285668194294,0.066
EOF3,12.0,30.0,-0.009723790921270847,0.066
EOF3,12.0,30.5,-0.010164963081479073,0.066
EOF3,12.0,31.0,-0.010586654767394066,0.066
EOF3,12.0,31.5,-0.011351162567734718,0.066
EOF3,12.0,32.0,-0.011632487177848816,0.066
EOF3,12.0,32.5,-0.010133090429008007,0.066
EOF3,12.0,33.0,-0.013321257196366787,0.066
EOF3,12.0,33.5,-0.018026992678642273,0.066
EOF3,12.0,34.0,-0.017871880903840065,0.066
EOF3,12.0,34.5,-0.012724093161523342,0.066
EOF3,12.5,0.5,-0.0065573337487876415,0.066
EOF3,12.5,1.0,-0.0055082011967897415,0.066
EOF3,12.5,1.5,-0.004450681619346142,0.066
EOF3,12.5,2.0,-0.003535771742463112,0.066
EOF3,12.5,2.5,-0.0029989308677613735,0.066
EOF3,12.5,3.0,-0.002461867406964302,0.066
EOF3,12.5,3.5,-0.0019289628835394979,0.066
EOF3,12.5,4.0,-0.0010586330899968743,0.066
EOF3,12.5,4.5,0.00019376256386749446,0.066
EOF3,12.5,5.0,0.0014498004456982017,0.066
EOF3,12.5,5.5,0.0027047283947467804,0.066
EOF3,12.5,6.0,0.001702287350781262,0.066
EOF3,12.5,6.5,-6.581513298442587e-05,0.066
EOF3,12.5,7.0,-0.0018502953462302685,0.066
EOF3,12.5,7.5,-0.003637317568063736,0.066
EOF3,12.5,8.0,-0.003327584359794855,0.066
EOF3,12.5,8.5,-0.00301437359303236,0.066
EOF3,12.5,9.0,-0.0027029647026211023,0.066
EOF3,12.5,9.5,-0.002292702440172434,0.066
EOF3,12.5,10.0,-0.0015917223645374179,0.066
EOF3,12.5,10.5,-0.0008867576834745705,0.066
EOF3,12.5,11.0,-0.00018509752408135682,0.066
EOF3,12.5,11.5,-0.0001747141795931384,0.066
EOF3,12.5,12.0,-0.0008719012257643044,0.066
EOF3,12.5,12.5,-0.0015677788760513067,0.066
EOF3,12.5,13.0,-0.00226566637866199,0.066
EOF3,12.5,13.5,-0.004220693372189999,0.066
EOF3,12.5,14.0,-0.006691915448755026,0.066
EOF3,12.5,14.5,-0.009272821247577667,0.066
EOF3,12.5,15.0,-0.011938408017158508,0.066
EOF3,12.5,15.5,-0.011260471306741238,0.066
EOF3,12.5,16.0,-0.010574055835604668,0.066
EOF3,12.5,16.5,-0.009888973087072372,0.066
EOF3,12.5,17.0,-0.010014375671744347,0.066
EOF3,12.5,17.5,-0.012707777321338654,0.066
EOF3,12.5,18.0,-0.015492058359086514,0.066
EOF3,12.5,18.5,-0.018384775146842003,0.066
EOF3,12.5,19.0,-0.019558172672986984,0.066
EOF3,12.5,19.5,-0.0189537201076746,0.066
EOF3,12.5,20.0,-0.01835906133055687,0.066
EOF3,12.5,20.5,-0.01777801103889942,0.066
EOF3,12.5,21.0,-0.01843557320535183,0.066
EOF3,12.5,21.5,-0.01943155564367771,0.066
EOF3,12.5,22.0,-0.020413711667060852,0.066
EOF3,12.5,22.5,-0.02135661616921425,0.066
EOF3,12.5,23.0,-0.01704903319478035,0.066
EOF3,12.5,23.5,-0.012944475747644901,0.066
EOF3,12.5,24.0,-0.009068602696061134,0.066
EOF3,12.5,24.5,-0.00599330011755228,0.066
EOF3,12.5,25.0,-0.004764602053910494,0.066
EOF3,12.5,25.5,-0.0035755536518990993,0.066
EOF3,12.5,26.0,-0.0024143799673765898,0.066
EOF3,12.5,26.5,-0.0017980325501412153,0.066
EOF3,12.5,27.0,-0.0017025775741785765,0.066
EOF3,12.5,27.5,-0.001608932507224381,0.066
EOF3,12.5,28.0,-0.0015201810747385025,0.066
EOF3,12.5,28.5,-0.003089424455538392,0.066
EOF3,12.5,29.0,-0.005303878337144852,0.066
EOF3,12.5,29.5,-0.007583523169159889,0.066
EOF3,12.5,30.0,-0.009918848052620888,0.066
EOF3,12.5,30.5,-0.010356036014854908,0.066
EOF3,12.5,31.0,-0.010779673233628273,0.066
EOF3,12.5,31.5,-0.011197246611118317,0.066
EOF3,12.5,32.0,-0.012636164203286171,0.066
EOF3,12.5,32.5,-0.017287814989686012,0.066
EOF3,12.5,33.0,-0.021893396973609924,0.066
EOF3,12.5,33.5,-0.026449190452694893,0.066
EOF3,12.5,34.0,-0.02636539936065674,0.066
EOF3,12.5,34.5,-0.021522361785173416,0.066
EOF3,13.0,0.5,-0.0026777253951877356,0.066
EOF3,13.0,1.0,-0.0016539501957595348,0.066
EOF3,13.0,1.5,-0.0006901734741404653,0.066
EOF3,13.0,2.0,-9.000271347758826e-06,0.066
EOF3,13.0,2.5,-0.00012053500540787354,0.066
EOF3,13.0,3.0,0.00023681555467192084,0.066
EOF3,13.0,3.5,0.0007406107033602893,0.066
EOF3,13.0,4.0,0.001607423648238182,0.066
EOF3,13.0,4.5,0.00283246161416173,0.066
EOF3,13.0,5.0,0.003949933219701052,0.066
EOF3,13.0,5.5,0.004743711091578007,0.066
EOF3,13.0,6.0,0.003670592326670885,0.066
EOF3,13.0,6.5,0.0019582242239266634,0.066
EOF3,13.0,7.0,0.0008230628445744514,0.066
EOF3,13.0,7.5,0.0002717149327509105,0.066
EOF3,13.0,8.0,0.0003724868001881987,0.066
EOF3,13.0,8.5,0.0005735698505304754,0.066
EOF3,13.0,9.0,0.0008666100911796093,0.066
EOF3,13.0,9.5,0.0012489586370065808,0.066
EOF3,13.0,10.0,0.00191151921171695,0.066
EOF3,13.0,10.5,0.0025815125554800034,0.066
EOF3,13.0,11.0,0.0032552804332226515,0.066
EOF3,13.0,11.5,0.0032550469040870667,0.066
EOF3,13.0,12.0,0.002579023130238056,0.066
EOF3,13.0,12.5,0.002076518489047885,0.066
EOF3,13.0,13.0,0.002088020322844386,0.066
EOF3,13.0,13.5,0.0004365439817775041,0.066
EOF3,13.0,14.0,-0.0018552287947386503,0.066
EOF3,13.0,14.5,-0.003929627127945423,0.066
EOF3,13.0,15.0,-0.005700735375285149,0.066
EOF3,13.0,15.5,-0.00508866598829627,0.066
EOF3,13.0,16.0,-0.004461115226149559,0.066
EOF3,13.0,16.5,-0.003783917985856533,0.066
EOF3,13.0,17.0,-0.00385697977617383,0.066
EOF3,13.0,17.5,-0.006333554163575172,0.066
EOF3,13.0,18.0,-0.008886716328561306,0.066
EOF3,13.0,18.5,-0.00991177186369896,0.066
EOF3,13.0,19.0,-0.010182667523622513,0.066
EOF3,13.0,19.5,-0.00971403531730175,0.066
EOF3,13.0,20.0,-0.009949030354619026,0.066
EOF3,13.0,20.5,-0.012270220555365086,0.066
EOF3,13.0,21.0,-0.01456134021282196,0.066
EOF3,13.0,21.5,-0.016541307792067528,0.066
EOF3,13.0,22.0,-0.017516568303108215,0.066
EOF3,13.0,22.5,-0.018466418609023094,0.066
EOF3,13.0,23.0,-0.016910547390580177,0.066
EOF3,13.0,23.5,-0.014081733301281929,0.066
EOF3,13.0,24.0,-0.010147886350750923,0.066
EOF3,13.0,24.5,-0.0070250267162919044,0.066
EOF3,13.0,25.0,-0.005782803986221552,0.066
EOF3,13.0,25.5,-0.004565657116472721,0.066
EOF3,13.0,26.0,-0.002461463212966919,0.066
EOF3,13.0,26.5,-0.0013726605102419853,0.066
EOF3,13.0,27.0,-0.0012826735619455576,0.066
EOF3,13.0,27.5,-0.00099960679654032,0.066
EOF3,13.0,28.0,-0.00017035120981745422,0.066
EOF3,13.0,28.5,0.00030406954465433955,0.066
EOF3,13.0,29.0,4.324037945480086e-05,0.066
EOF3,13.0,29.5,-0.0021419180557131767,0.066
EOF3,13.0,30.0,-0.004385547712445259,0.066
EOF3,13.0,30.5,-0.0048500956036150455,0.066
EOF3,13.0,31.0,-0.005305327009409666,0.066
EOF3,13.0,31.5,-0.010153214447200298,0.066
EOF3,13.0,32.0,-0.014278322458267212,0.066
EOF3,13.0,32.5,-0.012115114368498325,0.066
EOF3,13.0,33.0,-0.015028689987957478,0.066
EOF3,13.0,33.5,-0.019604146480560303,0.066
EOF3,13.0,34.0,-0.01946430094540119,0.066
EOF3,13.0,34.5,-0.014493375085294247,0.066
EOF3,13.5,0.5,0.0009490065276622772,0.066
EOF3,13.5,1.0,0.0018667943077161908,0.066
EOF3,13.5,1.5,0.0027859173715114594,0.066
EOF3,13.5,2.0,0.003453283105045557,0.066
EOF3,13.5,2.5,0.0033515198156237602,0.066
EOF3,13.5,3.0,0.0032500994857400656,0.066
EOF3,13.5,3.5,0.0032920287922024727,0.066
EOF3,13.5,4.0,0.004129194188863039,0.066
EOF3,13.5,4.5,0.005014972761273384,0.066
EOF3,13.5,5.0,0.005787859205156565,0.066
EOF3,13.5,5.5,0.006560800597071648,0.066
EOF3,13.5,6.0,0.005524926818907261,0.066
EOF3,13.5,6.5,0.005001658108085394,0.066
EOF3,13.5,7.0,0.004481691401451826,0.066
EOF3,13.5,7.5,0.003955933265388012,0.066
EOF3,13.5,8.0,0.004042159765958786,0.066
EOF3,13.5,8.5,0.0041273413226008415,0.066
EOF3,13.5,9.0,0.0042128534987568855,0.066
EOF3,13.5,9.5,0.004579242784529924,0.066
EOF3,13.5,10.0,0.0052154455333948135,0.066
EOF3,13.5,10.5,0.005845212377607822,0.066
EOF3,13.5,11.0,0.006476972252130508,0.066
EOF3,13.5,11.5,0.006476514507085085,0.066
EOF3,13.5,12.0,0.006317798513919115,0.066
EOF3,13.5,12.5,0.006325547117739916,0.066
EOF3,13.5,13.0,0.006330357398837805,0.066
EOF3,13.5,13.5,0.004796236753463745,0.066
EOF3,13.5,14.0,0.0031419636216014624,0.066
EOF3,13.5,14.5,0.0014856973430141807,0.066
EOF3,13.5,15.0,-0.00017242743342649192,0.066
EOF3,13.5,15.5,0.00042360651423223317,0.066
EOF3,13.5,16.0,0.0011345396051183343,0.066
EOF3,13.5,16.5,0.0018764953128993511,0.066
EOF3,13.5,17.0,0.001876108581200242,0.066
EOF3,13.5,17.5,0.0002214205014752224,0.066
EOF3,13.5,18.0,-0.0008071189513429999,0.066
EOF3,13.5,18.5,-0.00182058266364038,0.066
EOF3,13.5,19.0,-0.002132182940840721,0.066
EOF3,13.5,19.5,-0.0036486138124018908,0.066
EOF3,13.5,20.0,-0.00580498855561018,0.066
EOF3,13.5,20.5,-0.007980831898748875,0.066
EOF3,13.5,21.0,-0.010107212699949741,0.066
EOF3,13.5,21.5,-0.01225211936980486,0.066
EOF3,13.5,22.0,-0.01443758700042963,0.066
EOF3,13.5,22.5,-0.015699923038482666,0.066
EOF3,13.5,23.0,-0.014201554469764233,0.066
EOF3,13.5,23.5,-0.012714005075395107,0.066
EOF3,13.5,24.0,-0.01123177818953991,0.066
EOF3,13.5,24.5,-0.008080905303359032,0.066
EOF3,13.5,25.0,-0.006349804345518351,0.066
EOF3,13.5,25.5,-0.004178368020802736,0.066
EOF3,13.5,26.0,-0.0020508805755525827,0.066
EOF3,13.5,26.5,-0.0009494298719801009,0.066
EOF3,13.5,27.0,-0.00030340070952661335,0.066
EOF3,13.5,27.5,0.0005227607907727361,0.066
EOF3,13.5,28.0,0.0013399458257481456,0.066
EOF3,13.5,28.5,0.0018270132131874561,0.066
EOF3,13.5,29.0,0.0022101288195699453,0.066
EOF3,13.5,29.5,0.0026028112042695284,0.066
EOF3,13.5,30.0,0.001087866025045514,0.066
EOF3,13.5,30.5,-0.0008878244552761316,0.066
EOF3,13.5,31.0,-0.007221674546599388,0.066
EOF3,13.5,31.5,-0.013432049192488194,0.066
EOF3,13.5,32.0,-0.017471972852945328,0.066
EOF3,13.5,32.5,-0.015344771556556225,0.066
EOF3,13.5,33.0,-0.013209402561187744,0.066
EOF3,13.5,33.5,-0.012744988314807415,0.066
EOF3,13.5,34.0,-0.012552166357636452,0.066
EOF3,13.5,34.5,-0.01002867054194212,0.066
EOF3,14.0,0.5,0.0032221332658082247,0.066
EOF3,14.0,1.0,0.004115785472095013,0.066
EOF3,14.0,1.5,0.005020476877689362,0.066
EOF3,14.0,2.0,0.005675961263477802,0.066
EOF3,14.0,2.5,0.005577736999839544,0.066
EOF3,14.0,3.0,0.005482587963342667,0.066
EOF3,14.0,3.5,0.005424640141427517,0.066
EOF3,14.0,4.0,0.005601156502962112,0.066
EOF3,14.0,4.5,0.006242578849196434,0.066
EOF3,14.0,5.0,0.006998737808316946,0.066
EOF3,14.0,5.5,0.00775656895712018,0.066
EOF3,14.0,6.0,0.007574982009828091,0.066
EOF3,14.0,6.5,0.007071607280522585,0.066
EOF3,14.0,7.0,0.006569670978933573,0.066
EOF3,14.0,7.5,0.006239528302103281,0.066
EOF3,14.0,8.0,0.006315737031400204,0.066
EOF3,14.0,8.5,0.0063918535597622395,0.066
EOF3,14.0,9.0,0.0064638289622962475,0.066
EOF3,14.0,9.5,0.00659605348482728,0.066
EOF3,14.0,10.0,0.007213382050395012,0.066
EOF3,14.0,10.5,0.007829785346984863,0.066
EOF3,14.0,11.0,0.007597384974360466,0.066
EOF3,14.0,11.5,0.008147334679961205,0.066
EOF3,14.0,12.0,0.009106742218136787,0.066
EOF3,14.0,12.5,0.009110365994274616,0.066
EOF3,14.0,13.0,0.00911384355276823,0.066
EOF3,14.0,13.5,0.00834507867693901,0.066
EOF3,14.0,14.0,0.006767261773347855,0.066
EOF3,14.0,14.5,0.005179329309612513,0.066
EOF3,14.0,15.0,0.0035766377113759518,0.066
EOF3,14.0,15.5,0.0019070699345320463,0.066
EOF3,14.0,16.0,0.0026323029305785894,0.066
EOF3,14.0,16.5,0.003368993755429983,0.066
EOF3,14.0,17.0,0.0036784920375794172,0.066
EOF3,14.0,17.5,0.0026407577097415924,0.066
EOF3,14.0,18.0,0.0016249840846285224,0.066
EOF3,14.0,18.5,0.0011202984023839235,0.066
EOF3,14.0,19.0,0.000899432459846139,0.066
EOF3,14.0,19.5,-0.001003146287985146,0.066
EOF3,14.0,20.0,-0.003087058663368225,0.066
EOF3,14.0,20.5,-0.005186824593693018,0.066
EOF3,14.0,21.0,-0.007228783797472715,0.066
EOF3,14.0,21.5,-0.00927522499114275,0.066
EOF3,14.0,22.0,-0.01137118972837925,0.066
EOF3,14.0,22.5,-0.012797163799405098,0.066
EOF3,14.0,23.0,-0.011345557868480682,0.066
EOF3,14.0,23.5,-0.009910083375871181,0.066
EOF3,14.0,24.0,-0.008491289801895618,0.066
EOF3,14.0,24.5,-0.007394795306026936,0.066
EOF3,14.0,25.0,-0.006242743227630854,0.066
EOF3,14.0,25.5,-0.00406979862600565,0.066
EOF3,14.0,26.0,-0.0019365650368854403,0.066
EOF3,14.0,26.5,-0.00047044482198543847,0.066
EOF3,14.0,27.0,0.00035114219645038247,0.066
EOF3,14.0,27.5,0.0011727175442501903,0.066
EOF3,14.0,28.0,9.753750055097044e-05,0.066
EOF3,14.0,28.5,-0.0003689683217089623,0.066
EOF3,14.0,29.0,-1.68355163623346e-05,0.066
EOF3,14.0,29.5,0.0003465992340352386,0.066
EOF3,14.0,30.0,0.00036281850771047175,0.066
EOF3,14.0,30.5,0.002083955332636833,0.066
EOF3,14.0,31.0,-0.004248405806720257,0.066
EOF3,14.0,31.5,-0.010444399900734425,0.066
EOF3,14.0,32.0,-0.01578390970826149,0.066
EOF3,14.0,32.5,-0.016271356493234634,0.066
EOF3,14.0,33.0,-0.014155189506709576,0.066
EOF3,14.0,33.5,-0.01203463226556778,0.066
EOF3,14.0,34.0,-0.010138836689293385,0.066
EOF3,14.0,34.5,-0.008469082415103912,0.066
EOF3,14.5,0.5,0.0053044878877699375,0.066
EOF3,14.5,1.0,0.00543806841596961,0.066
EOF3,14.5,1.5,0.006134666968137026,0.066
EOF3,14.5,2.0,0.006778394803404808,0.066
EOF3,14.5,2.5,0.006686736363917589,0.066
EOF3,14.5,3.0,0.006711361929774284,0.066
EOF3,14.5,3.5,0.006780306342989206,0.066
EOF3,14.5,4.0,0.006956831552088261,0.066
EOF3,14.5,4.5,0.007243787869811058,0.066
EOF3,14.5,5.0,0.007649429142475128,0.066
EOF3,14.5,5.5,0.008394524455070496,0.066
EOF3,14.5,6.0,0.00821731612086296,0.066
EOF3,14.5,6.5,0.007783138193190098,0.066
EOF3,14.5,7.0,0.007512957323342562,0.066
EOF3,14.5,7.5,0.007252022158354521,0.066
EOF3,14.5,8.0,0.00731932558119297,0.066
EOF3,14.5,8.5,0.007340183015912771,0.066
EOF3,14.5,9.0,0.0073097809217870235,0.066
EOF3,14.5,9.5,0.007438503205776215,0.066
EOF3,14.5,10.0,0.008044730871915817,0.066
EOF3,14.5,10.5,0.006140732206404209,0.066
EOF3,14.5,11.0,0.003352349391207099,0.066
EOF3,14.5,11.5,0.00390894990414381,0.066
EOF3,14.5,12.0,0.0077782925218343735,0.066
EOF3,14.5,12.5,0.010616356506943703,0.066
EOF3,14.5,13.0,0.010615803301334381,0.066
EOF3,14.5,13.5,0.009860658086836338,0.066
EOF3,14.5,14.0,0.008852728642523289,0.066
EOF3,14.5,14.5,0.007566721178591251,0.066
EOF3,14.5,15.0,0.005995639134198427,0.066
EOF3,14.5,15.5,0.0036187449004501104,0.066
EOF3,14.5,16.0,0.0011043604463338852,0.066
EOF3,14.5,16.5,0.0009983375202864408,0.066
EOF3,14.5,17.0,0.0012873706873506308,0.066
EOF3,14.5,17.5,0.00026698349392972887,0.066
EOF3,14.5,18.0,0.0007770633092150092,0.066
EOF3,14.5,18.5,0.0017705784412100911,0.066
EOF3,14.5,19.0,0.001546994666568935,0.066
EOF3,14.5,19.5,0.00012058822176186368,0.066
EOF3,14.5,20.0,-0.0014753441791981459,0.066
EOF3,14.5,20.5,-0.0035649968776851892,0.066
EOF3,14.5,21.0,-0.005576284136623144,0.066
EOF3,14.5,21.5,-0.007383449003100395,0.066
EOF3,14.5,22.0,-0.00854866299778223,0.066
EOF3,14.5,22.5,-0.00971431378275156,0.066
EOF3,14.5,23.0,-0.008308924734592438,0.066
EOF3,14.5,23.5,-0.006894736085087061,0.066
EOF3,14.5,24.0,-0.005464928224682808,0.066
EOF3,14.5,24.5,-0.004370003007352352,0.066
EOF3,14.5,25.0,-0.004312315955758095,0.066
EOF3,14.5,25.5,-0.0042416309006512165,0.066
EOF3,14.5,26.0,-0.002128937281668186,0.066
EOF3,14.5,26.5,-0.0006699701189063489,0.066
EOF3,14.5,27.0,0.00012557281297631562,0.066
EOF3,14.5,27.5,-0.0027692141011357307,0.066
EOF3,14.5,28.0,-0.005598989315330982,0.066
EOF3,14.5,28.5,-0.006086159497499466,0.066
EOF3,14.5,29.0,-0.005915622692555189,0.066
EOF3,14.5,29.5,-0.006082120351493359,0.066
EOF3,14.5,30.0,-0.006232853047549725,0.066
EOF3,14.5,30.5,-0.0019834015984088182,0.066
EOF3,14.5,31.0,0.002374095842242241,0.066
EOF3,14.5,31.5,-0.0012364968424662948,0.066
EOF3,14.5,32.0,-0.006658843718469143,0.066
EOF3,14.5,32.5,-0.009760427288711071,0.066
EOF3,14.5,33.0,-0.012821041978895664,0.066
EOF3,14.5,33.5,-0.010734286159276962,0.066
EOF3,14.5,34.0,-0.008842099457979202,0.066
EOF3,14.5,34.5,-0.0071805804036557674,0.066
EOF3,15.0,0.5,0.007495572324842215,0.066
EOF3,15.0,1.0,0.007628333754837513,0.066
EOF3,15.0,1.5,0.007754728198051453,0.066
EOF3,15.0,2.0,0.007875851355493069,0.066
EOF3,15.0,2.5,0.007943167351186275,0.066
EOF3,15.0,3.0,0.008012505248188972,0.066
EOF3,15.0,3.5,0.00808466412127018,0.066
EOF3,15.0,4.0,0.00826183333992958,0.066
EOF3,15.0,4.5,0.008542751893401146,0.066
EOF3,15.0,5.0,0.008834633976221085,0.066
EOF3,15.0,5.5,0.009122923016548157,0.066
EOF3,15.0,6.0,0.009009949862957,0.066
EOF3,15.0,6.5,0.00874694250524044,0.066
EOF3,15.0,7.0,0.008485550060868263,0.066
EOF3,15.0,7.5,0.00822524819523096,0.066
EOF3,15.0,8.0,0.008195777423679829,0.066
EOF3,15.0,8.5,0.008161859586834908,0.066
EOF3,15.0,9.0,0.008132853545248508,0.066
EOF3,15.0,9.5,0.0074514527805149555,0.066
EOF3,15.0,10.0,0.004720316268503666,0.066
EOF3,15.0,10.5,0.0019413178088143468,0.066
EOF3,15.0,11.0,-0.000881125801242888,0.066
EOF3,15.0,11.5,-0.0003495746641419828,0.066
EOF3,15.0,12.0,0.0035757545847445726,0.066
EOF3,15.0,12.5,0.0074037229642271996,0.066
EOF3,15.0,13.0,0.011137185618281364,0.066
EOF3,15.0,13.5,0.011295122094452381,0.066
EOF3,15.0,14.0,0.010305386036634445,0.066
EOF3,15.0,14.5,0.009310541674494743,0.066
EOF3,15.0,15.0,0.008304049260914326,0.066
EOF3,15.0,15.5,0.0060236407443881035,0.066
EOF3,15.0,16.0,0.003618845948949456,0.066
EOF3,15.0,16.5,0.0010762823512777686,0.066
EOF3,15.0,17.0,-0.0006233292515389621,0.066
EOF3,15.0,17.5,0.0004172453482169658,0.066
EOF3,15.0,18.0,0.0014281529001891613,0.066
EOF3,15.0,18.5,0.002413057256489992,0.066
EOF3,15.0,19.0,0.002186363562941551,0.066
EOF3,15.0,19.5,0.0007615579525008798,0.066
EOF3,15.0,20.0,-0.0006671188166365027,0.066
EOF3,15.0,20.5,-0.0021089569199830294,0.066
EOF3,15.0,21.0,-0.0033346060663461685,0.066
EOF3,15.0,21.5,-0.0044649220071733,0.066
EOF3,15.0,22.0,-0.005605257581919432,0.066
EOF3,15.0,22.5,-0.006737047340720892,0.066
EOF3,15.0,23.0,-0.005312740337103605,0.066
EOF3,15.0,23.5,-0.0038800339680165052,0.066
EOF3,15.0,24.0,-0.0024416057858616114,0.066
EOF3,15.0,24.5,-0.0013502128422260284,0.066
EOF3,15.0,25.0,-0.001336226356215775,0.066
EOF3,15.0,25.5,-0.001314898137934506,0.066
EOF3,15.0,26.0,-0.0012996129225939512,0.066
EOF3,15.0,26.5,-0.002677192911505699,0.066
EOF3,15.0,27.0,-0.005528956186026335,0.066
EOF3,15.0,27.5,-0.008302295580506325,0.066
EOF3,15.0,28.0,-0.010993049480021,0.066
EOF3,15.0,28.5,-0.0118057020008564,0.066
EOF3,15.0,29.0,-0.012005404569208622,0.066
EOF3,15.0,29.5,-0.012208598665893078,0.066
EOF3,15.0,30.0,-0.012395024299621582,0.066
EOF3,15.0,30.5,-0.008331378921866417,0.066
EOF3,15.0,31.0,-0.004167607519775629,0.066
EOF3,15.0,31.5,9.329570457339287e-05,0.066
EOF3,15.0,32.0,0.0024420844856649637,0.066
EOF3,15.0,32.5,-0.0006788957980461419,0.066
EOF3,15.0,33.0,-0.003786808578297496,0.066
EOF3,15.0,33.5,-0.006889077834784985,0.066
EOF3,15.0,34.0,-0.008389707654714584,0.066
EOF3,15.0,34.5,-0.00845382921397686,0.066
EOF3,15.5,0.5,0.007737227715551853,0.066
EOF3,15.5,1.0,0.00783090852200985,0.066
EOF3,15.5,1.5,0.00796150229871273,0.066
EOF3,15.5,2.0,0.008073609322309494,0.066
EOF3,15.5,2.5,0.008143491111695766,0.066
EOF3,15.5,3.0,0.008210431784391403,0.066
EOF3,15.5,3.5,0.007892039604485035,0.066
EOF3,15.5,4.0,0.007873841561377048,0.066
EOF3,15.5,4.5,0.008159511722624302,0.066
EOF3,15.5,5.0,0.00845064502209425,0.066
EOF3,15.5,5.5,0.008753514848649502,0.066
EOF3,15.5,6.0,0.009425139054656029,0.066
EOF3,15.5,6.5,0.0099613843485713,0.066
EOF3,15.5,7.0,0.009707218036055565,0.066
EOF3,15.5,7.5,0.009447428397834301,0.066
EOF3,15.5,8.0,0.009711094200611115,0.066
EOF3,15.5,8.5,0.009826211258769035,0.066
EOF3,15.5,9.0,0.009793397970497608,0.066
EOF3,15.5,9.5,0.009106779471039772,0.066
EOF3,15.5,10.0,0.006421512924134731,0.066
EOF3,15.5,10.5,0.0037179619539529085,0.066
EOF3,15.5,11.0,0.005351812578737736,0.066
EOF3,15.5,11.5,0.0031270633917301893,0.066
EOF3,15.5,12.0,-0.0030085768084973097,0.066
EOF3,15.5,12.5,0.0008666294743306935,0.066
EOF3,15.5,13.0,0.0047123185358941555,0.066
EOF3,15.5,13.5,0.00490308552980423,0.066
EOF3,15.5,14.0,0.003890416119247675,0.066
EOF3,15.5,14.5,0.002800183603540063,0.066
EOF3,15.5,15.0,0.0016261870041489601,0.066
EOF3,15.5,15.5,-0.0008242059266194701,0.066
EOF3,15.5,16.0,-0.003406020812690258,0.066
EOF3,15.5,16.5,-0.00837443582713604,0.066
EOF3,15.5,17.0,-0.01062544621527195,0.066
EOF3,15.5,17.5,-0.0023183152079582214,0.066
EOF3,15.5,18.0,0.0006109935347922146,0.066
EOF3,15.5,18.5,0.00161290995310992,0.066
EOF3,15.5,19.0,0.0013878584140911698,0.066
EOF3,15.5,19.5,-5.153441816219129e-05,0.066
EOF3,15.5,20.0,-0.0011335281888023019,0.066
EOF3,15.5,20.5,-0.0010992898605763912,0.066
EOF3,15.5,21.0,-0.0040005166083574295,0.066
EOF3,15.5,21.5,-0.007239199243485928,0.066
EOF3,15.5,22.0,-0.008399665355682373,0.066
EOF3,15.5,22.5,-0.009545370005071163,0.066
EOF3,15.5,23.0,-0.006024297792464495,0.066
EOF3,15.5,23.5,-0.0035748761147260666,0.066
EOF3,15.5,24.0,-0.0021569214295595884,0.066
EOF3,15.5,24.5,-0.0010768549982458353,0.066
EOF3,15.5,25.0,-0.0010613632621243596,0.066
EOF3,15.5,25.5,-0.0010335572296753526,0.066
EOF3,15.5,26.0,0.001009847386740148,0.066
EOF3,15.5,26.5,0.0023949488531798124,0.066
EOF3,15.5,27.0,0.0031916331499814987,0.066
EOF3,15.5,27.5,0.0002819148066919297,0.066
EOF3,15.5,28.0,-0.002570288721472025,0.066
EOF3,15.5,28.5,-0.003379703965038061,0.066
EOF3,15.5,29.0,-0.0035191671922802925,0.066
EOF3,15.5,29.5,-0.004043903201818466,0.066
EOF3,15.5,30.0,-0.004920464474707842,0.066
EOF3,15.5,30.5,-0.0007823817431926727,0.066
EOF3,15.5,31.0,0.0034659397788345814,0.066
EOF3,15.5,31.5,0.0016044916119426489,0.066
EOF3,15.5,32.0,-0.0021383969578891993,0.066
EOF3,15.5,32.5,-0.005234312731772661,0.066
EOF3,15.5,33.0,-0.008294313214719296,0.066
EOF3,15.5,33.5,-0.007086300291121006,0.066
EOF3,15.5,34.0,-0.005727184470742941,0.066
EOF3,15.5,34.5,-0.004234342835843563,0.066
EOF3,16.0,0.5,0.008040257729589939,0.066
EOF3,16.0,1.0,0.008097246289253235,0.066
EOF3,16.0,1.5,0.00815205555409193,0.066
EOF3,16.0,2.0,0.008266186341643333,0.066
EOF3,16.0,2.5,0.008140141144394875,0.066
EOF3,16.0,3.0,0.00782773457467556,0.066
EOF3,16.0,3.5,0.007508536335080862,0.066
EOF3,16.0,4.0,0.007493298035115004,0.066
EOF3,16.0,4.5,0.007787697482854128,0.066
EOF3,16.0,5.0,0.00808690581470728,0.066
EOF3,16.0,5.5,0.008381041698157787,0.066
EOF3,16.0,6.0,0.009049881249666214,0.066
EOF3,16.0,6.5,0.009838939644396305,0.066
EOF3,16.0,7.0,0.010628548450767994,0.066
EOF3,16.0,7.5,0.010636192746460438,0.066
EOF3,16.0,8.0,0.010898382402956486,0.066
EOF3,16.0,8.5,0.011156998574733734,0.066
EOF3,16.0,9.0,0.01142114121466875,0.066
EOF3,16.0,9.5,0.010741397738456726,0.066
EOF3,16.0,10.0,0.010246415622532368,0.066
EOF3,16.0,10.5,0.01188895758241415,0.066
EOF3,16.0,11.0,0.01353253424167633,0.066
EOF3,16.0,11.5,0.011391895823180676,0.066
EOF3,16.0,12.0,0.005382266361266375,0.066
EOF3,16.0,12.5,-0.0007165328715927899,0.066
EOF3,16.0,13.0,-0.0018327790312469006,0.066
EOF3,16.0,13.5,-0.001632572733797133,0.066
EOF3,16.0,14.0,-0.0027834170032292604,0.066
EOF3,16.0,14.5,-0.003920338116586208,0.066
EOF3,16.0,15.0,-0.005050581879913807,0.066
EOF3,16.0,15.5,-0.0083667803555727,0.066
EOF3,16.0,16.0,-0.013806430622935295,0.066
EOF3,16.0,16.5,-0.01917703077197075,0.066
EOF3,16.0,17.0,-0.02133197709918022,0.066
EOF3,16.0,17.5,-0.013778830878436565,0.066
EOF3,16.0,18.0,-0.005773549433797598,0.066
EOF3,16.0,18.5,0.0007913916488178074,0.066
EOF3,16.0,19.0,0.0005656883004121482,0.066
EOF3,16.0,19.5,0.00022271886700764298,0.066
EOF3,16.0,20.0,0.00024171406403183937,0.066
EOF3,16.0,20.5,0.00026272228569723666,0.066
EOF3,16.0,21.0,-0.0026155496016144753,0.066
EOF3,16.0,21.5,-0.006537319626659155,0.066
EOF3,16.0,22.0,-0.010542524978518486,0.066
EOF3,16.0,22.5,-0.012424916960299015,0.066
EOF3,16.0,23.0,-0.008847871795296669,0.066
EOF3,16.0,23.5,-0.005326981656253338,0.066
EOF3,16.0,24.0,-0.0018989088712260127,0.066
EOF3,16.0,24.5,-0.000821300782263279,0.066
EOF3,16.0,25.0,0.00022950372658669949,0.066
EOF3,16.0,25.5,0.0022410345263779163,0.066
EOF3,16.0,26.0,0.004135366529226303,0.066
EOF3,16.0,26.5,0.005455418024212122,0.066
EOF3,16.0,27.0,0.006302469410002232,0.066
EOF3,16.0,27.5,0.007172921672463417,0.066
EOF3,16.0,28.0,0.006123200058937073,0.066
EOF3,16.0,28.5,0.005309757310897112,0.066
EOF3,16.0,29.0,0.004407659638673067,0.066
EOF3,16.0,29.5,0.0034993321169167757,0.066
EOF3,16.0,30.0,0.0026128687895834446,0.066
EOF3,16.0,30.5,0.004802247509360313,0.066
EOF3,16.0,31.0,0.0009338611853308976,0.066
EOF3,16.0,31.5,-0.002984409686177969,0.066
EOF3,16.0,32.0,-0.006725061684846878,0.066
EOF3,16.0,32.5,-0.007648522034287453,0.066
EOF3,16.0,33.0,-0.0064217885956168175,0.066
EOF3,16.0,33.5,-0.005207578651607037,0.066
EOF3,16.0,34.0,-0.0038592987693846226,0.066
EOF3,16.0,34.5,-0.0023631430231034756,0.066
EOF3,16.5,0.5,0.008740599267184734,0.066
EOF3,16.5,1.0,0.00879501923918724,0.066
EOF3,16.5,1.5,0.008856034837663174,0.066
EOF3,16.5,2.0,0.009234834462404251,0.066
EOF3,16.5,2.5,0.008574591018259525,0.066
EOF3,16.5,3.0,0.00826513022184372,0.066
EOF3,16.5,3.5,0.007950001396238804,0.066
EOF3,16.5,4.0,0.007925853133201599,0.066
EOF3,16.5,4.5,0.00821977574378252,0.066
EOF3,16.5,5.0,0.00851468089967966,0.066
EOF3,16.5,5.5,0.008811154402792454,0.066
EOF3,16.5,6.0,0.009478829801082611,0.066
EOF3,16.5,6.5,0.010274644941091537,0.066
EOF3,16.5,7.0,0.011064941063523293,0.066
EOF3,16.5,7.5,0.015185508877038956,0.066
EOF3,16.5,8.0,0.01546814851462841,0.066
EOF3,16.5,8.5,0.015733974054455757,0.066
EOF3,16.5,9.0,0.015970895066857338,0.066
EOF3,16.5,9.5,0.01258908212184906,0.066
EOF3,16.5,10.0,0.013835201971232891,0.066
EOF3,16.5,10.5,0.01545465923845768,0.066
EOF3,16.5,11.0,0.017078407108783722,0.066
EOF3,16.5,11.5,0.014997384510934353,0.066
EOF3,16.5,12.0,0.00913475826382637,0.066
EOF3,16.5,12.5,0.003185581648722291,0.066
EOF3,16.5,13.0,0.0037979120388627052,0.066
EOF3,16.5,13.5,-0.0028989228885620832,0.066
EOF3,16.5,14.0,-0.0040966239757835865,0.066
EOF3,16.5,14.5,-0.005215699318796396,0.066
EOF3,16.5,15.0,-0.0063363551162183285,0.066
EOF3,16.5,15.5,-0.01162080466747284,0.066
EOF3,16.5,16.0,-0.01684596762061119,0.066
EOF3,16.5,16.5,-0.022025790065526962,0.066
EOF3,16.5,17.0,-0.026959342882037163,0.066
EOF3,16.5,17.5,-0.01968039944767952,0.066
EOF3,16.5,18.0,-0.011969738639891148,0.066
EOF3,16.5,18.5,-0.0024181564804166555,0.066
EOF3,16.5,19.0,0.004402767866849899,0.066
EOF3,16.5,19.5,0.004326889291405678,0.066
EOF3,16.5,20.0,0.004325083456933498,0.066
EOF3,16.5,20.5,0.004320480860769749,0.066
EOF3,16.5,21.0,0.000663997489027679,0.066
EOF3,16.5,21.5,-0.003201749175786972,0.066
EOF3,16.5,22.0,-0.007147335447371006,0.066
EOF3,16.5,22.5,-0.011145295575261116,0.066
EOF3,16.5,23.0,-0.0076972427777945995,0.066
EOF3,16.5,23.5,-0.004210026003420353,0.066
EOF3,16.5,24.0,-0.0008031200850382447,0.066
EOF3,16.5,24.5,0.002207135781645775,0.066
EOF3,16.5,25.0,0.004163601901382208,0.066
EOF3,16.5,25.5,0.006007075775414705,0.066
EOF3,16.5,26.0,0.006347239948809147,0.066
EOF3,16.5,26.5,0.0048074196092784405,0.066
EOF3,16.5,27.0,0.0056360261514782906,0.066
EOF3,16.5,27.5,0.006489214487373829,0.066
EOF3,16.5,28.0,0.007890413515269756,0.066
EOF3,16.5,28.5,0.007694676052778959,0.066
EOF3,16.5,29.0,0.006785743869841099,0.066
EOF3,16.5,29.5,0.005873118992894888,0.066
EOF3,16.5,30.0,0.004140778444707394,0.066
EOF3,16.5,30.5,0.0003121940535493195,0.066
EOF3,16.5,31.0,-0.00357438949868083,0.066
EOF3,16.5,31.5,-0.007490093819797039,0.066
EOF3,16.5,32.0,-0.008087651804089546,0.066
EOF3,16.5,32.5,-0.006870653480291367,0.066
EOF3,16.5,33.0,-0.005660114344209433,0.066
EOF3,16.5,33.5,-0.005072722677141428,0.066
EOF3,16.5,34.0,-0.0032753455452620983,0.066
EOF3,16.5,34.5,-0.0009346240549348295,0.066
EOF3,17.0,0.5,0.00982553418725729,0.066
EOF3,17.0,1.0,0.010273199528455734,0.066
EOF3,17.0,1.5,0.011119124479591846,0.066
EOF3,17.0,2.0,0.011503145098686218,0.066
EOF3,17.0,2.5,0.010493527166545391,0.066
EOF3,17.0,3.0,0.009491792879998684,0.066
EOF3,17.0,3.5,0.009184424765408039,0.066
EOF3,17.0,4.0,0.009175561368465424,0.066
EOF3,17.0,4.5,0.009464271366596222,0.066
EOF3,17.0,5.0,0.0097532132640481,0.066
EOF3,17.0,5.5,0.01005006767809391,0.066
EOF3,17.0,6.0,0.0107336500659585,0.066
EOF3,17.0,6.5,0.012665755115449429,0.066
EOF3,17.0,7.0,0.018092231824994087,0.066
EOF3,17.0,7.5,0.023685486987233162,0.066
EOF3,17.0,8.0,0.023992648348212242,0.066
EOF3,17.0,8.5,0.021445512771606445,0.066
EOF3,17.0,9.0,0.016335224732756615,0.066
EOF3,17.0,9.5,0.012937911786139011,0.066
EOF3,17.0,10.0,0.013806909322738647,0.066
EOF3,17.0,10.5,0.01467420905828476,0.066
EOF3,17.0,11.0,0.016263576224446297,0.066
EOF3,17.0,11.5,0.014218403957784176,0.066
EOF3,17.0,12.0,0.008537376299500465,0.066
EOF3,17.0,12.5,0.015654511749744415,0.066
EOF3,17.0,13.0,0.02302168682217598,0.066
EOF3,17.0,13.5,0.016207316890358925,0.066
EOF3,17.0,14.0,0.004877722356468439,0.066
EOF3,17.0,14.5,-0.001235431176610291,0.066
EOF3,17.0,15.0,-0.0023602107539772987,0.066
EOF3,17.0,15.5,-0.007547716610133648,0.066
EOF3,17.0,16.0,-0.014414165169000626,0.066
EOF3,17.0,16.5,-0.02325489930808544,0.066
EOF3,17.0,17.0,-0.028342830017209053,0.066
EOF3,17.0,17.5,-0.020935557782649994,0.066
EOF3,17.0,18.0,-0.008825220167636871,0.066
EOF3,17.0,18.5,0.004848180338740349,0.066
EOF3,17.0,19.0,0.011647715233266354,0.066
EOF3,17.0,19.5,0.011510835029184818,0.066
EOF3,17.0,20.0,0.011387421749532223,0.066
EOF3,17.0,20.5,0.011347800493240356,0.066
EOF3,17.0,21.0,0.007511726580560207,0.066
EOF3,17.0,21.5,0.002520308131352067,0.066
EOF3,17.0,22.0,-0.0018645433010533452,0.066
EOF3,17.0,22.5,-0.005764343775808811,0.066
EOF3,17.0,23.0,-0.0024834731593728065,0.066
EOF3,17.0,23.5,0.000706374878063798,0.066
EOF3,17.0,24.0,0.003944743890315294,0.066
EOF3,17.0,24.5,0.006825701333582401,0.066
EOF3,17.0,25.0,0.008610854856669903,0.066
EOF3,17.0,25.5,0.006055488716810942,0.066
EOF3,17.0,26.0,0.002108908724039793,0.066
EOF3,17.0,26.5,0.0005193891120143235,0.066
EOF3,17.0,27.0,0.0012929880758747458,0.066
EOF3,17.0,27.5,0.003190862713381648,0.066
EOF3,17.0,28.0,0.0051107145845890045,0.066
EOF3,17.0,28.5,0.004914671648293734,0.066
EOF3,17.0,29.0,0.00373797002248466,0.066
EOF3,17.0,29.5,0.0017406027764081955,0.066
EOF3,17.0,30.0,-0.0002790299477055669,0.066
EOF3,17.0,30.5,-0.004132913425564766,0.066
EOF3,17.0,31.0,-0.006666644476354122,0.066
EOF3,17.0,31.5,-0.007837770506739616,0.066
EOF3,17.0,32.0,-0.008412168361246586,0.066
EOF3,17.0,32.5,-0.007202801760286093,0.066
EOF3,17.0,33.0,-0.007843667641282082,0.066
EOF3,17.0,33.5,-0.009103438816964626,0.066
EOF3,17.0,34.0,-0.007328469306230545,0.066
EOF3,17.0,34.5,-0.0024659810587763786,0.066
EOF3,17.5,0.5,0.011700395494699478,0.066
EOF3,17.5,1.0,0.012539202347397804,0.066
EOF3,17.5,1.5,0.013383416458964348,0.066
EOF3,17.5,2.0,0.013748975470662117,0.066
EOF3,17.5,2.5,0.01274550799280405,0.066
EOF3,17.5,3.0,0.011740531772375107,0.066
EOF3,17.5,3.5,0.010742878541350365,0.066
EOF3,17.5,4.0,0.010402999818325043,0.066
EOF3,17.5,4.5,0.010711022652685642,0.066
EOF3,17.5,5.0,0.011012708768248558,0.066
EOF3,17.5,5.5,0.011317314580082893,0.066
EOF3,17.5,6.0,0.01540711335837841,0.066
EOF3,17.5,6.5,0.021031981334090233,0.066
EOF3,17.5,7.0,0.02686208114027977,0.066
EOF3,17.5,7.5,0.03289336338639259,0.066
EOF3,17.5,8.0,0.02719438262283802,0.066
EOF3,17.5,8.5,0.021758483722805977,0.066
EOF3,17.5,9.0,0.016673680394887924,0.066
EOF3,17.5,9.5,0.01329766120761633,0.066
EOF3,17.5,10.0,0.014159285463392735,0.066
EOF3,17.5,10.5,0.015010739676654339,0.066
EOF3,17.5,11.0,0.015855733305215836,0.066
EOF3,17.5,11.5,0.019708149135112762,0.066
EOF3,17.5,12.0,0.026883041486144066,0.066
EOF3,17.5,12.5,0.03421441838145256,0.066
EOF3,17.5,13.0,0.04168488457798958,0.066
EOF3,17.5,13.5,0.0348493866622448,0.066
EOF3,17.5,14.0,0.02342710830271244,0.066
EOF3,17.5,14.5,0.012275266461074352,0.066
EOF3,17.5,15.0,0.0014664962654933333,0.066
EOF3,17.5,15.5,-0.006789440289139748,0.066
EOF3,17.5,16.0,-0.015456663444638252,0.066
EOF3,17.5,16.5,-0.024489663541316986,0.066
EOF3,17.5,17.0,-0.02825216017663479,0.066
EOF3,17.5,17.5,-0.014979670755565166,0.066
EOF3,17.5,18.0,-0.0015956669813022017,0.066
EOF3,17.5,18.5,0.011877077631652355,0.066
EOF3,17.5,19.0,0.018575729802250862,0.066
EOF3,17.5,19.5,0.018592754378914833,0.066
EOF3,17.5,20.0,0.01861201412975788,0.066
EOF3,17.5,20.5,0.018628660589456558,0.066
EOF3,17.5,21.0,0.01466826256364584,0.066
EOF3,17.5,21.5,0.00946143176406622,0.066
EOF3,17.5,22.0,0.004380775149911642,0.066
EOF3,17.5,22.5,-0.0004996400675736368,0.066
EOF3,17.5,23.0,0.0026625862810760736,0.066
EOF3,17.5,23.5,0.005733189173042774,0.066
EOF3,17.5,24.0,0.008687633089721203,0.066
EOF3,17.5,24.5,0.009849879890680313,0.066
EOF3,17.5,25.0,0.00578960170969367,0.066
EOF3,17.5,25.5,0.001767776207998395,0.066
EOF3,17.5,26.0,-0.00220959703437984,0.066
EOF3,17.5,26.5,-0.0032573638018220663,0.066
EOF3,17.5,27.0,-0.0013863439671695232,0.066
EOF3,17.5,27.5,0.000497738947160542,0.066
EOF3,17.5,28.0,0.0023944044951349497,0.066
EOF3,17.5,28.5,0.0013954037567600608,0.066
EOF3,17.5,29.0,-0.0006028192583471537,0.066
EOF3,17.5,29.5,-0.0026113048661500216,0.066
EOF3,17.5,30.0,-0.004633982200175524,0.066
EOF3,17.5,30.5,-0.005808169953525066,0.066
EOF3,17.5,31.0,-0.006967287510633469,0.066
EOF3,17.5,31.5,-0.008126541040837765,0.066
EOF3,17.5,32.0,-0.009344661608338356,0.066
EOF3,17.5,32.5,-0.010591399855911732,0.066
EOF3,17.5,33.0,-0.011837545782327652,0.066
EOF3,17.5,33.5,-0.013075829483568668,0.066
EOF3,17.5,34.0,-0.011324601247906685,0.066
EOF3,17.5,34.5,-0.006526296027004719,0.066
EOF3,18.0,0.5,0.016589630395174026,0.066
EOF3,18.0,1.0,0.01928366720676422,0.066
EOF3,18.0,1.5,0.020152786746621132,0.066
EOF3,18.0,2.0,0.020037241280078888,0.066
EOF3,18.0,2.5,0.01701880246400833,0.066
EOF3,18.0,3.0,0.015510852448642254,0.066
EOF3,18.0,3.5,0.014498280361294746,0.066
EOF3,18.0,4.0,0.01417610328644514,0.066
EOF3,18.0,4.5,0.014539621770381927,0.066
EOF3,18.0,5.0,0.014346475712954998,0.066
EOF3,18.0,5.5,0.012466110289096832,0.066
EOF3,18.0,6.0,0.012464630417525768,0.066
EOF3,18.0,6.5,0.014334077015519142,0.066
EOF3,18.0,7.0,0.020003922283649445,0.066
EOF3,18.0,7.5,0.025876959785819054,0.066
EOF3,18.0,8.0,0.028620002791285515,0.066
EOF3,18.0,8.5,0.027104893699288368,0.066
EOF3,18.0,9.0,0.021679021418094635,0.066
EOF3,18.0,9.5,0.01806267723441124,0.066
EOF3,18.0,10.0,0.01892726495862007,0.066
EOF3,18.0,10.5,0.01980757713317871,0.066
EOF3,18.0,11.0,0.024178314954042435,0.066
EOF3,18.0,11.5,0.026499805971980095,0.066
EOF3,18.0,12.0,0.026990465819835663,0.066
EOF3,18.0,12.5,0.034254640340805054,0.066
EOF3,18.0,13.0,0.04171329736709595,0.066
EOF3,18.0,13.5,0.034926123917102814,0.066
EOF3,18.0,14.0,0.023574450984597206,0.066
EOF3,18.0,14.5,0.013490354642271996,0.066
EOF3,18.0,15.0,0.0045645227655768394,0.066
EOF3,18.0,15.5,-0.0014005291741341352,0.066
EOF3,18.0,16.0,-0.008642141707241535,0.066
EOF3,18.0,16.5,-0.017364393919706345,0.066
EOF3,18.0,17.0,-0.020901070907711983,0.066
EOF3,18.0,17.5,-0.007847598753869534,0.066
EOF3,18.0,18.0,0.005240283906459808,0.066
EOF3,18.0,18.5,0.00790181290358305,0.066
EOF3,18.0,19.0,0.009160858578979969,0.066
EOF3,18.0,19.5,0.008964776061475277,0.066
EOF3,18.0,20.0,0.00990377739071846,0.066
EOF3,18.0,20.5,0.014374990947544575,0.066
EOF3,18.0,21.0,0.011522399261593819,0.066
EOF3,18.0,21.5,0.006307084113359451,0.066
EOF3,18.0,22.0,0.0043398672714829445,0.066
EOF3,18.0,22.5,0.005487669259309769,0.066
EOF3,18.0,23.0,0.00850999541580677,0.066
EOF3,18.0,23.5,0.011427546851336956,0.066
EOF3,18.0,24.0,0.012639624997973442,0.066
EOF3,18.0,24.5,0.012626323848962784,0.066
EOF3,18.0,25.0,0.010581258684396744,0.066
EOF3,18.0,25.5,0.006990540772676468,0.066
EOF3,18.0,26.0,0.0029315981082618237,0.066
EOF3,18.0,26.5,0.00183039007242769,0.066
EOF3,18.0,27.0,0.003652723738923669,0.066
EOF3,18.0,27.5,0.005564439110457897,0.066
EOF3,18.0,28.0,0.0074854823760688305,0.066
EOF3,18.0,28.5,0.007634023670107126,0.066
EOF3,18.0,29.0,0.006802856922149658,0.066
EOF3,18.0,29.5,0.004803159739822149,0.066
EOF3,18.0,30.0,0.0028004315681755543,0.066
EOF3,18.0,30.5,0.0016473910072818398,0.066
EOF3,18.0,31.0,0.00048711910494603217,0.066
EOF3,18.0,31.5,-0.004026709124445915,0.066
EOF3,18.0,32.0,-0.009269203059375286,0.066
EOF3,18.0,32.5,-0.0136663056910038,0.066
EOF3,18.0,33.0,-0.015707066282629967,0.066
EOF3,18.0,33.5,-0.016941918060183525,0.066
EOF3,18.0,34.0,-0.015199244022369385,0.066
EOF3,18.0,34.5,-0.010425727814435959,0.066
EOF3,18.5,0.5,0.01794765330851078,0.066
EOF3,18.5,1.0,0.022530322894454002,0.066
EOF3,18.5,1.5,0.027211381122469902,0.066
EOF3,18.5,2.0,0.02710520103573799,0.066
EOF3,18.5,2.5,0.023935746401548386,0.066
EOF3,18.5,3.0,0.02083536796271801,0.066
EOF3,18.5,3.5,0.018298471346497536,0.066
EOF3,18.5,4.0,0.017997685819864273,0.066
EOF3,18.5,4.5,0.01673365943133831,0.066
EOF3,18.5,5.0,0.014898705296218395,0.066
EOF3,18.5,5.5,0.013043529354035854,0.066
EOF3,18.5,6.0,0.013053825125098228,0.066
EOF3,18.5,6.5,0.013707979582250118,0.066
EOF3,18.5,7.0,0.014391869306564331,0.066
EOF3,18.5,7.5,0.01885896362364292,0.066
EOF3,18.5,8.0,0.021658530458807945,0.066
EOF3,18.5,8.5,0.024372678250074387,0.066
EOF3,18.5,9.0,0.026968449354171753,0.066
EOF3,18.5,9.5,0.02314794436097145,0.066
EOF3,18.5,10.0,0.02586243487894535,0.066
EOF3,18.5,10.5,0.03020635060966015,0.066
EOF3,18.5,11.0,0.03428002446889877,0.066
EOF3,18.5,11.5,0.03649166598916054,0.066
EOF3,18.5,12.0,0.03702854365110397,0.066
EOF3,18.5,12.5,0.0375608466565609,0.066
EOF3,18.5,13.0,0.04155876114964485,0.066
EOF3,18.5,13.5,0.0348564088344574,0.066
EOF3,18.5,14.0,0.0257281381636858,0.066
EOF3,18.5,14.5,0.01663547195494175,0.066
EOF3,18.5,15.0,0.007654596585780382,0.066
EOF3,18.5,15.5,0.0017066822620108724,0.066
EOF3,18.5,16.0,-0.00432787649333477,0.066
EOF3,18.5,16.5,-0.010473456233739853,0.066
EOF3,18.5,17.0,-0.013813069090247154,0.066
EOF3,18.5,17.5,-0.006323519162833691,0.066
EOF3,18.5,18.0,-0.004054384771734476,0.066
EOF3,18.5,18.5,-0.0016642161644995213,0.066
EOF3,18.5,19.0,-0.0006241480587050319,0.066
EOF3,18.5,19.5,0.0023853599559515715,0.066
EOF3,18.5,20.0,0.006675297394394875,0.066
EOF3,18.5,20.5,0.011124023236334324,0.066
EOF3,18.5,21.0,0.008302431553602219,0.066
EOF3,18.5,21.5,0.009349025785923004,0.066
EOF3,18.5,22.0,0.010361872613430023,0.066
EOF3,18.5,22.5,0.011318272911012173,0.066
EOF3,18.5,23.0,0.013650067150592804,0.066
EOF3,18.5,23.5,0.014314251951873302,0.066
EOF3,18.5,24.0,0.01496568601578474,0.066
EOF3,18.5,24.5,0.01494061853736639,0.066
EOF3,18.5,25.0,0.012899006716907024,0.066
EOF3,18.5,25.5,0.010842191986739635,0.066
EOF3,18.5,26.0,0.008257411420345306,0.066
EOF3,18.5,26.5,0.007121930364519358,0.066
EOF3,18.5,27.0,0.008952617645263672,0.066
EOF3,18.5,27.5,0.010777870193123817,0.066
EOF3,18.5,28.0,0.012657412327826023,0.066
EOF3,18.5,28.5,0.012818441726267338,0.066
EOF3,18.5,29.0,0.012376323342323303,0.066
EOF3,18.5,29.5,0.011931908316910267,0.066
EOF3,18.5,30.0,0.010331409983336926,0.066
EOF3,18.5,30.5,0.008013212122023106,0.066
EOF3,18.5,31.0,0.0023112338967621326,0.066
EOF3,18.5,31.5,-0.00326236872933805,0.066
EOF3,18.5,32.0,-0.008421563543379307,0.066
EOF3,18.5,32.5,-0.01274956576526165,0.066
EOF3,18.5,33.0,-0.017149029299616814,0.066
EOF3,18.5,33.5,-0.020809315145015717,0.066
EOF3,18.5,34.0,-0.019077884033322334,0.066
EOF3,18.5,34.5,-0.015559394843876362,0.066
EOF3,19.0,0.5,0.027377132326364517,0.066
EOF3,19.0,1.0,0.0321202278137207,0.066
EOF3,19.0,1.5,0.03699745237827301,0.066
EOF3,19.0,2.0,0.03722972050309181,0.066
EOF3,19.0,2.5,0.027952080592513084,0.066
EOF3,19.0,3.0,0.024784190580248833,0.066
EOF3,19.0,3.5,0.021685460582375526,0.066
EOF3,19.0,4.0,0.019269276410341263,0.066
EOF3,19.0,4.5,0.0174728836864233,0.066
EOF3,19.0,5.0,0.015659762546420097,0.066
EOF3,19.0,5.5,0.0132578294724226,0.066
EOF3,19.0,6.0,0.011925498954951763,0.066
EOF3,19.0,6.5,0.012535406276583672,0.066
EOF3,19.0,7.0,0.013184236362576485,0.066
EOF3,19.0,7.5,0.013866253197193146,0.066
EOF3,19.0,8.0,0.016630174592137337,0.066
EOF3,19.0,8.5,0.019344355911016464,0.066
EOF3,19.0,9.0,0.02200963906943798,0.066
EOF3,19.0,9.5,0.025242742151021957,0.066
EOF3,19.0,10.0,0.025740971788764,0.066
EOF3,19.0,10.5,0.03012421727180481,0.066
EOF3,19.0,11.0,0.03423469886183739,0.066
EOF3,19.0,11.5,0.03646590933203697,0.066
EOF3,19.0,12.0,0.037003979086875916,0.066
EOF3,19.0,12.5,0.03754100948572159,0.066
EOF3,19.0,13.0,0.039097074419260025,0.066
EOF3,19.0,13.5,0.03858558461070061,0.066
EOF3,19.0,14.0,0.029294008389115334,0.066
EOF3,19.0,14.5,0.019929278641939163,0.066
EOF3,19.0,15.0,0.010656824335455894,0.066
EOF3,19.0,15.5,0.004549349192529917,0.066
EOF3,19.0,16.0,-0.0016495146555826068,0.066
EOF3,19.0,16.5,-0.007908600382506847,0.066
EOF3,19.0,17.0,-0.008217916823923588,0.066
EOF3,19.0,17.5,-0.008324388414621353,0.066
EOF3,19.0,18.0,-0.006088234018534422,0.066
EOF3,19.0,18.5,-0.0037193747702986,0.066
EOF3,19.0,19.0,-0.00045693819993175566,0.066
EOF3,19.0,19.5,0.0037259759847074747,0.066
EOF3,19.0,20.0,0.00806864257901907,0.066
EOF3,19.0,20.5,0.00993591733276844,0.066
EOF3,19.0,21.0,0.01676473394036293,0.066
EOF3,19.0,21.5,0.017656555399298668,0.066
EOF3,19.0,22.0,0.01843896321952343,0.066
EOF3,19.0,22.5,0.019131071865558624,0.066
EOF3,19.0,23.0,0.014876209199428558,0.066
EOF3,19.0,23.5,0.015530675649642944,0.066
EOF3,19.0,24.0,0.016178473830223083,0.066
EOF3,19.0,24.5,0.016736343502998352,0.066
EOF3,19.0,25.0,0.015872174873948097,0.066
EOF3,19.0,25.5,0.013816215097904205,0.066
EOF3,19.0,26.0,0.011742128990590572,0.066
EOF3,19.0,26.5,0.01162736490368843,0.066
EOF3,19.0,27.0,0.013465328142046928,0.066
EOF3,19.0,27.5,0.015298725105822086,0.066
EOF3,19.0,28.0,0.015684647485613823,0.066
EOF3,19.0,28.5,0.01509509515017271,0.066
EOF3,19.0,29.0,0.014652968384325504,0.066
EOF3,19.0,29.5,0.014209740795195103,0.066
EOF3,19.0,30.0,0.014843574725091457,0.066
EOF3,19.0,30.5,0.011053941212594509,0.066
EOF3,19.0,31.0,0.005326312966644764,0.066
EOF3,19.0,31.5,-0.00026185819297097623,0.066
EOF3,19.0,32.0,-0.005435206927359104,0.066
EOF3,19.0,32.5,-0.009725148789584637,0.066
EOF3,19.0,33.0,-0.014090077020227909,0.066
EOF3,19.0,33.5,-0.01926354132592678,0.066
EOF3,19.0,34.0,-0.021131552755832672,0.066
EOF3,19.0,34.5,-0.01791398972272873,0.066
EOF3,19.5,0.5,0.04511353000998497,0.066
EOF3,19.5,1.0,0.0502496175467968,0.066
EOF3,19.5,1.5,0.055445149540901184,0.066
EOF3,19.5,2.0,0.055517856031656265,0.066
EOF3,19.5,2.5,0.04055248945951462,0.066
EOF3,19.5,3.0,0.025740772485733032,0.066
EOF3,19.5,3.5,0.02259303815662861,0.066
EOF3,19.5,4.0,0.020199600607156754,0.066
EOF3,19.5,4.5,0.0184218417853117,0.066
EOF3,19.5,5.0,0.015524416230618954,0.066
EOF3,19.5,5.5,0.012544953264296055,0.066
EOF3,19.5,6.0,0.011201351881027222,0.066
EOF3,19.5,6.5,0.010407027788460255,0.066
EOF3,19.5,7.0,0.010295476764440536,0.066
EOF3,19.5,7.5,0.010892883874475956,0.066
EOF3,19.5,8.0,0.013591371476650238,0.066
EOF3,19.5,8.5,0.01767933927476406,0.066
EOF3,19.5,9.0,0.023129060864448547,0.066
EOF3,19.5,9.5,0.026302272453904152,0.066
EOF3,19.5,10.0,0.022800568491220474,0.066
EOF3,19.5,10.5,0.019325658679008484,0.066
EOF3,19.5,11.0,0.02378956787288189,0.066
EOF3,19.5,11.5,0.02617352455854416,0.066
EOF3,19.5,12.0,0.026638979092240334,0.066
EOF3,19.5,12.5,0.029259229078888893,0.066
EOF3,19.5,13.0,0.03186389431357384,0.066
EOF3,19.5,13.5,0.03124435991048813,0.066
EOF3,19.5,14.0,0.029446208849549294,0.066
EOF3,19.5,14.5,0.023596325889229774,0.066
EOF3,19.5,15.0,0.013817280530929565,0.066
EOF3,19.5,15.5,0.007348049897700548,0.066
EOF3,19.5,16.0,0.004188366699963808,0.066
EOF3,19.5,16.5,0.004396403208374977,0.066
EOF3,19.5,17.0,0.00400190893560648,0.066
EOF3,19.5,17.5,0.0017608621856197715,0.066
EOF3,19.5,18.0,-0.000511675258167088,0.066
EOF3,19.5,18.5,0.0019727495964616537,0.066
EOF3,19.5,19.0,0.005379943642765284,0.066
EOF3,19.5,19.5,0.00965341366827488,0.066
EOF3,19.5,20.0,0.008969857357442379,0.066
EOF3,19.5,20.5,0.008226228877902031,0.066
EOF3,19.5,21.0,0.015110296197235584,0.066
EOF3,19.5,21.5,0.02413397841155529,0.066
EOF3,19.5,22.0,0.02871563471853733,0.066
EOF3,19.5,22.5,0.02913924679160118,0.066
EOF3,19.5,23.0,0.023210521787405014,0.066
EOF3,19.5,23.5,0.017272010445594788,0.066
EOF3,19.5,24.0,0.01627790555357933,0.066
EOF3,19.5,24.5,0.0168434027582407,0.066
EOF3,19.5,25.0,0.017164604738354683,0.066
EOF3,19.5,25.5,0.017470097169280052,0.066
EOF3,19.5,26.0,0.015408560633659363,0.066
EOF3,19.5,26.5,0.015294614247977734,0.066
EOF3,19.5,27.0,0.01711956225335598,0.066
EOF3,19.5,27.5,0.016069458797574043,0.066
EOF3,19.5,28.0,0.015009216964244843,0.066
EOF3,19.5,28.5,0.014411814510822296,0.066
EOF3,19.5,29.0,0.01433607842773199,0.066
EOF3,19.5,29.5,0.015354462899267673,0.066
EOF3,19.5,30.0,0.01634601503610611,0.066
EOF3,19.5,30.5,0.013226008042693138,0.066
EOF3,19.5,31.0,0.01011101994663477,0.066
EOF3,19.5,31.5,0.005062343552708626,0.066
EOF3,19.5,32.0,-0.00020080749527551234,0.066
EOF3,19.5,32.5,-0.004490419756621122,0.066
EOF3,19.5,33.0,-0.011108889244496822,0.066
EOF3,19.5,33.5,-0.018472328782081604,0.066
EOF3,19.5,34.0,-0.020326752215623856,0.066
EOF3,19.5,34.5,-0.016655724495649338,0.066
EOF3,20.0,0.5,0.06289219856262207,0.066
EOF3,20.0,1.0,0.06784071773290634,0.066
EOF3,20.0,1.5,0.0726734921336174,0.066
EOF3,20.0,2.0,0.07251988351345062,0.066
EOF3,20.0,2.5,0.057974908500909805,0.066
EOF3,20.0,3.0,0.04345620423555374,0.066
EOF3,20.0,3.5,0.028998473659157753,0.066
EOF3,20.0,4.0,0.020686404779553413,0.066
EOF3,20.0,4.5,0.017842380329966545,0.066
EOF3,20.0,5.0,0.014926166273653507,0.066
EOF3,20.0,5.5,0.011940657161176205,0.066
EOF3,20.0,6.0,0.010591790080070496,0.066
EOF3,20.0,6.5,0.009796901606023312,0.066
EOF3,20.0,7.0,0.008992379531264305,0.066
EOF3,20.0,7.5,0.008119764737784863,0.066
EOF3,20.0,8.0,0.013468974269926548,0.066
EOF3,20.0,8.5,0.01884458214044571,0.066
EOF3,20.0,9.0,0.0241493359208107,0.066
EOF3,20.0,9.5,0.027244994416832924,0.066
EOF3,20.0,10.0,0.023850372061133385,0.066
EOF3,20.0,10.5,0.020427271723747253,0.066
EOF3,20.0,11.0,0.016982892528176308,0.066
EOF3,20.0,11.5,0.016625402495265007,0.066
EOF3,20.0,12.0,0.019298650324344635,0.066
EOF3,20.0,12.5,0.02194776013493538,0.066
EOF3,20.0,13.0,0.024560576304793358,0.066
EOF3,20.0,13.5,0.02379763312637806,0.066
EOF3,20.0,14.0,0.021772600710392,0.066
EOF3,20.0,14.5,0.01959819160401821,0.066
EOF3,20.0,15.0,0.017218252643942833,0.066
EOF3,20.0,15.5,0.017164263874292374,0.066
EOF3,20.0,16.0,0.017153536900877953,0.066
EOF3,20.0,16.5,0.017134984955191612,0.066
EOF3,20.0,17.0,0.016612008213996887,0.066
EOF3,20.0,17.5,0.014527328312397003,0.066
EOF3,20.0,18.0,0.012373717501759529,0.066
EOF3,20.0,18.5,0.010150885209441185,0.066
EOF3,20.0,19.0,0.00879412516951561,0.066
EOF3,20.0,19.5,0.008070920594036579,0.066
EOF3,20.0,20.0,0.007328013423830271,0.066
EOF3,20.0,20.5,0.006569291464984417,0.066
EOF3,20.0,21.0,0.013358481228351593,0.066
EOF3,20.0,21.5,0.022389061748981476,0.066
EOF3,20.0,22.0,0.0309788528829813,0.066
EOF3,20.0,22.5,0.03905688226222992,0.066
EOF3,20.0,23.0,0.03313510864973068,0.066
EOF3,20.0,23.5,0.027176711708307266,0.066
EOF3,20.0,24.0,0.021229499951004982,0.066
EOF3,20.0,24.5,0.016956474632024765,0.066
EOF3,20.0,25.0,0.017292141914367676,0.066
EOF3,20.0,25.5,0.01762120984494686,0.066
EOF3,20.0,26.0,0.017942236736416817,0.066
EOF3,20.0,26.5,0.017544623464345932,0.066
EOF3,20.0,27.0,0.01645587384700775,0.066
EOF3,20.0,27.5,0.015379777178168297,0.066
EOF3,20.0,28.0,0.014318245463073254,0.066
EOF3,20.0,28.5,0.01481842715293169,0.066
EOF3,20.0,29.0,0.015833348035812378,0.066
EOF3,20.0,29.5,0.016847427934408188,0.066
EOF3,20.0,30.0,0.017820408567786217,0.066
EOF3,20.0,30.5,0.014699887484312057,0.066
EOF3,20.0,31.0,0.011584900319576263,0.066
EOF3,20.0,31.5,0.008490433916449547,0.066
EOF3,20.0,32.0,0.004395628347992897,0.066
EOF3,20.0,32.5,-0.0029706198256462812,0.066
EOF3,20.0,33.0,-0.010320058092474937,0.066
EOF3,20.0,33.5,-0.01764017902314663,0.066
EOF3,20.0,34.0,-0.019487854093313217,0.066
EOF3,20.0,34.5,-0.015830300748348236,0.066
EOF3,20.5,0.5,0.0581844300031662,0.066
EOF3,20.5,1.0,0.06309907883405685,0.066
EOF3,20.5,1.5,0.05906292423605919,0.066
EOF3,20.5,2.0,0.05022408813238144,0.066
EOF3,20.5,2.5,0.0358220711350441,0.066
EOF3,20.5,3.0,0.02167072519659996,0.066
EOF3,20.5,3.5,0.0338725708425045,0.066
EOF3,20.5,4.0,0.04141223058104515,0.066
EOF3,20.5,4.5,0.044008005410432816,0.066
EOF3,20.5,5.0,0.04144895821809769,0.066
EOF3,20.5,5.5,0.03879270702600479,0.066
EOF3,20.5,6.0,0.03761966526508331,0.066
EOF3,20.5,6.5,0.03694348782300949,0.066
EOF3,20.5,7.0,0.024707499891519547,0.066
EOF3,20.5,7.5,0.0008796105394139886,0.066
EOF3,20.5,8.0,0.007423259783536196,0.066
EOF3,20.5,8.5,0.013444294221699238,0.066
EOF3,20.5,9.0,0.018796158954501152,0.066
EOF3,20.5,9.5,0.021919570863246918,0.066
EOF3,20.5,10.0,0.01849900558590889,0.066
EOF3,20.5,10.5,0.015083514153957367,0.066
EOF3,20.5,11.0,0.014803380705416203,0.066
EOF3,20.5,11.5,0.013177571818232536,0.066
EOF3,20.5,12.0,0.010214039124548435,0.066
EOF3,20.5,12.5,0.01290179044008255,0.066
EOF3,20.5,13.0,0.015597714111208916,0.066
EOF3,20.5,13.5,0.015696054324507713,0.066
EOF3,20.5,14.0,0.014558734372258186,0.066
EOF3,20.5,14.5,0.012216989882290363,0.066
EOF3,20.5,15.0,0.009711346589028835,0.066
EOF3,20.5,15.5,0.009821114130318165,0.066
EOF3,20.5,16.0,0.009925056248903275,0.066
EOF3,20.5,16.5,0.01102632936090231,0.066
EOF3,20.5,17.0,0.011581950820982456,0.066
EOF3,20.5,17.5,0.009367729537189007,0.066
EOF3,20.5,18.0,0.0070901354774832726,0.066
EOF3,20.5,18.5,0.006511574611067772,0.066
EOF3,20.5,19.0,0.010091708973050117,0.066
EOF3,20.5,19.5,0.017606716603040695,0.066
EOF3,20.5,20.0,0.017062343657016754,0.066
EOF3,20.5,20.5,0.016447531059384346,0.066
EOF3,20.5,21.0,0.01363209169358015,0.066
EOF3,20.5,21.5,0.01326181460171938,0.066
EOF3,20.5,22.0,0.022093569859862328,0.066
EOF3,20.5,22.5,0.030440399423241615,0.066
EOF3,20.5,23.0,0.024529021233320236,0.066
EOF3,20.5,23.5,0.018569182604551315,0.066
EOF3,20.5,24.0,0.018506040796637535,0.066
EOF3,20.5,24.5,0.020022545009851456,0.066
EOF3,20.5,25.0,0.020360704511404037,0.066
EOF3,20.5,25.5,0.02061287686228752,0.066
EOF3,20.5,26.0,0.00812218151986599,0.066
EOF3,20.5,26.5,0.006244197022169828,0.066
EOF3,20.5,27.0,0.01471024751663208,0.066
EOF3,20.5,27.5,0.013709434308111668,0.066
EOF3,20.5,28.0,0.01265769824385643,0.066
EOF3,20.5,28.5,0.013167204335331917,0.066
EOF3,20.5,29.0,0.014188411645591259,0.066
EOF3,20.5,29.5,0.014377041719853878,0.066
EOF3,20.5,30.0,0.01372123509645462,0.066
EOF3,20.5,30.5,0.010568806901574135,0.066
EOF3,20.5,31.0,0.00742881977930665,0.066
EOF3,20.5,31.5,0.007606786210089922,0.066
EOF3,20.5,32.0,0.007619417272508144,0.066
EOF3,20.5,32.5,0.003928334452211857,0.066
EOF3,20.5,33.0,-0.002520857146009803,0.066
EOF3,20.5,33.5,-0.00986433681100607,0.066
EOF3,20.5,34.0,-0.011690173298120499,0.066
EOF3,20.5,34.5,-0.007962267845869064,0.066
EOF3,21.0,0.5,0.05057511851191521,0.066
EOF3,21.0,1.0,0.04366222769021988,0.066
EOF3,21.0,1.5,0.036791883409023285,0.066
EOF3,21.0,2.0,0.02811080403625965,0.066
EOF3,21.0,2.5,0.02714388631284237,0.066
EOF3,21.0,3.0,0.03951491042971611,0.066
EOF3,21.0,3.5,0.05200457200407982,0.066
EOF3,21.0,4.0,0.05964716151356697,0.066
EOF3,21.0,4.5,0.062395043671131134,0.066
EOF3,21.0,5.0,0.06516200304031372,0.066
EOF3,21.0,5.5,0.06539256125688553,0.066
EOF3,21.0,6.0,0.0642557144165039,0.066
EOF3,21.0,6.5,0.041084472090005875,0.066
EOF3,21.0,7.0,0.01738782599568367,0.066
EOF3,21.0,7.5,-0.006387657485902309,0.066
EOF3,21.0,8.0,0.00015033937233965844,0.066
EOF3,21.0,8.5,0.006780962459743023,0.066
EOF3,21.0,9.0,0.013380560092628002,0.066
EOF3,21.0,9.5,0.016535216942429543,0.066
EOF3,21.0,10.0,0.014696339145302773,0.066
EOF3,21.0,10.5,0.01443963497877121,0.066
EOF3,21.0,11.0,0.014179923571646214,0.066
EOF3,21.0,11.5,0.012539557181298733,0.066
EOF3,21.0,12.0,0.009519372135400772,0.066
EOF3,21.0,12.5,0.0065031880512833595,0.066
EOF3,21.0,13.0,0.006375374272465706,0.066
EOF3,21.0,13.5,0.006443730089813471,0.066
EOF3,21.0,14.0,0.005617391783744097,0.066
EOF3,21.0,14.5,0.004773143213242292,0.066
EOF3,21.0,15.0,0.0025576462503522635,0.066
EOF3,21.0,15.5,0.003047012723982334,0.066
EOF3,21.0,16.0,0.004372846335172653,0.066
EOF3,21.0,16.5,0.005742762703448534,0.066
EOF3,21.0,17.0,0.006226931698620319,0.066
EOF3,21.0,17.5,0.004766509402543306,0.066
EOF3,21.0,18.0,0.004178282339125872,0.066
EOF3,21.0,18.5,0.003581971162930131,0.066
EOF3,21.0,19.0,0.007210912648588419,0.066
EOF3,21.0,19.5,0.014910753816366196,0.066
EOF3,21.0,20.0,0.022381631657481194,0.066
EOF3,21.0,20.5,0.025795716792345047,0.066
EOF3,21.0,21.0,0.023069577291607857,0.066
EOF3,21.0,21.5,0.01962072215974331,0.066
EOF3,21.0,22.0,0.016194583848118782,0.066
EOF3,21.0,22.5,0.021716101095080376,0.066
EOF3,21.0,23.0,0.01777449995279312,0.066
EOF3,21.0,23.5,0.01968695968389511,0.066
EOF3,21.0,24.0,0.021617215126752853,0.066
EOF3,21.0,24.5,0.02315830998122692,0.066
EOF3,21.0,25.0,0.01689910888671875,0.066
EOF3,21.0,25.5,0.004497135058045387,0.066
EOF3,21.0,26.0,-0.007297908887267113,0.066
EOF3,21.0,26.5,-0.009044753387570381,0.066
EOF3,21.0,27.0,-0.0009979959577322006,0.066
EOF3,21.0,27.5,0.007281582336872816,0.066
EOF3,21.0,28.0,0.010993843898177147,0.066
EOF3,21.0,28.5,0.011497381143271923,0.066
EOF3,21.0,29.0,0.010848939418792725,0.066
EOF3,21.0,29.5,0.010174646973609924,0.066
EOF3,21.0,30.0,0.009486001916229725,0.066
EOF3,21.0,30.5,0.007430417463183403,0.066
EOF3,21.0,31.0,0.008706578053534031,0.066
EOF3,21.0,31.5,0.009956657886505127,0.066
EOF3,21.0,32.0,0.009950969368219376,0.066
EOF3,21.0,32.5,0.006262639537453651,0.066
EOF3,21.0,33.0,0.002566421637311578,0.066
EOF3,21.0,33.5,-0.0020384544041007757,0.066
EOF3,21.0,34.0,-0.0038379637990146875,0.066
EOF3,21.0,34.5,-0.0009742560796439648,0.066
EOF3,21.5,0.5,0.04813537746667862,0.066
EOF3,21.5,1.0,0.0412968210875988,0.066
EOF3,21.5,1.5,0.03449777886271477,0.066
EOF3,21.5,2.0,0.027449024841189384,0.066
EOF3,21.5,2.5,0.02956058457493782,0.066
EOF3,21.5,3.0,0.04180546849966049,0.066
EOF3,21.5,3.5,0.05416392162442207,0.066
EOF3,21.5,4.0,0.061727285385131836,0.066
EOF3,21.5,4.5,0.0644662082195282,0.066
EOF3,21.5,5.0,0.06722486019134521,0.066
EOF3,21.5,5.5,0.06995757669210434,0.066
EOF3,21.5,6.0,0.0661214143037796,0.066
EOF3,21.5,6.5,0.042829304933547974,0.066
EOF3,21.5,7.0,0.01903957687318325,0.066
EOF3,21.5,7.5,-0.0048436690121889114,0.066
EOF3,21.5,8.0,-0.0027913993690162897,0.066
EOF3,21.5,8.5,0.003868315601721406,0.066
EOF3,21.5,9.0,0.010501920245587826,0.066
EOF3,21.5,9.5,0.015392034314572811,0.066
EOF3,21.5,10.0,0.015140732750296593,0.066
EOF3,21.5,10.5,0.014883647672832012,0.066
EOF3,21.5,11.0,0.014216508716344833,0.066
EOF3,21.5,11.5,0.011732351966202259,0.066
EOF3,21.5,12.0,0.008683529682457447,0.066
EOF3,21.5,12.5,0.005636196583509445,0.066
EOF3,21.5,13.0,0.0053617265075445175,0.066
EOF3,21.5,13.5,0.006230554543435574,0.066
EOF3,21.5,14.0,0.005397039465606213,0.066
EOF3,21.5,14.5,0.00454665208235383,0.066
EOF3,21.5,15.0,0.003694750601425767,0.066
EOF3,21.5,15.5,0.005018881056457758,0.066
EOF3,21.5,16.0,0.0064004710875451565,0.066
EOF3,21.5,16.5,0.007804236374795437,0.066
EOF3,21.5,17.0,0.005624410696327686,0.066
EOF3,21.5,17.5,0.004150316584855318,0.066
EOF3,21.5,18.0,0.0035515083000063896,0.066
EOF3,21.5,18.5,0.002949327230453491,0.066
EOF3,21.5,19.0,0.006605313625186682,0.066
EOF3,21.5,19.5,0.014356768690049648,0.066
EOF3,21.5,20.0,0.021882744506001472,0.066
EOF3,21.5,20.5,0.027869511395692825,0.066
EOF3,21.5,21.0,0.026424100622534752,0.066
EOF3,21.5,21.5,0.022968538105487823,0.066
EOF3,21.5,22.0,0.019533412531018257,0.066
EOF3,21.5,22.5,0.019304051995277405,0.066
EOF3,21.5,23.0,0.01889023557305336,0.066
EOF3,21.5,23.5,0.02083682268857956,0.066
EOF3,21.5,24.0,0.022800970822572708,0.066
EOF3,21.5,24.5,0.021000219509005547,0.066
EOF3,21.5,25.0,0.0082700802013278,0.066
EOF3,21.5,25.5,-0.003835491370409727,0.066
EOF3,21.5,26.0,-0.012301579117774963,0.066
EOF3,21.5,26.5,-0.007927282713353634,0.066
EOF3,21.5,27.0,0.00017365151143167168,0.066
EOF3,21.5,27.5,0.00851913820952177,0.066
EOF3,21.5,28.0,0.010128232650458813,0.066
EOF3,21.5,28.5,0.01189511176198721,0.066
EOF3,21.5,29.0,0.011263507418334484,0.066
EOF3,21.5,29.5,0.010591229423880577,0.066
EOF3,21.5,30.0,0.00990498811006546,0.066
EOF3,21.5,30.5,0.008249576203525066,0.066
EOF3,21.5,31.0,0.00952262431383133,0.066
EOF3,21.5,31.5,0.010766149498522282,0.066
EOF3,21.5,32.0,0.010753088630735874,0.066
EOF3,21.5,32.5,0.007050730753690004,0.066
EOF3,21.5,33.0,0.0033441486302763224,0.066
EOF3,21.5,33.5,-0.0008131921058520675,0.066
EOF3,21.5,34.0,-0.0023071104660630226,0.066
EOF3,21.5,34.5,0.0002826350391842425,0.066
EOF3,22.0,0.5,0.045778170228004456,0.066
EOF3,22.0,1.0,0.05453959107398987,0.066
EOF3,22.0,1.5,0.05164221674203873,0.066
EOF3,22.0,2.0,0.04458535462617874,0.066
EOF3,22.0,2.5,0.03666745871305466,0.066
EOF3,22.0,3.0,0.028924694284796715,0.066
EOF3,22.0,3.5,0.04080788791179657,0.066
EOF3,22.0,4.0,0.04813943803310394,0.066
EOF3,22.0,4.5,0.05073663219809532,0.066
EOF3,22.0,5.0,0.05290414020419121,0.066
EOF3,22.0,5.5,0.055152446031570435,0.066
EOF3,22.0,6.0,0.051161207258701324,0.066
EOF3,22.0,6.5,0.044965989887714386,0.066
EOF3,22.0,7.0,0.02980976738035679,0.066
EOF3,22.0,7.5,0.005690023768693209,0.066
EOF3,22.0,8.0,0.0062098721973598,0.066
EOF3,22.0,8.5,0.006827665027230978,0.066
EOF3,22.0,9.0,0.011997130699455738,0.066
EOF3,22.0,9.5,0.016931157559156418,0.066
EOF3,22.0,10.0,0.016680749133229256,0.066
EOF3,22.0,10.5,0.01519573200494051,0.066
EOF3,22.0,11.0,0.013268178328871727,0.066
EOF3,22.0,11.5,0.010749461129307747,0.066
EOF3,22.0,12.0,0.0076962243765592575,0.066
EOF3,22.0,12.5,0.010173295624554157,0.066
EOF3,22.0,13.0,0.012659653089940548,0.066
EOF3,22.0,13.5,0.013559810817241669,0.066
EOF3,22.0,14.0,0.013931985944509506,0.066
EOF3,22.0,14.5,0.013720804825425148,0.066
EOF3,22.0,15.0,0.012915775179862976,0.066
EOF3,22.0,15.5,0.014402574859559536,0.066
EOF3,22.0,16.0,0.01414983905851841,0.066
EOF3,22.0,16.5,0.012084376998245716,0.066
EOF3,22.0,17.0,0.009938966482877731,0.066
EOF3,22.0,17.5,0.007631863001734018,0.066
EOF3,22.0,18.0,0.005270231049507856,0.066
EOF3,22.0,18.5,0.004666178487241268,0.066
EOF3,22.0,19.0,0.00831715576350689,0.066
EOF3,22.0,19.5,0.016041714698076248,0.066
EOF3,22.0,20.0,0.020765164867043495,0.066
EOF3,22.0,20.5,0.02549266256392002,0.066
EOF3,22.0,21.0,0.0240061916410923,0.066
EOF3,22.0,21.5,0.021559076383709908,0.066
EOF3,22.0,22.0,0.022419355809688568,0.066
EOF3,22.0,22.5,0.023248109966516495,0.066
EOF3,22.0,23.0,0.022027872502803802,0.066
EOF3,22.0,23.5,0.020792830735445023,0.066
EOF3,22.0,24.0,0.021983306854963303,0.066
EOF3,22.0,24.5,0.020159289240837097,0.066
EOF3,22.0,25.0,0.007227075751870871,0.066
EOF3,22.0,25.5,0.004641772247850895,0.066
EOF3,22.0,26.0,0.005364467855542898,0.066
EOF3,22.0,26.5,0.009985960088670254,0.066
EOF3,22.0,27.0,0.018616026267409325,0.066
EOF3,22.0,27.5,0.013261592015624046,0.066
EOF3,22.0,28.0,0.007923600263893604,0.066
EOF3,22.0,28.5,0.009737985208630562,0.066
EOF3,22.0,29.0,0.01389786135405302,0.066
EOF3,22.0,29.5,0.015656596049666405,0.066
EOF3,22.0,30.0,0.01500147208571434,0.066
EOF3,22.0,30.5,0.012371394783258438,0.066
EOF3,22.0,31.0,0.00974179059267044,0.066
EOF3,22.0,31.5,0.010031115263700485,0.066
EOF3,22.0,32.0,0.010027616284787655,0.066
EOF3,22.0,32.5,0.0062972260639071465,0.066
EOF3,22.0,33.0,0.001177472062408924,0.066
EOF3,22.0,33.5,-0.0044031087309122086,0.066
EOF3,22.0,34.0,-0.005921396892517805,0.066
EOF3,22.0,34.5,-0.0033304046373814344,0.066
EOF3,22.5,0.5,0.03974074870347977,0.066
EOF3,22.5,1.0,0.04835803061723709,0.066
EOF3,22.5,1.5,0.05701146274805069,0.066
EOF3,22.5,2.0,0.061359819024801254,0.066
EOF3,22.5,2.5,0.05344587564468384,0.066
EOF3,22.5,3.0,0.04556496441364288,0.066
EOF3,22.5,3.5,0.0377361923456192,0.066
EOF3,22.5,4.0,0.034740060567855835,0.066
EOF3,22.5,4.5,0.03641124814748764,0.066
EOF3,22.5,5.0,0.038157545030117035,0.066
EOF3,22.5,5.5,0.03997749835252762,0.066
EOF3,22.5,6.0,0.03573355823755264,0.066
EOF3,22.5,6.5,0.029362868517637253,0.066
EOF3,22.5,7.0,0.022907914593815804,0.066
EOF3,22.5,7.5,0.016343101859092712,0.066
EOF3,22.5,8.0,0.016883980482816696,0.066
EOF3,22.5,8.5,0.017476698383688927,0.066
EOF3,22.5,9.0,0.018062664195895195,0.066
EOF3,22.5,9.5,0.01810949668288231,0.066
EOF3,22.5,10.0,0.01620512641966343,0.066
EOF3,22.5,10.5,0.014276307076215744,0.066
EOF3,22.5,11.0,0.012315139174461365,0.066
EOF3,22.5,11.5,0.01255418173968792,0.066
EOF3,22.5,12.0,0.015072086825966835,0.066
EOF3,22.5,12.5,0.01756887696683407,0.066
EOF3,22.5,13.0,0.020033717155456543,0.066
EOF3,22.5,13.5,0.02095537818968296,0.066
EOF3,22.5,14.0,0.02136429212987423,0.066
EOF3,22.5,14.5,0.021770790219306946,0.066
EOF3,22.5,15.0,0.022180819883942604,0.066
EOF3,22.5,15.5,0.02026144601404667,0.066
EOF3,22.5,16.0,0.01828603819012642,0.066
EOF3,22.5,16.5,0.016280151903629303,0.066
EOF3,22.5,17.0,0.014170764945447445,0.066
EOF3,22.5,17.5,0.011926808394491673,0.066
EOF3,22.5,18.0,0.009624422527849674,0.066
EOF3,22.5,18.5,0.0072652422823011875,0.066
EOF3,22.5,19.0,0.008479627780616283,0.066
EOF3,22.5,19.5,0.013282264582812786,0.066
EOF3,22.5,20.0,0.01810813695192337,0.066
EOF3,22.5,20.5,0.02296976000070572,0.066
EOF3,22.5,21.0,0.024834048002958298,0.066
EOF3,22.5,21.5,0.02569979429244995,0.066
EOF3,22.5,22.0,0.02654828503727913,0.066
EOF3,22.5,22.5,0.02737300843000412,0.066
EOF3,22.5,23.0,0.026129577308893204,0.066
EOF3,22.5,23.5,0.02486984059214592,0.066
EOF3,22.5,24.0,0.023602500557899475,0.066
EOF3,22.5,24.5,0.022742224857211113,0.066
EOF3,22.5,25.0,0.02334480732679367,0.066
EOF3,22.5,25.5,0.023931177332997322,0.066
EOF3,22.5,26.0,0.024504367262125015,0.066
EOF3,22.5,26.5,0.022086985409259796,0.066
EOF3,22.5,27.0,0.016526438295841217,0.066
EOF3,22.5,27.5,0.011078258976340294,0.066
EOF3,22.5,28.0,0.005735991057008505,0.066
EOF3,22.5,28.5,0.0075275045819580555,0.066
EOF3,22.5,29.0,0.011711307801306248,0.066
EOF3,22.5,29.5,0.01588507927954197,0.066
EOF3,22.5,30.0,0.019987350329756737,0.066
EOF3,22.5,30.5,0.017372366040945053,0.066
EOF3,22.5,31.0,0.014752048067748547,0.066
EOF3,22.5,31.5,0.012145648710429668,0.066
EOF3,22.5,32.0,0.008845362812280655,0.066
EOF3,22.5,32.5,0.003226801287382841,0.066
EOF3,22.5,33.0,-0.0024014944210648537,0.066
EOF3,22.5,33.5,-0.008020333014428616,0.066
EOF3,22.5,34.0,-0.007946782745420933,0.066
EOF3,22.5,34.5,-0.002046427456662059,0.066
EOF3,23.0,0.5,0.058395929634571075,0.066
EOF3,23.0,1.0,0.06697846204042435,0.066
EOF3,23.0,1.5,0.06638797372579575,0.066
EOF3,23.0,2.0,0.06170745939016342,0.066
EOF3,23.0,2.5,0.053907670080661774,0.066
EOF3,23.0,3.0,0.04616167023777962,0.066
EOF3,23.0,3.5,0.0399177223443985,0.066
EOF3,23.0,4.0,0.03347263112664223,0.066
EOF3,23.0,4.5,0.026890002191066742,0.066
EOF3,23.0,5.0,0.028266526758670807,0.066
EOF3,23.0,5.5,0.029762012884020805,0.066
EOF3,23.0,6.0,0.02551245130598545,0.066
EOF3,23.0,6.5,0.01926565356552601,0.066
EOF3,23.0,7.0,0.014869044534862041,0.066
EOF3,23.0,7.5,0.012327508069574833,0.066
EOF3,23.0,8.0,0.012919271364808083,0.066
EOF3,23.0,8.5,0.01351496297866106,0.066
EOF3,23.0,9.0,0.01615523174405098,0.066
EOF3,23.0,9.5,0.01886117272078991,0.066
EOF3,23.0,10.0,0.019678965210914612,0.066
EOF3,23.0,10.5,0.018451817333698273,0.066
EOF3,23.0,11.0,0.01650695689022541,0.066
EOF3,23.0,11.5,0.016272980719804764,0.066
EOF3,23.0,12.0,0.017769908532500267,0.066
EOF3,23.0,12.5,0.02026432380080223,0.066
EOF3,23.0,13.0,0.022737646475434303,0.066
EOF3,23.0,13.5,0.02366582117974758,0.066
EOF3,23.0,14.0,0.024086810648441315,0.066
EOF3,23.0,14.5,0.02588285692036152,0.066
EOF3,23.0,15.0,0.028976816684007645,0.066
EOF3,23.0,15.5,0.023859919980168343,0.066
EOF3,23.0,16.0,0.020254772156476974,0.066
EOF3,23.0,16.5,0.018278460949659348,0.066
EOF3,23.0,17.0,0.015506329946219921,0.066
EOF3,23.0,17.5,0.0104645611718297,0.066
EOF3,23.0,18.0,0.007498463150113821,0.066
EOF3,23.0,18.5,0.005173242650926113,0.066
EOF3,23.0,19.0,0.006313230376690626,0.066
EOF3,23.0,19.5,0.01097920536994934,0.066
EOF3,23.0,20.0,0.015852510929107666,0.066
EOF3,23.0,20.5,0.021357348188757896,0.066
EOF3,23.0,21.0,0.02415993995964527,0.066
EOF3,23.0,21.5,0.025799371302127838,0.066
EOF3,23.0,22.0,0.026671480387449265,0.066
EOF3,23.0,22.5,0.027516411617398262,0.066
EOF3,23.0,23.0,0.02624305710196495,0.066
EOF3,23.0,23.5,0.024952393025159836,0.066
EOF3,23.0,24.0,0.023903654888272285,0.066
EOF3,23.0,24.5,0.023564429953694344,0.066
EOF3,23.0,25.0,0.025022441521286964,0.066
EOF3,23.0,25.5,0.02581045590341091,0.066
EOF3,23.0,26.0,0.026373518630862236,0.066
EOF3,23.0,26.5,0.025837915018200874,0.066
EOF3,23.0,27.0,0.024201828986406326,0.066
EOF3,23.0,27.5,0.01861969381570816,0.066
EOF3,23.0,28.0,0.013118447735905647,0.066
EOF3,23.0,28.5,0.009992572478950024,0.066
EOF3,23.0,29.0,0.009305834770202637,0.066
EOF3,23.0,29.5,0.01348639465868473,0.066
EOF3,23.0,30.0,0.017624221742153168,0.066
EOF3,23.0,30.5,0.015017308294773102,0.066
EOF3,23.0,31.0,0.012399109080433846,0.066
EOF3,23.0,31.5,0.012407672591507435,0.066
EOF3,23.0,32.0,0.011262417770922184,0.066
EOF3,23.0,32.5,0.004136557225137949,0.066
EOF3,23.0,33.0,-0.0017901959363371134,0.066
EOF3,23.0,33.5,-0.00736829312518239,0.066
EOF3,23.0,34.0,-0.007264287211000919,0.066
EOF3,23.0,34.5,-0.00141018140129745,0.066
EOF3,23.5,0.5,0.07372576743364334,0.066
EOF3,23.5,1.0,0.07011187821626663,0.066
EOF3,23.5,1.5,0.06651609390974045,0.066
EOF3,23.5,2.0,0.061905670911073685,0.066
EOF3,23.5,2.5,0.055078499019145966,0.066
EOF3,23.5,3.0,0.04899631068110466,0.066
EOF3,23.5,3.5,0.04276711493730545,0.066
EOF3,23.5,4.0,0.03632141649723053,0.066
EOF3,23.5,4.5,0.029678530991077423,0.066
EOF3,23.5,5.0,0.022922422736883163,0.066
EOF3,23.5,5.5,0.020110076293349266,0.066
EOF3,23.5,6.0,0.015898307785391808,0.066
EOF3,23.5,6.5,0.013457251712679863,0.066
EOF3,23.5,7.0,0.0109569625928998,0.066
EOF3,23.5,7.5,0.008383789099752903,0.066
EOF3,23.5,8.0,0.009642033837735653,0.066
EOF3,23.5,8.5,0.012929832562804222,0.066
EOF3,23.5,9.0,0.016246872022747993,0.066
EOF3,23.5,9.5,0.01895925961434841,0.066
EOF3,23.5,10.0,0.019777419045567513,0.066
EOF3,23.5,10.5,0.020616570487618446,0.066
EOF3,23.5,11.0,0.020773261785507202,0.066
EOF3,23.5,11.5,0.020542630925774574,0.066
EOF3,23.5,12.0,0.022022850811481476,0.066
EOF3,23.5,12.5,0.023492835462093353,0.066
EOF3,23.5,13.0,0.02545454353094101,0.066
EOF3,23.5,13.5,0.026412714272737503,0.066
EOF3,23.5,14.0,0.029531482607126236,0.066
EOF3,23.5,14.5,0.03261999040842056,0.066
EOF3,23.5,15.0,0.03562116622924805,0.066
EOF3,23.5,15.5,0.030652139335870743,0.066
EOF3,23.5,16.0,0.025514919310808182,0.066
EOF3,23.5,16.5,0.020259983837604523,0.066
EOF3,23.5,17.0,0.01750216633081436,0.066
EOF3,23.5,17.5,0.01249185111373663,0.066
EOF3,23.5,18.0,0.007489422336220741,0.066
EOF3,23.5,18.5,0.0031621987000107765,0.066
EOF3,23.5,19.0,0.004254407249391079,0.066
EOF3,23.5,19.5,0.009243198670446873,0.066
EOF3,23.5,20.0,0.014523780904710293,0.066
EOF3,23.5,20.5,0.019962675869464874,0.066
EOF3,23.5,21.0,0.02271977998316288,0.066
EOF3,23.5,21.5,0.02459024265408516,0.066
EOF3,23.5,22.0,0.026506461203098297,0.066
EOF3,23.5,22.5,0.027639437466859818,0.066
EOF3,23.5,23.0,0.026411158964037895,0.066
EOF3,23.5,23.5,0.02542242407798767,0.066
EOF3,23.5,24.0,0.024443628266453743,0.066
EOF3,23.5,24.5,0.02409215085208416,0.066
EOF3,23.5,25.0,0.025557201355695724,0.066
EOF3,23.5,25.5,0.026990080252289772,0.066
EOF3,23.5,26.0,0.02817847579717636,0.066
EOF3,23.5,26.5,0.02763531543314457,0.066
EOF3,23.5,27.0,0.026008272543549538,0.066
EOF3,23.5,27.5,0.024391459301114082,0.066
EOF3,23.5,28.0,0.02076762542128563,0.066
EOF3,23.5,28.5,0.01751571334898472,0.066
EOF3,23.5,29.0,0.015087473206222057,0.066
EOF3,23.5,29.5,0.012707912363111973,0.066
EOF3,23.5,30.0,0.015226454474031925,0.066
EOF3,23.5,30.5,0.013502899557352066,0.066
EOF3,23.5,31.0,0.014413190074265003,0.066
EOF3,23.5,31.5,0.015334006398916245,0.066
EOF3,23.5,32.0,0.014172779396176338,0.066
EOF3,23.5,32.5,0.006871073041111231,0.066
EOF3,23.5,33.0,-0.00018287649436388165,0.066
EOF3,23.5,33.5,-0.006684507243335247,0.066
EOF3,23.5,34.0,-0.006577915977686644,0.066
EOF3,23.5,34.5,-0.0021820715628564358,0.066
EOF3,24.0,0.5,0.07648646831512451,0.066
EOF3,24.0,1.0,0.07286228239536285,0.066
EOF3,24.0,1.5,0.06925753504037857,0.066
EOF3,24.0,2.0,0.06509511917829514,0.066
EOF3,24.0,2.5,0.05912880226969719,0.066
EOF3,24.0,3.0,0.05301453173160553,0.066
EOF3,24.0,3.5,0.04583228379487991,0.066
EOF3,24.0,4.0,0.037647098302841187,0.066
EOF3,24.0,4.5,0.03103959932923317,0.066
EOF3,24.0,5.0,0.02431720495223999,0.066
EOF3,24.0,5.5,0.018854772672057152,0.066
EOF3,24.0,6.0,0.018298223614692688,0.066
EOF3,24.0,6.5,0.015987085178494453,0.066
EOF3,24.0,7.0,0.013581412844359875,0.066
EOF3,24.0,7.5,0.011100864969193935,0.066
EOF3,24.0,8.0,0.010942034423351288,0.066
EOF3,24.0,8.5,0.014246995560824871,0.066
EOF3,24.0,9.0,0.017577961087226868,0.066
EOF3,24.0,9.5,0.02030090242624283,0.066
EOF3,24.0,10.0,0.021138601005077362,0.066
EOF3,24.0,10.5,0.021994929760694504,0.066
EOF3,24.0,11.0,0.022374648600816727,0.066
EOF3,24.0,11.5,0.019225701689720154,0.066
EOF3,24.0,12.0,0.019041141495108604,0.066
EOF3,24.0,12.5,0.020510636270046234,0.066
EOF3,24.0,13.0,0.021963568404316902,0.066
EOF3,24.0,13.5,0.024683311581611633,0.066
EOF3,24.0,14.0,0.027788545936346054,0.066
EOF3,24.0,14.5,0.03083527274429798,0.066
EOF3,24.0,15.0,0.032650426030159,0.066
EOF3,24.0,15.5,0.02765788324177265,0.066
EOF3,24.0,16.0,0.022504739463329315,0.066
EOF3,24.0,16.5,0.017271682620048523,0.066
EOF3,24.0,17.0,0.0189500879496336,0.066
EOF3,24.0,17.5,0.013973131775856018,0.066
EOF3,24.0,18.0,0.009001205675303936,0.066
EOF3,24.0,18.5,0.002532960381358862,0.066
EOF3,24.0,19.0,0.0027877928223460913,0.066
EOF3,24.0,19.5,0.00950318668037653,0.066
EOF3,24.0,20.0,0.014736238867044449,0.066
EOF3,24.0,20.5,0.020124534144997597,0.066
EOF3,24.0,21.0,0.022852197289466858,0.066
EOF3,24.0,21.5,0.024711476638913155,0.066
EOF3,24.0,22.0,0.026605550199747086,0.066
EOF3,24.0,22.5,0.024767722934484482,0.066
EOF3,24.0,23.0,0.028558826074004173,0.066
EOF3,24.0,23.5,0.0275528896600008,0.066
EOF3,24.0,24.0,0.02655799500644207,0.066
EOF3,24.0,24.5,0.02620362676680088,0.066
EOF3,24.0,25.0,0.027701031416654587,0.066
EOF3,24.0,25.5,0.029135651886463165,0.066
EOF3,24.0,26.0,0.030535006895661354,0.066
EOF3,24.0,26.5,0.030392659828066826,0.066
EOF3,24.0,27.0,0.028733380138874054,0.066
EOF3,24.0,27.5,0.02708430215716362,0.066
EOF3,24.0,28.0,0.023163624107837677,0.066
EOF3,24.0,28.5,0.019741399213671684,0.066
EOF3,24.0,29.0,0.01725941151380539,0.066
EOF3,24.0,29.5,0.01482899859547615,0.066
EOF3,24.0,30.0,0.012954475358128548,0.066
EOF3,24.0,30.5,0.01385460700839758,0.066
EOF3,24.0,31.0,0.014777302742004395,0.066
EOF3,24.0,31.5,0.0157276950776577,0.066
EOF3,24.0,32.0,0.016692936420440674,0.066
EOF3,24.0,32.5,0.009271377697587013,0.066
EOF3,24.0,33.0,0.002091167028993368,0.066
EOF3,24.0,33.5,-0.004156922455877066,0.066
EOF3,24.0,34.0,-0.008316832594573498,0.066
EOF3,24.0,34.5,-0.00640567671507597,0.066
EOF3,24.5,0.5,0.07691429555416107,0.066
EOF3,24.5,1.0,0.07744119316339493,0.066
EOF3,24.5,1.5,0.07480182498693466,0.066
EOF3,24.5,2.0,0.07056412100791931,0.066
EOF3,24.5,2.5,0.06452645361423492,0.066
EOF3,24.5,3.0,0.05542153865098953,0.066
EOF3,24.5,3.5,0.04551161825656891,0.066
EOF3,24.5,4.0,0.037422627210617065,0.066
EOF3,24.5,4.5,0.030910931527614594,0.066
EOF3,24.5,5.0,0.027015073224902153,0.066
EOF3,24.5,5.5,0.022985707968473434,0.066
EOF3,24.5,6.0,0.02243766188621521,0.066
EOF3,24.5,6.5,0.0230637788772583,0.066
EOF3,24.5,7.0,0.02225518599152565,0.066
EOF3,24.5,7.5,0.019982194527983665,0.066
EOF3,24.5,8.0,0.01897030882537365,0.066
EOF3,24.5,8.5,0.017899470403790474,0.066
EOF3,24.5,9.0,0.020143764093518257,0.066
EOF3,24.5,9.5,0.022899603471159935,0.066
EOF3,24.5,10.0,0.023764969781041145,0.066
EOF3,24.5,10.5,0.02319989539682865,0.066
EOF3,24.5,11.0,0.022143937647342682,0.066
EOF3,24.5,11.5,0.01902039162814617,0.066
EOF3,24.5,12.0,0.013945991173386574,0.066
EOF3,24.5,12.5,0.010598092339932919,0.066
EOF3,24.5,13.0,0.012058697640895844,0.066
EOF3,24.5,13.5,0.014789234846830368,0.066
EOF3,24.5,14.0,0.017459560185670853,0.066
EOF3,24.5,14.5,0.018788577988743782,0.066
EOF3,24.5,15.0,0.020108669996261597,0.066
EOF3,24.5,15.5,0.014936056919395924,0.066
EOF3,24.5,16.0,0.014223049394786358,0.066
EOF3,24.5,16.5,0.018130725249648094,0.066
EOF3,24.5,17.0,0.019859476014971733,0.066
EOF3,24.5,17.5,0.014911463484168053,0.066
EOF3,24.5,18.0,0.00549863139167428,0.066
EOF3,24.5,18.5,-0.005410321522504091,0.066
EOF3,24.5,19.0,-0.005200809333473444,0.066
EOF3,24.5,19.5,0.00632882583886385,0.066
EOF3,24.5,20.0,0.016444455832242966,0.066
EOF3,24.5,20.5,0.02179417759180069,0.066
EOF3,24.5,21.0,0.024518346413969994,0.066
EOF3,24.5,21.5,0.025141822174191475,0.066
EOF3,24.5,22.0,0.02205110341310501,0.066
EOF3,24.5,22.5,0.01890401542186737,0.066
EOF3,24.5,23.0,0.024287907406687737,0.066
EOF3,24.5,23.5,0.02961932122707367,0.066
EOF3,24.5,24.0,0.030178504064679146,0.066
EOF3,24.5,24.5,0.0298199150711298,0.066
EOF3,24.5,25.0,0.031400956213474274,0.066
EOF3,24.5,25.5,0.033007558435201645,0.066
EOF3,24.5,26.0,0.03440684825181961,0.066
EOF3,24.5,26.5,0.034236207604408264,0.066
EOF3,24.5,27.0,0.03249248489737511,0.066
EOF3,24.5,27.5,0.026103736832737923,0.066
EOF3,24.5,28.0,0.0198636706918478,0.066
EOF3,24.5,28.5,0.01644769124686718,0.066
EOF3,24.5,29.0,0.014155786484479904,0.066
EOF3,24.5,29.5,0.01241647731512785,0.066
EOF3,24.5,30.0,0.010724357329308987,0.066
EOF3,24.5,30.5,0.01161067932844162,0.066
EOF3,24.5,31.0,0.01395418494939804,0.066
EOF3,24.5,31.5,0.01777728646993637,0.066
EOF3,24.5,32.0,0.018762260675430298,0.066
EOF3,24.5,32.5,0.011271964758634567,0.066
EOF3,24.5,33.0,0.006159845739603043,0.066
EOF3,24.5,33.5,0.0018259879434481263,0.066
EOF3,24.5,34.0,-0.002447643782943487,0.066
EOF3,24.5,34.5,-0.006717552896589041,0.066
EOF4,-14.5,0.5,0.010306846350431442,0.027
EOF4,-14.5,1.0,0.01071075163781643,0.027
EOF4,-14.5,1.5,0.011170746758580208,0.027
EOF4,-14.5,2.0,0.011657330207526684,0.027
EOF4,-14.5,2.5,0.01218469999730587,0.027
EOF4,-14.5,3.0,0.012484507635235786,0.027
EOF4,-14.5,3.5,0.012698259204626083,0.027
EOF4,-14.5,4.0,0.013259680941700935,0.027
EOF4,-14.5,4.5,0.014156796969473362,0.027
EOF4,-14.5,5.0,0.013978929258883,0.027
EOF4,-14.5,5.5,0.013784908689558506,0.027
EOF4,-14.5,6.0,0.013853572309017181,0.027
EOF4,-14.5,6.5,0.013984561897814274,0.027
EOF4,-14.5,7.0,0.012836813926696777,0.027
EOF4,-14.5,7.5,0.01043734047561884,0.027
EOF4,-14.5,8.0,0.01458272710442543,0.027
EOF4,-14.5,8.5,0.019165201112627983,0.027
EOF4,-14.5,9.0,0.024137254804372787,0.027
EOF4,-14.5,9.5,0.02625678852200508,0.027
EOF4,-14.5,10.0,0.020224258303642273,0.027
EOF4,-14.5,10.5,0.014404627494513988,0.027
EOF4,-14.5,11.0,0.012098398059606552,0.027
EOF4,-14.5,11.5,0.006651940755546093,0.027
EOF4,-14.5,12.0,-0.0011219204170629382,0.027
EOF4,-14.5,12.5,-0.008974234573543072,0.027
EOF4,-14.5,13.0,-0.015999749302864075,0.027
EOF4,-14.5,13.5,-0.010885687544941902,0.027
EOF4,-14.5,14.0,-0.002416750881820917,0.027
EOF4,-14.5,14.5,0.005284436978399754,0.027
EOF4,-14.5,15.0,0.012355782091617584,0.027
EOF4,-14.5,15.5,0.012025554664433002,0.027
EOF4,-14.5,16.0,0.013005887158215046,0.027
EOF4,-14.5,16.5,0.015253269113600254,0.027
EOF4,-14.5,17.0,0.01641904190182686,0.027
EOF4,-14.5,17.5,0.014530046842992306,0.027
EOF4,-14.5,18.0,0.012279286980628967,0.027
EOF4,-14.5,18.5,0.009926417842507362,0.027
EOF4,-14.5,19.0,0.007840280421078205,0.027
EOF4,-14.5,19.5,0.006022474728524685,0.027
EOF4,-14.5,20.0,0.004276697989553213,0.027
EOF4,-14.5,20.5,0.0027377514634281397,0.027
EOF4,-14.5,21.0,0.0020015351474285126,0.027
EOF4,-14.5,21.5,0.00100777018815279,0.027
EOF4,-14.5,22.0,-0.0015776525251567364,0.027
EOF4,-14.5,22.5,-0.004167297855019569,0.027
EOF4,-14.5,23.0,0.0005819679936394095,0.027
EOF4,-14.5,23.5,0.005412748549133539,0.027
EOF4,-14.5,24.0,0.007859129458665848,0.027
EOF4,-14.5,24.5,0.009246842935681343,0.027
EOF4,-14.5,25.0,0.009858118370175362,0.027
EOF4,-14.5,25.5,0.010518547147512436,0.027
EOF4,-14.5,26.0,0.01119913812726736,0.027
EOF4,-14.5,26.5,0.011277314275503159,0.027
EOF4,-14.5,27.0,0.010759927332401276,0.027
EOF4,-14.5,27.5,0.01052022259682417,0.027
EOF4,-14.5,28.0,0.011128496378660202,0.027
EOF4,-14.5,28.5,0.011958449147641659,0.027
EOF4,-14.5,29.0,0.012860042043030262,0.027
EOF4,-14.5,29.5,0.012997087091207504,0.027
EOF4,-14.5,30.0,0.012352893128991127,0.027
EOF4,-14.5,30.5,0.012912684120237827,0.027
EOF4,-14.5,31.0,0.013262446969747543,0.027
EOF4,-14.5,31.5,0.013401847332715988,0.027
EOF4,-14.5,32.0,0.013598688878118992,0.027
EOF4,-14.5,32.5,0.013994724489748478,0.027
EOF4,-14.5,33.0,0.01439603604376316,0.027
EOF4,-14.5,33.5,0.015601124614477158,0.027
EOF4,-14.5,34.0,0.016040092334151268,0.027
EOF4,-14.5,34.5,0.015672266483306885,0.027
EOF4,-14.0,0.5,0.01237995084375143,0.027
EOF4,-14.0,1.0,0.012838533148169518,0.027
EOF4,-14.0,1.5,0.013316999189555645,0.027
EOF4,-14.0,2.0,0.013794383965432644,0.027
EOF4,-14.0,2.5,0.014309865422546864,0.027
EOF4,-14.0,3.0,0.014824112877249718,0.027
EOF4,-14.0,3.5,0.01525595597922802,0.027
EOF4,-14.0,4.0,0.015828803181648254,0.027
EOF4,-14.0,4.5,0.01671869121491909,0.027
EOF4,-14.0,5.0,0.017609192058444023,0.027
EOF4,-14.0,5.5,0.017954576760530472,0.027
EOF4,-14.0,6.0,0.017969511449337006,0.027
EOF4,-14.0,6.5,0.01553017646074295,0.027
EOF4,-14.0,7.0,0.01307725626975298,0.027
EOF4,-14.0,7.5,0.010675742290914059,0.027
EOF4,-14.0,8.0,0.014831495471298695,0.027
EOF4,-14.0,8.5,0.018949950113892555,0.027
EOF4,-14.0,9.0,0.02301044948399067,0.027
EOF4,-14.0,9.5,0.025145359337329865,0.027
EOF4,-14.0,10.0,0.020892227068543434,0.027
EOF4,-14.0,10.5,0.018489422276616096,0.027
EOF4,-14.0,11.0,0.01614915020763874,0.027
EOF4,-14.0,11.5,0.010479667223989964,0.027
EOF4,-14.0,12.0,0.002364582847803831,0.027
EOF4,-14.0,12.5,-0.0046802181750535965,0.027
EOF4,-14.0,13.0,-0.011397351510822773,0.027
EOF4,-14.0,13.5,-0.006496788002550602,0.027
EOF4,-14.0,14.0,0.0013450355036184192,0.027
EOF4,-14.0,14.5,0.008784674108028412,0.027
EOF4,-14.0,15.0,0.015827346593141556,0.027
EOF4,-14.0,15.5,0.015426605939865112,0.027
EOF4,-14.0,16.0,0.01500681135803461,0.027
EOF4,-14.0,16.5,0.014623616822063923,0.027
EOF4,-14.0,17.0,0.015779368579387665,0.027
EOF4,-14.0,17.5,0.013889221474528313,0.027
EOF4,-14.0,18.0,0.012024655006825924,0.027
EOF4,-14.0,18.5,0.010057910345494747,0.027
EOF4,-14.0,19.0,0.007979916408658028,0.027
EOF4,-14.0,19.5,0.006357721984386444,0.027
EOF4,-14.0,20.0,0.004800125025212765,0.027
EOF4,-14.0,20.5,0.0032657950650900602,0.027
EOF4,-14.0,21.0,0.0025362384039908648,0.027
EOF4,-14.0,21.5,0.002066751243546605,0.027
EOF4,-14.0,22.0,0.001592992921359837,0.027
EOF4,-14.0,22.5,-0.00043632456799969077,0.027
EOF4,-14.0,23.0,0.0035116448998451233,0.027
EOF4,-14.0,23.5,0.005114084109663963,0.027
EOF4,-14.0,24.0,0.006736649200320244,0.027
EOF4,-14.0,24.5,0.008114916272461414,0.027
EOF4,-14.0,25.0,0.008727493695914745,0.027
EOF4,-14.0,25.5,0.009342345409095287,0.027
EOF4,-14.0,26.0,0.00997632835060358,0.027
EOF4,-14.0,26.5,0.01005017850548029,0.027
EOF4,-14.0,27.0,0.010377799160778522,0.027
EOF4,-14.0,27.5,0.010984883643686771,0.027
EOF4,-14.0,28.0,0.011583208106458187,0.027
EOF4,-14.0,28.5,0.012398051097989082,0.027
EOF4,-14.0,29.0,0.011768626049160957,0.027
EOF4,-14.0,29.5,0.011124558746814728,0.027
EOF4,-14.0,30.0,0.010490012355148792,0.027
EOF4,-14.0,30.5,0.011029327288269997,0.027
EOF4,-14.0,31.0,0.011592797935009003,0.027
EOF4,-14.0,31.5,0.01214714627712965,0.027
EOF4,-14.0,32.0,0.01235107146203518,0.027
EOF4,-14.0,32.5,0.013119135983288288,0.027
EOF4,-14.0,33.0,0.014313659630715847,0.027
EOF4,-14.0,33.5,0.015564557164907455,0.027
EOF4,-14.0,34.0,0.01602398045361042,0.027
EOF4,-14.0,34.5,0.01562660187482834,0.027
EOF4,-13.5,0.5,0.013347605243325233,0.027
EOF4,-13.5,1.0,0.013824040070176125,0.027
EOF4,-13.5,1.5,0.014272433705627918,0.027
EOF4,-13.5,2.0,0.014532309025526047,0.027
EOF4,-13.5,2.5,0.015327253378927708,0.027
EOF4,-13.5,3.0,0.015846438705921173,0.027
EOF4,-13.5,3.5,0.016353536397218704,0.027
EOF4,-13.5,4.0,0.016941990703344345,0.027
EOF4,-13.5,4.5,0.017780695110559464,0.027
EOF4,-13.5,5.0,0.01867518201470375,0.027
EOF4,-13.5,5.5,0.019551724195480347,0.027
EOF4,-13.5,6.0,0.017921678721904755,0.027
EOF4,-13.5,6.5,0.015458526089787483,0.027
EOF4,-13.5,7.0,0.013022612780332565,0.027
EOF4,-13.5,7.5,0.011163754388689995,0.027
EOF4,-13.5,8.0,0.01529894769191742,0.027
EOF4,-13.5,8.5,0.01940363086760044,0.027
EOF4,-13.5,9.0,0.023458164185285568,0.027
EOF4,-13.5,9.5,0.026089392602443695,0.027
EOF4,-13.5,10.0,0.023313768208026886,0.027
EOF4,-13.5,10.5,0.020875772461295128,0.027
EOF4,-13.5,11.0,0.018473660573363304,0.027
EOF4,-13.5,11.5,0.012671553529798985,0.027
EOF4,-13.5,12.0,0.004358491860330105,0.027
EOF4,-13.5,12.5,-0.0028709182515740395,0.027
EOF4,-13.5,13.0,-0.008778981864452362,0.027
EOF4,-13.5,13.5,-0.00506930286064744,0.027
EOF4,-13.5,14.0,0.0028034516144543886,0.027
EOF4,-13.5,14.5,0.010297874920070171,0.027
EOF4,-13.5,15.0,0.01738630048930645,0.027
EOF4,-13.5,15.5,0.01694861426949501,0.027
EOF4,-13.5,16.0,0.016493365168571472,0.027
EOF4,-13.5,16.5,0.016058146953582764,0.027
EOF4,-13.5,17.0,0.01454895455390215,0.027
EOF4,-13.5,17.5,0.01272819098085165,0.027
EOF4,-13.5,18.0,0.010866621509194374,0.027
EOF4,-13.5,18.5,0.009028271771967411,0.027
EOF4,-13.5,19.0,0.007338249124586582,0.027
EOF4,-13.5,19.5,0.005771718453615904,0.027
EOF4,-13.5,20.0,0.004227481782436371,0.027
EOF4,-13.5,20.5,0.0036376328207552433,0.027
EOF4,-13.5,21.0,0.003386171068996191,0.027
EOF4,-13.5,21.5,0.0029170382767915726,0.027
EOF4,-13.5,22.0,0.0024471660144627094,0.027
EOF4,-13.5,22.5,0.002200230024755001,0.027
EOF4,-13.5,23.0,0.0017533570062369108,0.027
EOF4,-13.5,23.5,0.0033482841681689024,0.027
EOF4,-13.5,24.0,0.004955312702804804,0.027
EOF4,-13.5,24.5,0.006331584881991148,0.027
EOF4,-13.5,25.0,0.0069326008670032024,0.027
EOF4,-13.5,25.5,0.0075399079360067844,0.027
EOF4,-13.5,26.0,0.008094334974884987,0.027
EOF4,-13.5,26.5,0.008089758455753326,0.027
EOF4,-13.5,27.0,0.008464239537715912,0.027
EOF4,-13.5,27.5,0.00907173939049244,0.027
EOF4,-13.5,28.0,0.009673132561147213,0.027
EOF4,-13.5,28.5,0.010625675320625305,0.027
EOF4,-13.5,29.0,0.009995147585868835,0.027
EOF4,-13.5,29.5,0.009354333393275738,0.027
EOF4,-13.5,30.0,0.00872803758829832,0.027
EOF4,-13.5,30.5,0.010006390511989594,0.027
EOF4,-13.5,31.0,0.010551875457167625,0.027
EOF4,-13.5,31.5,0.011106458492577076,0.027
EOF4,-13.5,32.0,0.011801955290138721,0.027
EOF4,-13.5,32.5,0.0129654286429286,0.027
EOF4,-13.5,33.0,0.014174940064549446,0.027
EOF4,-13.5,33.5,0.014966200105845928,0.027
EOF4,-13.5,34.0,0.014433048665523529,0.027
EOF4,-13.5,34.5,0.014043249189853668,0.027
EOF4,-13.0,0.5,0.01315582636743784,0.027
EOF4,-13.0,1.0,0.0133712999522686,0.027
EOF4,-13.0,1.5,0.013344910927116871,0.027
EOF4,-13.0,2.0,0.013593451119959354,0.027
EOF4,-13.0,2.5,0.01468795258551836,0.027
EOF4,-13.0,3.0,0.01577734760940075,0.027
EOF4,-13.0,3.5,0.016286810860037804,0.027
EOF4,-13.0,4.0,0.01687999628484249,0.027
EOF4,-13.0,4.5,0.017556805163621902,0.027
EOF4,-13.0,5.0,0.01828617788851261,0.027
EOF4,-13.0,5.5,0.019156860187649727,0.027
EOF4,-13.0,6.0,0.017530281096696854,0.027
EOF4,-13.0,6.5,0.015258493833243847,0.027
EOF4,-13.0,7.0,0.013540146872401237,0.027
EOF4,-13.0,7.5,0.011874599382281303,0.027
EOF4,-13.0,8.0,0.01600465551018715,0.027
EOF4,-13.0,8.5,0.020365314558148384,0.027
EOF4,-13.0,9.0,0.02493426948785782,0.027
EOF4,-13.0,9.5,0.027542823925614357,0.027
EOF4,-13.0,10.0,0.02448338270187378,0.027
EOF4,-13.0,10.5,0.02148142270743847,0.027
EOF4,-13.0,11.0,0.01905956119298935,0.027
EOF4,-13.0,11.5,0.013199018314480782,0.027
EOF4,-13.0,12.0,0.004814505577087402,0.027
EOF4,-13.0,12.5,-0.0013454945292323828,0.027
EOF4,-13.0,13.0,-0.007066868245601654,0.027
EOF4,-13.0,13.5,-0.0032662125304341316,0.027
EOF4,-13.0,14.0,0.0030651541892439127,0.027
EOF4,-13.0,14.5,0.009769750759005547,0.027
EOF4,-13.0,15.0,0.016973664984107018,0.027
EOF4,-13.0,15.5,0.016533203423023224,0.027
EOF4,-13.0,16.0,0.015561157837510109,0.027
EOF4,-13.0,16.5,0.014085381291806698,0.027
EOF4,-13.0,17.0,0.012569612823426723,0.027
EOF4,-13.0,17.5,0.01084093190729618,0.027
EOF4,-13.0,18.0,0.00917290523648262,0.027
EOF4,-13.0,18.5,0.007345545571297407,0.027
EOF4,-13.0,19.0,0.00565573014318943,0.027
EOF4,-13.0,19.5,0.004104756284505129,0.027
EOF4,-13.0,20.0,0.004453539848327637,0.027
EOF4,-13.0,20.5,0.004820126574486494,0.027
EOF4,-13.0,21.0,0.004564045928418636,0.027
EOF4,-13.0,21.5,0.0041715847328305244,0.027
EOF4,-13.0,22.0,0.0040088826790452,0.027
EOF4,-13.0,22.5,0.0038391919806599617,0.027
EOF4,-13.0,23.0,0.0027249602135270834,0.027
EOF4,-13.0,23.5,0.0015959505690261722,0.027
EOF4,-13.0,24.0,0.0025129877030849457,0.027
EOF4,-13.0,24.5,0.003872023429721594,0.027
EOF4,-13.0,25.0,0.004464197438210249,0.027
EOF4,-13.0,25.5,0.004876882769167423,0.027
EOF4,-13.0,26.0,0.0052297054789960384,0.027
EOF4,-13.0,26.5,0.005232530180364847,0.027
EOF4,-13.0,27.0,0.004881363362073898,0.027
EOF4,-13.0,27.5,0.004775223322212696,0.027
EOF4,-13.0,28.0,0.0053953491151332855,0.027
EOF4,-13.0,28.5,0.0063700624741613865,0.027
EOF4,-13.0,29.0,0.007444951683282852,0.027
EOF4,-13.0,29.5,0.007668670732527971,0.027
EOF4,-13.0,30.0,0.007034922018647194,0.027
EOF4,-13.0,30.5,0.008540400303900242,0.027
EOF4,-13.0,31.0,0.010091522708535194,0.027
EOF4,-13.0,31.5,0.010900375433266163,0.027
EOF4,-13.0,32.0,0.01160318125039339,0.027
EOF4,-13.0,32.5,0.012757697142660618,0.027
EOF4,-13.0,33.0,0.012524120509624481,0.027
EOF4,-13.0,33.5,0.011767138727009296,0.027
EOF4,-13.0,34.0,0.011184271425008774,0.027
EOF4,-13.0,34.5,0.010800784453749657,0.027
EOF4,-12.5,0.5,0.01248149387538433,0.027
EOF4,-12.5,1.0,0.01245197094976902,0.027
EOF4,-12.5,1.5,0.012420539744198322,0.027
EOF4,-12.5,2.0,0.012674194760620594,0.027
EOF4,-12.5,2.5,0.013766264542937279,0.027
EOF4,-12.5,3.0,0.014843294396996498,0.027
EOF4,-12.5,3.5,0.01592997834086418,0.027
EOF4,-12.5,4.0,0.01680121384561062,0.027
EOF4,-12.5,4.5,0.017480559647083282,0.027
EOF4,-12.5,5.0,0.018149085342884064,0.027
EOF4,-12.5,5.5,0.01881718635559082,0.027
EOF4,-12.5,6.0,0.017688089981675148,0.027
EOF4,-12.5,6.5,0.015960058197379112,0.027
EOF4,-12.5,7.0,0.014248305931687355,0.027
EOF4,-12.5,7.5,0.012573816813528538,0.027
EOF4,-12.5,8.0,0.017236236482858658,0.027
EOF4,-12.5,8.5,0.021838882938027382,0.027
EOF4,-12.5,9.0,0.02639429271221161,0.027
EOF4,-12.5,9.5,0.02898898720741272,0.027
EOF4,-12.5,10.0,0.025929410010576248,0.027
EOF4,-12.5,10.5,0.022917533293366432,0.027
EOF4,-12.5,11.0,0.019922815263271332,0.027
EOF4,-12.5,11.5,0.014660179615020752,0.027
EOF4,-12.5,12.0,0.007536211516708136,0.027
EOF4,-12.5,12.5,0.0009363234275951982,0.027
EOF4,-12.5,13.0,-0.005174668505787849,0.027
EOF4,-12.5,13.5,-0.0012645612005144358,0.027
EOF4,-12.5,14.0,0.005265545099973679,0.027
EOF4,-12.5,14.5,0.011193793267011642,0.027
EOF4,-12.5,15.0,0.016549622640013695,0.027
EOF4,-12.5,15.5,0.015016444027423859,0.027
EOF4,-12.5,16.0,0.013495727442204952,0.027
EOF4,-12.5,16.5,0.012026842683553696,0.027
EOF4,-12.5,17.0,0.010513109154999256,0.027
EOF4,-12.5,17.5,0.008786214515566826,0.027
EOF4,-12.5,18.0,0.0071302736178040504,0.027
EOF4,-12.5,18.5,0.005525062792003155,0.027
EOF4,-12.5,19.0,0.00492680910974741,0.027
EOF4,-12.5,19.5,0.0052946521900594234,0.027
EOF4,-12.5,20.0,0.005661841947585344,0.027
EOF4,-12.5,20.5,0.006023845635354519,0.027
EOF4,-12.5,21.0,0.005983606446534395,0.027
EOF4,-12.5,21.5,0.005820694379508495,0.027
EOF4,-12.5,22.0,0.005646563600748777,0.027
EOF4,-12.5,22.5,0.005476652644574642,0.027
EOF4,-12.5,23.0,0.004374590702354908,0.027
EOF4,-12.5,23.5,0.0032586040906608105,0.027
EOF4,-12.5,24.0,0.0021276292391121387,0.027
EOF4,-12.5,24.5,0.0013555409386754036,0.027
EOF4,-12.5,25.0,0.0016946231480687857,0.027
EOF4,-12.5,25.5,0.0020326212979853153,0.027
EOF4,-12.5,26.0,0.0023714930284768343,0.027
EOF4,-12.5,26.5,0.002373324241489172,0.027
EOF4,-12.5,27.0,0.0020274098496884108,0.027
EOF4,-12.5,27.5,0.0016828490188345313,0.027
EOF4,-12.5,28.0,0.0013400327879935503,0.027
EOF4,-12.5,28.5,0.0020865576807409525,0.027
EOF4,-12.5,29.0,0.003177439793944359,0.027
EOF4,-12.5,29.5,0.004272925667464733,0.027
EOF4,-12.5,30.0,0.00535630714148283,0.027
EOF4,-12.5,30.5,0.006840202957391739,0.027
EOF4,-12.5,31.0,0.008373711258172989,0.027
EOF4,-12.5,31.5,0.009927469305694103,0.027
EOF4,-12.5,32.0,0.010928584262728691,0.027
EOF4,-12.5,32.5,0.010153613053262234,0.027
EOF4,-12.5,33.0,0.009321484714746475,0.027
EOF4,-12.5,33.5,0.008428568951785564,0.027
EOF4,-12.5,34.0,0.007176735904067755,0.027
EOF4,-12.5,34.5,0.005655283574014902,0.027
EOF4,-12.0,0.5,0.012226307764649391,0.027
EOF4,-12.0,1.0,0.011837701313197613,0.027
EOF4,-12.0,1.5,0.011804625391960144,0.027
EOF4,-12.0,2.0,0.012003183364868164,0.027
EOF4,-12.0,2.5,0.012878697365522385,0.027
EOF4,-12.0,3.0,0.013905196450650692,0.027
EOF4,-12.0,3.5,0.014992783777415752,0.027
EOF4,-12.0,4.0,0.015866313129663467,0.027
EOF4,-12.0,4.5,0.016530344262719154,0.027
EOF4,-12.0,5.0,0.016905976459383965,0.027
EOF4,-12.0,5.5,0.016384705901145935,0.027
EOF4,-12.0,6.0,0.016141731292009354,0.027
EOF4,-12.0,6.5,0.015594412572681904,0.027
EOF4,-12.0,7.0,0.013892143964767456,0.027
EOF4,-12.0,7.5,0.012226545251905918,0.027
EOF4,-12.0,8.0,0.017227012664079666,0.027
EOF4,-12.0,8.5,0.02200649492442608,0.027
EOF4,-12.0,9.0,0.02653307095170021,0.027
EOF4,-12.0,9.5,0.029132647439837456,0.027
EOF4,-12.0,10.0,0.026082219555974007,0.027
EOF4,-12.0,10.5,0.023064861074090004,0.027
EOF4,-12.0,11.0,0.019019104540348053,0.027
EOF4,-12.0,11.5,0.014370392076671124,0.027
EOF4,-12.0,12.0,0.00928643997758627,0.027
EOF4,-12.0,12.5,0.0024344460107386112,0.027
EOF4,-12.0,13.0,-0.0039028795436024666,0.027
EOF4,-12.0,13.5,5.80054875172209e-05,0.027
EOF4,-12.0,14.0,0.006696299649775028,0.027
EOF4,-12.0,14.5,0.011267874389886856,0.027
EOF4,-12.0,15.0,0.013980626128613949,0.027
EOF4,-12.0,15.5,0.012739195488393307,0.027
EOF4,-12.0,16.0,0.01138133741915226,0.027
EOF4,-12.0,16.5,0.00992744043469429,0.027
EOF4,-12.0,17.0,0.00843252707272768,0.027
EOF4,-12.0,17.5,0.0067333257757127285,0.027
EOF4,-12.0,18.0,0.005117025692015886,0.027
EOF4,-12.0,18.5,0.006023767404258251,0.027
EOF4,-12.0,19.0,0.006719069089740515,0.027
EOF4,-12.0,19.5,0.007193982135504484,0.027
EOF4,-12.0,20.0,0.007562638726085424,0.027
EOF4,-12.0,20.5,0.007929685525596142,0.027
EOF4,-12.0,21.0,0.00789556186646223,0.027
EOF4,-12.0,21.5,0.007720599416643381,0.027
EOF4,-12.0,22.0,0.007484400644898415,0.027
EOF4,-12.0,22.5,0.0071875243447721004,0.027
EOF4,-12.0,23.0,0.006091610994189978,0.027
EOF4,-12.0,23.5,0.0049820831045508385,0.027
EOF4,-12.0,24.0,0.002989088883623481,0.027
EOF4,-12.0,24.5,0.001215723343193531,0.027
EOF4,-12.0,25.0,0.0010422426275908947,0.027
EOF4,-12.0,25.5,0.0012482153251767159,0.027
EOF4,-12.0,26.0,0.001585881458595395,0.027
EOF4,-12.0,26.5,0.0018218324985355139,0.027
EOF4,-12.0,27.0,0.001943996292538941,0.027
EOF4,-12.0,27.5,0.0016014890279620886,0.027
EOF4,-12.0,28.0,0.001252122689038515,0.027
EOF4,-12.0,28.5,0.0019985337276011705,0.027
EOF4,-12.0,29.0,0.003107259748503566,0.027
EOF4,-12.0,29.5,0.0035218531265854836,0.027
EOF4,-12.0,30.0,0.0032553179189562798,0.027
EOF4,-12.0,30.5,0.004758213646709919,0.027
EOF4,-12.0,31.0,0.006279673893004656,0.027
EOF4,-12.0,31.5,0.006930408533662558,0.027
EOF4,-12.0,32.0,0.007310155779123306,0.027
EOF4,-12.0,32.5,0.007758643012493849,0.027
EOF4,-12.0,33.0,0.007178422994911671,0.027
EOF4,-12.0,33.5,0.006197839044034481,0.027
EOF4,-12.0,34.0,0.0049025495536625385,0.027
EOF4,-12.0,34.5,0.0034171498846262693,0.027
EOF4,-11.5,0.5,0.012677802704274654,0.027
EOF4,-11.5,1.0,0.011937400326132774,0.027
EOF4,-11.5,1.5,0.011201903223991394,0.027
EOF4,-11.5,2.0,0.011395464651286602,0.027
EOF4,-11.5,2.5,0.012269211933016777,0.027
EOF4,-11.5,3.0,0.013126161880791187,0.027
EOF4,-11.5,3.5,0.0140463812276721,0.027
EOF4,-11.5,4.0,0.014923414215445518,0.027
EOF4,-11.5,4.5,0.014699728228151798,0.027
EOF4,-11.5,5.0,0.014188014902174473,0.027
EOF4,-11.5,5.5,0.013669163919985294,0.027
EOF4,-11.5,6.0,0.013429075479507446,0.027
EOF4,-11.5,6.5,0.013292658142745495,0.027
EOF4,-11.5,7.0,0.013145575299859047,0.027
EOF4,-11.5,7.5,0.011866777203977108,0.027
EOF4,-11.5,8.0,0.01685105450451374,0.027
EOF4,-11.5,8.5,0.021800128743052483,0.027
EOF4,-11.5,9.0,0.02667897380888462,0.027
EOF4,-11.5,9.5,0.02925986610352993,0.027
EOF4,-11.5,10.0,0.02569134160876274,0.027
EOF4,-11.5,10.5,0.02163154073059559,0.027
EOF4,-11.5,11.0,0.01756487600505352,0.027
EOF4,-11.5,11.5,0.012919235974550247,0.027
EOF4,-11.5,12.0,0.007851710543036461,0.027
EOF4,-11.5,12.5,0.0030176378786563873,0.027
EOF4,-11.5,13.0,-0.0025501970667392015,0.027
EOF4,-11.5,13.5,0.0014219245640560985,0.027
EOF4,-11.5,14.0,0.005204735789448023,0.027
EOF4,-11.5,14.5,0.008496718481183052,0.027
EOF4,-11.5,15.0,0.011377744376659393,0.027
EOF4,-11.5,15.5,0.010170362889766693,0.027
EOF4,-11.5,16.0,0.008969428017735481,0.027
EOF4,-11.5,16.5,0.007792345713824034,0.027
EOF4,-11.5,17.0,0.006317073944956064,0.027
EOF4,-11.5,17.5,0.005958914291113615,0.027
EOF4,-11.5,18.0,0.006894905120134354,0.027
EOF4,-11.5,18.5,0.007802597247064114,0.027
EOF4,-11.5,19.0,0.008488648571074009,0.027
EOF4,-11.5,19.5,0.008963366039097309,0.027
EOF4,-11.5,20.0,0.009446166455745697,0.027
EOF4,-11.5,20.5,0.009868999011814594,0.027
EOF4,-11.5,21.0,0.009832466952502728,0.027
EOF4,-11.5,21.5,0.009526362642645836,0.027
EOF4,-11.5,22.0,0.00921786017715931,0.027
EOF4,-11.5,22.5,0.00890443380922079,0.027
EOF4,-11.5,23.0,0.0075324648059904575,0.027
EOF4,-11.5,23.5,0.005281729158014059,0.027
EOF4,-11.5,24.0,0.0029956907965242863,0.027
EOF4,-11.5,24.5,0.001215157681144774,0.027
EOF4,-11.5,25.0,0.0010320836445316672,0.027
EOF4,-11.5,25.5,0.000860096828546375,0.027
EOF4,-11.5,26.0,0.0008080941624939442,0.027
EOF4,-11.5,26.5,0.0010417025769129395,0.027
EOF4,-11.5,27.0,0.001162003492936492,0.027
EOF4,-11.5,27.5,0.0012877851258963346,0.027
EOF4,-11.5,28.0,0.0011713373241946101,0.027
EOF4,-11.5,28.5,0.0019218125380575657,0.027
EOF4,-11.5,29.0,0.0016631294274702668,0.027
EOF4,-11.5,29.5,0.0013926365645602345,0.027
EOF4,-11.5,30.0,0.001130428398028016,0.027
EOF4,-11.5,30.5,0.002322270767763257,0.027
EOF4,-11.5,31.0,0.0026485666166990995,0.027
EOF4,-11.5,31.5,0.0029789593536406755,0.027
EOF4,-11.5,32.0,0.0032983534038066864,0.027
EOF4,-11.5,32.5,0.003603137331083417,0.027
EOF4,-11.5,33.0,0.0039264434017241,0.027
EOF4,-11.5,33.5,0.003908516839146614,0.027
EOF4,-11.5,34.0,0.0025846767239272594,0.027
EOF4,-11.5,34.5,0.001319411094300449,0.027
EOF4,-11.0,0.5,0.013779019936919212,0.027
EOF4,-11.0,1.0,0.013029082678258419,0.027
EOF4,-11.0,1.5,0.012297392822802067,0.027
EOF4,-11.0,2.0,0.010957836173474789,0.027
EOF4,-11.0,2.5,0.011826817877590656,0.027
EOF4,-11.0,3.0,0.012679551728069782,0.027
EOF4,-11.0,3.5,0.013452627696096897,0.027
EOF4,-11.0,4.0,0.013684306293725967,0.027
EOF4,-11.0,4.5,0.013295650482177734,0.027
EOF4,-11.0,5.0,0.012789392843842506,0.027
EOF4,-11.0,5.5,0.012271647341549397,0.027
EOF4,-11.0,6.0,0.012103683315217495,0.027
EOF4,-11.0,6.5,0.011965181678533554,0.027
EOF4,-11.0,7.0,0.01182281132787466,0.027
EOF4,-11.0,7.5,0.01170582789927721,0.027
EOF4,-11.0,8.0,0.016666973009705544,0.027
EOF4,-11.0,8.5,0.02160022221505642,0.027
EOF4,-11.0,9.0,0.02644583024084568,0.027
EOF4,-11.0,9.5,0.02809211052954197,0.027
EOF4,-11.0,10.0,0.024607714265584946,0.027
EOF4,-11.0,10.5,0.02052682638168335,0.027
EOF4,-11.0,11.0,0.0164790116250515,0.027
EOF4,-11.0,11.5,0.01330228429287672,0.027
EOF4,-11.0,12.0,0.008902210742235184,0.027
EOF4,-11.0,12.5,0.00398535281419754,0.027
EOF4,-11.0,13.0,-0.0007113592000678182,0.027
EOF4,-11.0,13.5,-0.00046296362415887415,0.027
EOF4,-11.0,14.0,0.0035085384733974934,0.027
EOF4,-11.0,14.5,0.006975418888032436,0.027
EOF4,-11.0,15.0,0.010015981271862984,0.027
EOF4,-11.0,15.5,0.008790368214249611,0.027
EOF4,-11.0,16.0,0.007588585838675499,0.027
EOF4,-11.0,16.5,0.006397800054401159,0.027
EOF4,-11.0,17.0,0.004938152618706226,0.027
EOF4,-11.0,17.5,0.0059928507544100285,0.027
EOF4,-11.0,18.0,0.0069395448081195354,0.027
EOF4,-11.0,18.5,0.007849208079278469,0.027
EOF4,-11.0,19.0,0.008532910607755184,0.027
EOF4,-11.0,19.5,0.009017723612487316,0.027
EOF4,-11.0,20.0,0.0094952043145895,0.027
EOF4,-11.0,20.5,0.010171051137149334,0.027
EOF4,-11.0,21.0,0.010072492994368076,0.027
EOF4,-11.0,21.5,0.009760853834450245,0.027
EOF4,-11.0,22.0,0.009451043792068958,0.027
EOF4,-11.0,22.5,0.009137174114584923,0.027
EOF4,-11.0,23.0,0.007583943195641041,0.027
EOF4,-11.0,23.5,0.005328573286533356,0.027
EOF4,-11.0,24.0,0.0030463843140751123,0.027
EOF4,-11.0,24.5,0.0012676416663452983,0.027
EOF4,-11.0,25.0,0.0010884666116908193,0.027
EOF4,-11.0,25.5,0.0009154177387244999,0.027
EOF4,-11.0,26.0,0.000812786805909127,0.027
EOF4,-11.0,26.5,0.000945757667068392,0.027
EOF4,-11.0,27.0,0.0010673762299120426,0.027
EOF4,-11.0,27.5,0.0011847143759950995,0.027
EOF4,-11.0,28.0,0.000732002139557153,0.027
EOF4,-11.0,28.5,-0.0003777417878154665,0.027
EOF4,-11.0,29.0,-0.0006497323047369719,0.027
EOF4,-11.0,29.5,-0.000915187003556639,0.027
EOF4,-11.0,30.0,-0.0011756053427234292,0.027
EOF4,-11.0,30.5,-0.0008799313218332827,0.027
EOF4,-11.0,31.0,-0.0005797029007226229,0.027
EOF4,-11.0,31.5,-0.00027207110542804003,0.027
EOF4,-11.0,32.0,0.00046323597780428827,0.027
EOF4,-11.0,32.5,0.0005491592455655336,0.027
EOF4,-11.0,33.0,0.0007565099513158202,0.027
EOF4,-11.0,33.5,0.0009764640708453953,0.027
EOF4,-11.0,34.0,6.888296775287017e-05,0.027
EOF4,-11.0,34.5,-0.00126781000290066,0.027
EOF4,-10.5,0.5,0.01551884040236473,0.027
EOF4,-10.5,1.0,0.014096565544605255,0.027
EOF4,-10.5,1.5,0.012018616311252117,0.027
EOF4,-10.5,2.0,0.010667473077774048,0.027
EOF4,-10.5,2.5,0.011535905301570892,0.027
EOF4,-10.5,3.0,0.012139416299760342,0.027
EOF4,-10.5,3.5,0.012654329650104046,0.027
EOF4,-10.5,4.0,0.012879651039838791,0.027
EOF4,-10.5,4.5,0.01284297276288271,0.027
EOF4,-10.5,5.0,0.012681277468800545,0.027
EOF4,-10.5,5.5,0.012180181220173836,0.027
EOF4,-10.5,6.0,0.01201117318123579,0.027
EOF4,-10.5,6.5,0.011957334354519844,0.027
EOF4,-10.5,7.0,0.011854687705636024,0.027
EOF4,-10.5,7.5,0.011741064488887787,0.027
EOF4,-10.5,8.0,0.016673633828759193,0.027
EOF4,-10.5,8.5,0.020733339712023735,0.027
EOF4,-10.5,9.0,0.023907802999019623,0.027
EOF4,-10.5,9.5,0.025545533746480942,0.027
EOF4,-10.5,10.0,0.022665876895189285,0.027
EOF4,-10.5,10.5,0.01980002596974373,0.027
EOF4,-10.5,11.0,0.015754295513033867,0.027
EOF4,-10.5,11.5,0.012603084556758404,0.027
EOF4,-10.5,12.0,0.010366666130721569,0.027
EOF4,-10.5,12.5,0.007447124924510717,0.027
EOF4,-10.5,13.0,0.002592730801552534,0.027
EOF4,-10.5,13.5,0.00267919828183949,0.027
EOF4,-10.5,14.0,0.004223713651299477,0.027
EOF4,-10.5,14.5,0.006701507605612278,0.027
EOF4,-10.5,15.0,0.009883902035653591,0.027
EOF4,-10.5,15.5,0.008611181750893593,0.027
EOF4,-10.5,16.0,0.006703642662614584,0.027
EOF4,-10.5,16.5,0.004275928251445293,0.027
EOF4,-10.5,17.0,0.002877747407183051,0.027
EOF4,-10.5,17.5,0.004064550623297691,0.027
EOF4,-10.5,18.0,0.0051926057785749435,0.027
EOF4,-10.5,18.5,0.0061292145401239395,0.027
EOF4,-10.5,19.0,0.006832198239862919,0.027
EOF4,-10.5,19.5,0.007317469455301762,0.027
EOF4,-10.5,20.0,0.008170711807906628,0.027
EOF4,-10.5,20.5,0.009026539511978626,0.027
EOF4,-10.5,21.0,0.008937142789363861,0.027
EOF4,-10.5,21.5,0.00853808131068945,0.027
EOF4,-10.5,22.0,0.00818141084164381,0.027
EOF4,-10.5,22.5,0.007881187833845615,0.027
EOF4,-10.5,23.0,0.00653844652697444,0.027
EOF4,-10.5,23.5,0.005190581548959017,0.027
EOF4,-10.5,24.0,0.0031434609554708004,0.027
EOF4,-10.5,24.5,0.0013739225687459111,0.027
EOF4,-10.5,25.0,0.0011978109832853079,0.027
EOF4,-10.5,25.5,0.0012607002863660455,0.027
EOF4,-10.5,26.0,0.0013923266669735312,0.027
EOF4,-10.5,26.5,0.0015277453931048512,0.027
EOF4,-10.5,27.0,0.0016455238219350576,0.027
EOF4,-10.5,27.5,0.0006121046608313918,0.027
EOF4,-10.5,28.0,-0.0004436467424966395,0.027
EOF4,-10.5,28.5,-0.001567529165185988,0.027
EOF4,-10.5,29.0,-0.002706503961235285,0.027
EOF4,-10.5,29.5,-0.0034038678277283907,0.027
EOF4,-10.5,30.0,-0.0036579270381480455,0.027
EOF4,-10.5,30.5,-0.0033812846522778273,0.027
EOF4,-10.5,31.0,-0.0027546377386897802,0.027
EOF4,-10.5,31.5,-0.001760810031555593,0.027
EOF4,-10.5,32.0,-0.0010307097109034657,0.027
EOF4,-10.5,32.5,-0.0010976577177643776,0.027
EOF4,-10.5,33.0,-0.0011728232493624091,0.027
EOF4,-10.5,33.5,-0.0010284492745995522,0.027
EOF4,-10.5,34.0,-0.0019428655505180359,0.027
EOF4,-10.5,34.5,-0.0038893595337867737,0.027
EOF4,-10.0,0.5,0.015911303460597992,0.027
EOF4,-10.0,1.0,0.01381363719701767,0.027
EOF4,-10.0,1.5,0.011730627156794071,0.027
EOF4,-10.0,2.0,0.010306665673851967,0.027
EOF4,-10.0,2.5,0.01082696858793497,0.027
EOF4,-10.0,3.0,0.011343106627464294,0.027
EOF4,-10.0,3.5,0.011856288649141788,0.027
EOF4,-10.0,4.0,0.012092623859643936,0.027
EOF4,-10.0,4.5,0.01205651368945837,0.027
EOF4,-10.0,5.0,0.01201974879950285,0.027
EOF4,-10.0,5.5,0.011974861845374107,0.027
EOF4,-10.0,6.0,0.011916332878172398,0.027
EOF4,-10.0,6.5,0.011861992068588734,0.027
EOF4,-10.0,7.0,0.011809633113443851,0.027
EOF4,-10.0,7.5,0.011766049079596996,0.027
EOF4,-10.0,8.0,0.014989439398050308,0.027
EOF4,-10.0,8.5,0.018182389438152313,0.027
EOF4,-10.0,9.0,0.021359603852033615,0.027
EOF4,-10.0,9.5,0.023015029728412628,0.027
EOF4,-10.0,10.0,0.020152995362877846,0.027
EOF4,-10.0,10.5,0.017302941530942917,0.027
EOF4,-10.0,11.0,0.014446062035858631,0.027
EOF4,-10.0,11.5,0.011905637569725513,0.027
EOF4,-10.0,12.0,0.009678761474788189,0.027
EOF4,-10.0,12.5,0.007485412526875734,0.027
EOF4,-10.0,13.0,0.005332208704203367,0.027
EOF4,-10.0,13.5,0.00593965221196413,0.027
EOF4,-10.0,14.0,0.007345015183091164,0.027
EOF4,-10.0,14.5,0.008607912808656693,0.027
EOF4,-10.0,15.0,0.009747376665472984,0.027
EOF4,-10.0,15.5,0.007030792068690062,0.027
EOF4,-10.0,16.0,0.004506679717451334,0.027
EOF4,-10.0,16.5,0.0021660819184035063,0.027
EOF4,-10.0,17.0,0.0008353908197022974,0.027
EOF4,-10.0,17.5,0.002053401432931423,0.027
EOF4,-10.0,18.0,0.0032234545797109604,0.027
EOF4,-10.0,18.5,0.0043524992652237415,0.027
EOF4,-10.0,19.0,0.005311673507094383,0.027
EOF4,-10.0,19.5,0.006164110731333494,0.027
EOF4,-10.0,20.0,0.0070242732763290405,0.027
EOF4,-10.0,20.5,0.007879648357629776,0.027
EOF4,-10.0,21.0,0.007794746197760105,0.027
EOF4,-10.0,21.5,0.007398332003504038,0.027
EOF4,-10.0,22.0,0.0070039741694927216,0.027
EOF4,-10.0,22.5,0.006609648931771517,0.027
EOF4,-10.0,23.0,0.0052642482332885265,0.027
EOF4,-10.0,23.5,0.003909537568688393,0.027
EOF4,-10.0,24.0,0.0025480911135673523,0.027
EOF4,-10.0,24.5,0.0015553395496681333,0.027
EOF4,-10.0,25.0,0.0016832405235618353,0.027
EOF4,-10.0,25.5,0.001821954152546823,0.027
EOF4,-10.0,26.0,0.0019678818061947823,0.027
EOF4,-10.0,26.5,0.001539918128401041,0.027
EOF4,-10.0,27.0,0.0005046846345067024,0.027
EOF4,-10.0,27.5,-0.0005531487986445427,0.027
EOF4,-10.0,28.0,-0.001625359058380127,0.027
EOF4,-10.0,28.5,-0.0027643656358122826,0.027
EOF4,-10.0,29.0,-0.0039121536538004875,0.027
EOF4,-10.0,29.5,-0.0050529008731245995,0.027
EOF4,-10.0,30.0,-0.006179932504892349,0.027
EOF4,-10.0,30.5,-0.005222870968282223,0.027
EOF4,-10.0,31.0,-0.004240942653268576,0.027
EOF4,-10.0,31.5,-0.003255290212109685,0.027
EOF4,-10.0,32.0,-0.0025324777234345675,0.027
EOF4,-10.0,32.5,-0.002640345599502325,0.027
EOF4,-10.0,33.0,-0.0027480199933052063,0.027
EOF4,-10.0,33.5,-0.0028604050166904926,0.027
EOF4,-10.0,34.0,-0.0038826121017336845,0.027
EOF4,-10.0,34.5,-0.005759889725595713,0.027
EOF4,-9.5,0.5,0.015694720670580864,0.027
EOF4,-9.5,1.0,0.01360078901052475,0.027
EOF4,-9.5,1.5,0.011579347774386406,0.027
EOF4,-9.5,2.0,0.010274967178702354,0.027
EOF4,-9.5,2.5,0.01105799525976181,0.027
EOF4,-9.5,3.0,0.011633837595582008,0.027
EOF4,-9.5,3.5,0.012145109474658966,0.027
EOF4,-9.5,4.0,0.012374446727335453,0.027
EOF4,-9.5,4.5,0.012331436388194561,0.027
EOF4,-9.5,5.0,0.01239776611328125,0.027
EOF4,-9.5,5.5,0.012788338586688042,0.027
EOF4,-9.5,6.0,0.012846626341342926,0.027
EOF4,-9.5,6.5,0.012780693359673023,0.027
EOF4,-9.5,7.0,0.012534048408269882,0.027
EOF4,-9.5,7.5,0.012092769145965576,0.027
EOF4,-9.5,8.0,0.013916783034801483,0.027
EOF4,-9.5,8.5,0.016420302912592888,0.027
EOF4,-9.5,9.0,0.019609084352850914,0.027
EOF4,-9.5,9.5,0.02142181806266308,0.027
EOF4,-9.5,10.0,0.019216036424040794,0.027
EOF4,-9.5,10.5,0.016536163166165352,0.027
EOF4,-9.5,11.0,0.013713185675442219,0.027
EOF4,-9.5,11.5,0.011175868101418018,0.027
EOF4,-9.5,12.0,0.008954857476055622,0.027
EOF4,-9.5,12.5,0.00700426334515214,0.027
EOF4,-9.5,13.0,0.005758525338023901,0.027
EOF4,-9.5,13.5,0.006564033683389425,0.027
EOF4,-9.5,14.0,0.00792829878628254,0.027
EOF4,-9.5,14.5,0.009427890181541443,0.027
EOF4,-9.5,15.0,0.011114019900560379,0.027
EOF4,-9.5,15.5,0.008135871961712837,0.027
EOF4,-9.5,16.0,0.005510738119482994,0.027
EOF4,-9.5,16.5,0.003137999912723899,0.027
EOF4,-9.5,17.0,0.0017760570626705885,0.027
EOF4,-9.5,17.5,0.002982114674523473,0.027
EOF4,-9.5,18.0,0.004120262805372477,0.027
EOF4,-9.5,18.5,0.003810851601883769,0.027
EOF4,-9.5,19.0,0.003422074718400836,0.027
EOF4,-9.5,19.5,0.002949728164821863,0.027
EOF4,-9.5,20.0,0.003801819169893861,0.027
EOF4,-9.5,20.5,0.004658811260014772,0.027
EOF4,-9.5,21.0,0.005310310982167721,0.027
EOF4,-9.5,21.5,0.005640247371047735,0.027
EOF4,-9.5,22.0,0.005250736605376005,0.027
EOF4,-9.5,22.5,0.004854250233620405,0.027
EOF4,-9.5,23.0,0.0035005612298846245,0.027
EOF4,-9.5,23.5,0.0021301433444023132,0.027
EOF4,-9.5,24.0,0.0017125130398198962,0.027
EOF4,-9.5,24.5,0.0015084559563547373,0.027
EOF4,-9.5,25.0,0.0009795204969123006,0.027
EOF4,-9.5,25.5,0.0009393603540956974,0.027
EOF4,-9.5,26.0,0.0010752369416877627,0.027
EOF4,-9.5,26.5,0.0009536903235130012,0.027
EOF4,-9.5,27.0,0.0005509198526851833,0.027
EOF4,-9.5,27.5,-0.0005058760871179402,0.027
EOF4,-9.5,28.0,-0.0015963127370923758,0.027
EOF4,-9.5,28.5,-0.0027422462590038776,0.027
EOF4,-9.5,29.0,-0.0039051584899425507,0.027
EOF4,-9.5,29.5,-0.005477145314216614,0.027
EOF4,-9.5,30.0,-0.007419371511787176,0.027
EOF4,-9.5,30.5,-0.005660376511514187,0.027
EOF4,-9.5,31.0,-0.0042575653642416,0.027
EOF4,-9.5,31.5,-0.003262369194999337,0.027
EOF4,-9.5,32.0,-0.0022767449263483286,0.027
EOF4,-9.5,32.5,-0.0013368319487199187,0.027
EOF4,-9.5,33.0,-0.0011407333659008145,0.027
EOF4,-9.5,33.5,-0.0012229809071868658,0.027
EOF4,-9.5,34.0,-0.002243639435619116,0.027
EOF4,-9.5,34.5,-0.004155516624450684,0.027
EOF4,-9.0,0.5,0.015483549796044827,0.027
EOF4,-9.0,1.0,0.01348921749740839,0.027
EOF4,-9.0,1.5,0.011480973102152348,0.027
EOF4,-9.0,2.0,0.01018378883600235,0.027
EOF4,-9.0,2.5,0.010959399864077568,0.027
EOF4,-9.0,3.0,0.011730639263987541,0.027
EOF4,-9.0,3.5,0.01243379432708025,0.027
EOF4,-9.0,4.0,0.01265832968056202,0.027
EOF4,-9.0,4.5,0.01295115053653717,0.027
EOF4,-9.0,5.0,0.013331329450011253,0.027
EOF4,-9.0,5.5,0.01371833961457014,0.027
EOF4,-9.0,6.0,0.013762982562184334,0.027
EOF4,-9.0,6.5,0.01331844087690115,0.027
EOF4,-9.0,7.0,0.012875166721642017,0.027
EOF4,-9.0,7.5,0.012442474253475666,0.027
EOF4,-9.0,8.0,0.014267219230532646,0.027
EOF4,-9.0,8.5,0.01606902666389942,0.027
EOF4,-9.0,9.0,0.017868010327219963,0.027
EOF4,-9.0,9.5,0.019680526107549667,0.027
EOF4,-9.0,10.0,0.017487598583102226,0.027
EOF4,-9.0,10.5,0.01530012208968401,0.027
EOF4,-9.0,11.0,0.012969424948096275,0.027
EOF4,-9.0,11.5,0.010453782044351101,0.027
EOF4,-9.0,12.0,0.008921879343688488,0.027
EOF4,-9.0,12.5,0.007631401065737009,0.027
EOF4,-9.0,13.0,0.006388678215444088,0.027
EOF4,-9.0,13.5,0.00716850720345974,0.027
EOF4,-9.0,14.0,0.009065445512533188,0.027
EOF4,-9.0,14.5,0.010869602672755718,0.027
EOF4,-9.0,15.0,0.012578575871884823,0.027
EOF4,-9.0,15.5,0.00941161997616291,0.027
EOF4,-9.0,16.0,0.006606605369597673,0.027
EOF4,-9.0,16.5,0.004121734760701656,0.027
EOF4,-9.0,17.0,0.002728841034695506,0.027
EOF4,-9.0,17.5,0.003164957743138075,0.027
EOF4,-9.0,18.0,0.0028542494401335716,0.027
EOF4,-9.0,18.5,0.0025576595216989517,0.027
EOF4,-9.0,19.0,0.0021720360964536667,0.027
EOF4,-9.0,19.5,0.001688061747699976,0.027
EOF4,-9.0,20.0,0.0012157985474914312,0.027
EOF4,-9.0,20.5,0.0014052725164219737,0.027
EOF4,-9.0,21.0,0.0020604722667485476,0.027
EOF4,-9.0,21.5,0.0026429719291627407,0.027
EOF4,-9.0,22.0,0.0032243395689874887,0.027
EOF4,-9.0,22.5,0.003076466266065836,0.027
EOF4,-9.0,23.0,0.002028074814006686,0.027
EOF4,-9.0,23.5,0.0019299379782751203,0.027
EOF4,-9.0,24.0,0.001836512004956603,0.027
EOF4,-9.0,24.5,0.0016284490702673793,0.027
EOF4,-9.0,25.0,0.0010954554891213775,0.027
EOF4,-9.0,25.5,0.0005602791788987815,0.027
EOF4,-9.0,26.0,0.0001823195634642616,0.027
EOF4,-9.0,26.5,4.740407894132659e-05,0.027
EOF4,-9.0,27.0,-0.0003566705563571304,0.027
EOF4,-9.0,27.5,-0.0007893081055954099,0.027
EOF4,-9.0,28.0,-0.0015602022176608443,0.027
EOF4,-9.0,28.5,-0.0027312987949699163,0.027
EOF4,-9.0,29.0,-0.004748480394482613,0.027
EOF4,-9.0,29.5,-0.006736329756677151,0.027
EOF4,-9.0,30.0,-0.008673411794006824,0.027
EOF4,-9.0,30.5,-0.006920244544744492,0.027
EOF4,-9.0,31.0,-0.0051156203262507915,0.027
EOF4,-9.0,31.5,-0.0032690337393432856,0.027
EOF4,-9.0,32.0,-0.002265538787469268,0.027
EOF4,-9.0,32.5,-0.001307442900724709,0.027
EOF4,-9.0,33.0,-0.00031391173251904547,0.027
EOF4,-9.0,33.5,0.00045196275459602475,0.027
EOF4,-9.0,34.0,-0.0005674564163200557,0.027
EOF4,-9.0,34.5,-0.0030056789983063936,0.027
EOF4,-8.5,0.5,0.015755023807287216,0.027
EOF4,-8.5,1.0,0.013753674924373627,0.027
EOF4,-8.5,1.5,0.011773857288062572,0.027
EOF4,-8.5,2.0,0.01089099794626236,0.027
EOF4,-8.5,2.5,0.01165176834911108,0.027
EOF4,-8.5,3.0,0.012421890161931515,0.027
EOF4,-8.5,3.5,0.013017253950238228,0.027
EOF4,-8.5,4.0,0.012745033949613571,0.027
EOF4,-8.5,4.5,0.012875331565737724,0.027
EOF4,-8.5,5.0,0.013265854679048061,0.027
EOF4,-8.5,5.5,0.013652972877025604,0.027
EOF4,-8.5,6.0,0.01341223530471325,0.027
EOF4,-8.5,6.5,0.012969511561095715,0.027
EOF4,-8.5,7.0,0.01252049021422863,0.027
EOF4,-8.5,7.5,0.012630937620997429,0.027
EOF4,-8.5,8.0,0.013018830679357052,0.027
EOF4,-8.5,8.5,0.01482788659632206,0.027
EOF4,-8.5,9.0,0.01662350818514824,0.027
EOF4,-8.5,9.5,0.017409782856702805,0.027
EOF4,-8.5,10.0,0.015225746668875217,0.027
EOF4,-8.5,10.5,0.013057471252977848,0.027
EOF4,-8.5,11.0,0.010927612893283367,0.027
EOF4,-8.5,11.5,0.011746197007596493,0.027
EOF4,-8.5,12.0,0.011651699431240559,0.027
EOF4,-8.5,12.5,0.010355514474213123,0.027
EOF4,-8.5,13.0,0.00908661913126707,0.027
EOF4,-8.5,13.5,0.006528234574943781,0.027
EOF4,-8.5,14.0,0.008404274471104145,0.027
EOF4,-8.5,14.5,0.010214874520897865,0.027
EOF4,-8.5,15.0,0.011915541253983974,0.027
EOF4,-8.5,15.5,0.008814269676804543,0.027
EOF4,-8.5,16.0,0.0060631087981164455,0.027
EOF4,-8.5,16.5,0.0036319680511951447,0.027
EOF4,-8.5,17.0,0.0027873613871634007,0.027
EOF4,-8.5,17.5,0.0021623512730002403,0.027
EOF4,-8.5,18.0,0.0018646480748429894,0.027
EOF4,-8.5,18.5,0.0015757232904434204,0.027
EOF4,-8.5,19.0,0.0017178567359223962,0.027
EOF4,-8.5,19.5,0.0014945566654205322,0.027
EOF4,-8.5,20.0,0.0010170204332098365,0.027
EOF4,-8.5,20.5,0.0005376581102609634,0.027
EOF4,-8.5,21.0,0.0008569773635827005,0.027
EOF4,-8.5,21.5,0.0014456025091931224,0.027
EOF4,-8.5,22.0,0.002033679746091366,0.027
EOF4,-8.5,22.5,0.002156975446268916,0.027
EOF4,-8.5,23.0,0.0022365006152540445,0.027
EOF4,-8.5,23.5,0.002131317974999547,0.027
EOF4,-8.5,24.0,0.002037564991042018,0.027
EOF4,-8.5,24.5,0.0016264031874015927,0.027
EOF4,-8.5,25.0,0.0006737823132425547,0.027
EOF4,-8.5,25.5,0.00013672067143488675,0.027
EOF4,-8.5,26.0,-0.00040429996442981064,0.027
EOF4,-8.5,26.5,-0.0008846297860145569,0.027
EOF4,-8.5,27.0,-0.0013164470437914133,0.027
EOF4,-8.5,27.5,-0.001760240993462503,0.027
EOF4,-8.5,28.0,-0.0021237351465970278,0.027
EOF4,-8.5,28.5,-0.0016279099509119987,0.027
EOF4,-8.5,29.0,-0.0036801365204155445,0.027
EOF4,-8.5,29.5,-0.00570165179669857,0.027
EOF4,-8.5,30.0,-0.007684485521167517,0.027
EOF4,-8.5,30.5,-0.007064005360007286,0.027
EOF4,-8.5,31.0,-0.005241396836936474,0.027
EOF4,-8.5,31.5,-0.003373792627826333,0.027
EOF4,-8.5,32.0,-0.0017582291038706899,0.027
EOF4,-8.5,32.5,-0.0009049490327015519,0.027
EOF4,-8.5,33.0,0.00010190768080065027,0.027
EOF4,-8.5,33.5,0.0011521729175001383,0.027
EOF4,-8.5,34.0,0.00011332199210301042,0.027
EOF4,-8.5,34.5,-0.0026404622476547956,0.027
EOF4,-8.0,0.5,0.01640043780207634,0.027
EOF4,-8.0,1.0,0.014677993953227997,0.027
EOF4,-8.0,1.5,0.013243414461612701,0.027
EOF4,-8.0,2.0,0.01236226037144661,0.027
EOF4,-8.0,2.5,0.013126063160598278,0.027
EOF4,-8.0,3.0,0.013414849527180195,0.027
EOF4,-8.0,3.5,0.013543344102799892,0.027
EOF4,-8.0,4.0,0.013274189084768295,0.027
EOF4,-8.0,4.5,0.012612022459506989,0.027
EOF4,-8.0,5.0,0.012207617051899433,0.027
EOF4,-8.0,5.5,0.012597178108990192,0.027
EOF4,-8.0,6.0,0.012356866151094437,0.027
EOF4,-8.0,6.5,0.01210310123860836,0.027
EOF4,-8.0,7.0,0.012389109469950199,0.027
EOF4,-8.0,7.5,0.0126900440081954,0.027
EOF4,-8.0,8.0,0.01259654201567173,0.027
EOF4,-8.0,8.5,0.012504784390330315,0.027
EOF4,-8.0,9.0,0.013834870420396328,0.027
EOF4,-8.0,9.5,0.014626643620431423,0.027
EOF4,-8.0,10.0,0.012451466172933578,0.027
EOF4,-8.0,10.5,0.01038710679858923,0.027
EOF4,-8.0,11.0,0.008367360569536686,0.027
EOF4,-8.0,11.5,0.009207732044160366,0.027
EOF4,-8.0,12.0,0.012784468941390514,0.027
EOF4,-8.0,12.5,0.015028288587927818,0.027
EOF4,-8.0,13.0,0.013727685436606407,0.027
EOF4,-8.0,13.5,0.011020329780876637,0.027
EOF4,-8.0,14.0,0.008069521747529507,0.027
EOF4,-8.0,14.5,0.007566321175545454,0.027
EOF4,-8.0,15.0,0.00925526861101389,0.027
EOF4,-8.0,15.5,0.006439194083213806,0.027
EOF4,-8.0,16.0,0.004711808171123266,0.027
EOF4,-8.0,16.5,0.003850821638479829,0.027
EOF4,-8.0,17.0,0.003008858533576131,0.027
EOF4,-8.0,17.5,0.0020671638194471598,0.027
EOF4,-8.0,18.0,0.0011543029686436057,0.027
EOF4,-8.0,18.5,0.0008776847389526665,0.027
EOF4,-8.0,19.0,0.001016437541693449,0.027
EOF4,-8.0,19.5,0.0015803620917722583,0.027
EOF4,-8.0,20.0,0.0018878458067774773,0.027
EOF4,-8.0,20.5,0.001402864116244018,0.027
EOF4,-8.0,21.0,0.0017222596798092127,0.027
EOF4,-8.0,21.5,0.0021578518208116293,0.027
EOF4,-8.0,22.0,0.0021253861486911774,0.027
EOF4,-8.0,22.5,0.0021000076085329056,0.027
EOF4,-8.0,23.0,0.0022403004113584757,0.027
EOF4,-8.0,23.5,0.002372458577156067,0.027
EOF4,-8.0,24.0,0.00233226059935987,0.027
EOF4,-8.0,24.5,0.0019131533335894346,0.027
EOF4,-8.0,25.0,0.0005366214900277555,0.027
EOF4,-8.0,25.5,-0.0008225417695939541,0.027
EOF4,-8.0,26.0,-0.0013739546993747354,0.027
EOF4,-8.0,26.5,-0.0018631399143487215,0.027
EOF4,-8.0,27.0,-0.0023125556763261557,0.027
EOF4,-8.0,27.5,-0.0025773458182811737,0.027
EOF4,-8.0,28.0,-0.002840018831193447,0.027
EOF4,-8.0,28.5,-0.0023533422499895096,0.027
EOF4,-8.0,29.0,-0.0015819394029676914,0.027
EOF4,-8.0,29.5,-0.0022316505201160908,0.027
EOF4,-8.0,30.0,-0.004302521236240864,0.027
EOF4,-8.0,30.5,-0.004046798218041658,0.027
EOF4,-8.0,31.0,-0.0037728387396782637,0.027
EOF4,-8.0,31.5,-0.0022604044061154127,0.027
EOF4,-8.0,32.0,-0.0006032843375578523,0.027
EOF4,-8.0,32.5,0.00014263903722167015,0.027
EOF4,-8.0,33.0,0.0009020025609061122,0.027
EOF4,-8.0,33.5,0.0019663653802126646,0.027
EOF4,-8.0,34.0,0.0009340790566056967,0.027
EOF4,-8.0,34.5,-0.0022060133051127195,0.027
EOF4,-7.5,0.5,0.017573023214936256,0.027
EOF4,-7.5,1.0,0.016137463971972466,0.027
EOF4,-7.5,1.5,0.014700613915920258,0.027
EOF4,-7.5,2.0,0.013663509860634804,0.027
EOF4,-7.5,2.5,0.013800257816910744,0.027
EOF4,-7.5,3.0,0.013922177255153656,0.027
EOF4,-7.5,3.5,0.014050984755158424,0.027
EOF4,-7.5,4.0,0.01377824880182743,0.027
EOF4,-7.5,4.5,0.013110127300024033,0.027
EOF4,-7.5,5.0,0.012446954846382141,0.027
EOF4,-7.5,5.5,0.011791455559432507,0.027
EOF4,-7.5,6.0,0.011848807334899902,0.027
EOF4,-7.5,6.5,0.012147290632128716,0.027
EOF4,-7.5,7.0,0.012441247701644897,0.027
EOF4,-7.5,7.5,0.012728657573461533,0.027
EOF4,-7.5,8.0,0.012639589607715607,0.027
EOF4,-7.5,8.5,0.012552600353956223,0.027
EOF4,-7.5,9.0,0.012461190111935139,0.027
EOF4,-7.5,9.5,0.011896414682269096,0.027
EOF4,-7.5,10.0,0.009859769605100155,0.027
EOF4,-7.5,10.5,0.00783570483326912,0.027
EOF4,-7.5,11.0,0.00583991315215826,0.027
EOF4,-7.5,11.5,0.0067162467166781425,0.027
EOF4,-7.5,12.0,0.010332806035876274,0.027
EOF4,-7.5,12.5,0.01376663614064455,0.027
EOF4,-7.5,13.0,0.017056027427315712,0.027
EOF4,-7.5,13.5,0.015381062403321266,0.027
EOF4,-7.5,14.0,0.012321854941546917,0.027
EOF4,-7.5,14.5,0.009477661922574043,0.027
EOF4,-7.5,15.0,0.006851906422525644,0.027
EOF4,-7.5,15.5,0.005861455108970404,0.027
EOF4,-7.5,16.0,0.00494939461350441,0.027
EOF4,-7.5,16.5,0.004084800370037556,0.027
EOF4,-7.5,17.0,0.0032351661939173937,0.027
EOF4,-7.5,17.5,0.0023003332316875458,0.027
EOF4,-7.5,18.0,0.001380370114929974,0.027
EOF4,-7.5,18.5,0.00048421151586808264,0.027
EOF4,-7.5,19.0,0.00032084790291264653,0.027
EOF4,-7.5,19.5,0.0008858773508109152,0.027
EOF4,-7.5,20.0,0.0014458695659413934,0.027
EOF4,-7.5,20.5,0.002015928039327264,0.027
EOF4,-7.5,21.0,0.002135946648195386,0.027
EOF4,-7.5,21.5,0.002105986699461937,0.027
EOF4,-7.5,22.0,0.0020756309386342764,0.027
EOF4,-7.5,22.5,0.0020489240996539593,0.027
EOF4,-7.5,23.0,0.002181526506319642,0.027
EOF4,-7.5,23.5,0.0023244486656039953,0.027
EOF4,-7.5,24.0,0.002459792885929346,0.027
EOF4,-7.5,24.5,0.0022123337257653475,0.027
EOF4,-7.5,25.0,0.0008356302860192955,0.027
EOF4,-7.5,25.5,-0.0005478159291669726,0.027
EOF4,-7.5,26.0,-0.0019299763953313231,0.027
EOF4,-7.5,26.5,-0.002736839232966304,0.027
EOF4,-7.5,27.0,-0.0030012698844075203,0.027
EOF4,-7.5,27.5,-0.0032593414653092623,0.027
EOF4,-7.5,28.0,-0.003518674522638321,0.027
EOF4,-7.5,28.5,-0.0030535380356013775,0.027
EOF4,-7.5,29.0,-0.002320167375728488,0.027
EOF4,-7.5,29.5,-0.001540284720249474,0.027
EOF4,-7.5,30.0,-0.0007418461609631777,0.027
EOF4,-7.5,30.5,-0.00045525358291342854,0.027
EOF4,-7.5,31.0,-0.00015161975170485675,0.027
EOF4,-7.5,31.5,0.00015561447071377188,0.027
EOF4,-7.5,32.0,0.0005907420418225229,0.027
EOF4,-7.5,32.5,0.0013520079664885998,0.027
EOF4,-7.5,33.0,0.0021470149513334036,0.027
EOF4,-7.5,33.5,0.002941044745966792,0.027
EOF4,-7.5,34.0,0.0017505311407148838,0.027
EOF4,-7.5,34.5,-0.0014108809409663081,0.027
EOF4,-7.0,0.5,0.015317307785153389,0.027
EOF4,-7.0,1.0,0.013892137445509434,0.027
EOF4,-7.0,1.5,0.012688839808106422,0.027
EOF4,-7.0,2.0,0.011885483749210835,0.027
EOF4,-7.0,2.5,0.012015028856694698,0.027
EOF4,-7.0,3.0,0.012151235714554787,0.027
EOF4,-7.0,3.5,0.012113099917769432,0.027
EOF4,-7.0,4.0,0.011753554455935955,0.027
EOF4,-7.0,4.5,0.01109839603304863,0.027
EOF4,-7.0,5.0,0.010438460856676102,0.027
EOF4,-7.0,5.5,0.0097219692543149,0.027
EOF4,-7.0,6.0,0.009778980165719986,0.027
EOF4,-7.0,6.5,0.010084361769258976,0.027
EOF4,-7.0,7.0,0.010759311728179455,0.027
EOF4,-7.0,7.5,0.011790666729211807,0.027
EOF4,-7.0,8.0,0.011710479855537415,0.027
EOF4,-7.0,8.5,0.011619221419095993,0.027
EOF4,-7.0,9.0,0.010901921428740025,0.027
EOF4,-7.0,9.5,0.009950811043381691,0.027
EOF4,-7.0,10.0,0.008958755061030388,0.027
EOF4,-7.0,10.5,0.007205538917332888,0.027
EOF4,-7.0,11.0,0.005226834211498499,0.027
EOF4,-7.0,11.5,0.006108014844357967,0.027
EOF4,-7.0,12.0,0.009728589095175266,0.027
EOF4,-7.0,12.5,0.014637251384556293,0.027
EOF4,-7.0,13.0,0.02315833978354931,0.027
EOF4,-7.0,13.5,0.022587234154343605,0.027
EOF4,-7.0,14.0,0.019406333565711975,0.027
EOF4,-7.0,14.5,0.013925543986260891,0.027
EOF4,-7.0,15.0,0.006152177695184946,0.027
EOF4,-7.0,15.5,0.00697677955031395,0.027
EOF4,-7.0,16.0,0.0069173788651824,0.027
EOF4,-7.0,16.5,0.005998510401695967,0.027
EOF4,-7.0,17.0,0.005103263538330793,0.027
EOF4,-7.0,17.5,0.0041448213160037994,0.027
EOF4,-7.0,18.0,0.003202812047675252,0.027
EOF4,-7.0,18.5,0.0010917367180809379,0.027
EOF4,-7.0,19.0,0.0003139581240247935,0.027
EOF4,-7.0,19.5,0.0008880888926796615,0.027
EOF4,-7.0,20.0,0.0012651063734665513,0.027
EOF4,-7.0,20.5,0.0010975482873618603,0.027
EOF4,-7.0,21.0,0.0018457049736753106,0.027
EOF4,-7.0,21.5,0.0026390794664621353,0.027
EOF4,-7.0,22.0,0.0026077895890921354,0.027
EOF4,-7.0,22.5,0.0025827623903751373,0.027
EOF4,-7.0,23.0,0.00271732360124588,0.027
EOF4,-7.0,23.5,0.002851266646757722,0.027
EOF4,-7.0,24.0,0.003047693520784378,0.027
EOF4,-7.0,24.5,0.002908168826252222,0.027
EOF4,-7.0,25.0,0.0016707404283806682,0.027
EOF4,-7.0,25.5,0.00032539767562411726,0.027
EOF4,-7.0,26.0,-0.0010485093807801604,0.027
EOF4,-7.0,26.5,-0.0018693293677642941,0.027
EOF4,-7.0,27.0,-0.002123096492141485,0.027
EOF4,-7.0,27.5,-0.0024227953981608152,0.027
EOF4,-7.0,28.0,-0.0028312187641859055,0.027
EOF4,-7.0,28.5,-0.002395553281530738,0.027
EOF4,-7.0,29.0,-0.001634791842661798,0.027
EOF4,-7.0,29.5,-0.0009321718825958669,0.027
EOF4,-7.0,30.0,-0.0003094366693403572,0.027
EOF4,-7.0,30.5,-0.00165214529260993,0.027
EOF4,-7.0,31.0,-0.002194135682657361,0.027
EOF4,-7.0,31.5,-0.0019117358606308699,0.027
EOF4,-7.0,32.0,-0.0015014345990493894,0.027
EOF4,-7.0,32.5,-0.0007588355801999569,0.027
EOF4,-7.0,33.0,1.0686963832995389e-05,0.027
EOF4,-7.0,33.5,0.003200748236849904,0.027
EOF4,-7.0,34.0,0.00323634035885334,0.027
EOF4,-7.0,34.5,2.9694858312723227e-05,0.027
EOF4,-6.5,0.5,0.013140350580215454,0.027
EOF4,-6.5,1.0,0.012015890330076218,0.027
EOF4,-6.5,1.5,0.010905029252171516,0.027
EOF4,-6.5,2.0,0.010111535899341106,0.027
EOF4,-6.5,2.5,0.010165492072701454,0.027
EOF4,-6.5,3.0,0.010117230005562305,0.027
EOF4,-6.5,3.5,0.010076255537569523,0.027
EOF4,-6.5,4.0,0.009730346500873566,0.027
EOF4,-6.5,4.5,0.009049243293702602,0.027
EOF4,-6.5,5.0,0.008345584385097027,0.027
EOF4,-6.5,5.5,0.007640080526471138,0.027
EOF4,-6.5,6.0,0.007707752753049135,0.027
EOF4,-6.5,6.5,0.008756726048886776,0.027
EOF4,-6.5,7.0,0.009804241359233856,0.027
EOF4,-6.5,7.5,0.01085010264068842,0.027
EOF4,-6.5,8.0,0.010548868216574192,0.027
EOF4,-6.5,8.5,0.009616231545805931,0.027
EOF4,-6.5,9.0,0.008675347082316875,0.027
EOF4,-6.5,9.5,0.007746556308120489,0.027
EOF4,-6.5,10.0,0.006765485275536776,0.027
EOF4,-6.5,10.5,0.005817335098981857,0.027
EOF4,-6.5,11.0,0.004606336820870638,0.027
EOF4,-6.5,11.5,0.005505303852260113,0.027
EOF4,-6.5,12.0,0.01365100871771574,0.027
EOF4,-6.5,12.5,0.022230133414268494,0.027
EOF4,-6.5,13.0,0.029771853238344193,0.027
EOF4,-6.5,13.5,0.02891545742750168,0.027
EOF4,-6.5,14.0,0.020902268588542938,0.027
EOF4,-6.5,14.5,0.013055054470896721,0.027
EOF4,-6.5,15.0,0.005464258603751659,0.027
EOF4,-6.5,15.5,0.006283937953412533,0.027
EOF4,-6.5,16.0,0.007107967045158148,0.027
EOF4,-6.5,16.5,0.007892278954386711,0.027
EOF4,-6.5,17.0,0.006964231375604868,0.027
EOF4,-6.5,17.5,0.005376461893320084,0.027
EOF4,-6.5,18.0,0.0032208694610744715,0.027
EOF4,-6.5,18.5,0.0010921440552920103,0.027
EOF4,-6.5,19.0,0.00031841552117839456,0.027
EOF4,-6.5,19.5,0.00033685981179587543,0.027
EOF4,-6.5,20.0,0.00017428507271688432,0.027
EOF4,-6.5,20.5,1.8127158909919672e-05,0.027
EOF4,-6.5,21.0,0.0007536000921390951,0.027
EOF4,-6.5,21.5,0.0018080184236168861,0.027
EOF4,-6.5,22.0,0.0028657307848334312,0.027
EOF4,-6.5,22.5,0.003111096564680338,0.027
EOF4,-6.5,23.0,0.00326486025005579,0.027
EOF4,-6.5,23.5,0.0034874381963163614,0.027
EOF4,-6.5,24.0,0.003713986836373806,0.027
EOF4,-6.5,24.5,0.0035777667071670294,0.027
EOF4,-6.5,25.0,0.0023271157406270504,0.027
EOF4,-6.5,25.5,0.0010924118105322123,0.027
EOF4,-6.5,26.0,-0.00016814300033729523,0.027
EOF4,-6.5,26.5,-0.0009865594329312444,0.027
EOF4,-6.5,27.0,-0.0013489886187016964,0.027
EOF4,-6.5,27.5,-0.001762922154739499,0.027
EOF4,-6.5,28.0,-0.00217313040047884,0.027
EOF4,-6.5,28.5,-0.001720170839689672,0.027
EOF4,-6.5,29.0,-0.001128752832300961,0.027
EOF4,-6.5,29.5,-0.0005179145373404026,0.027
EOF4,-6.5,30.0,0.00010450380796100944,0.027
EOF4,-6.5,30.5,-0.0012143806088715792,0.027
EOF4,-6.5,31.0,-0.0025686747394502163,0.027
EOF4,-6.5,31.5,-0.003929371479898691,0.027
EOF4,-6.5,32.0,-0.0035626585595309734,0.027
EOF4,-6.5,32.5,-0.0016938761109486222,0.027
EOF4,-6.5,33.0,0.0014312000712379813,0.027
EOF4,-6.5,33.5,0.004692970775067806,0.027
EOF4,-6.5,34.0,0.004733371082693338,0.027
EOF4,-6.5,34.5,-0.0004409817047417164,0.027
EOF4,-6.0,0.5,0.011426866985857487,0.027
EOF4,-6.0,1.0,0.010316929779946804,0.027
EOF4,-6.0,1.5,0.009214034304022789,0.027
EOF4,-6.0,2.0,0.00833590142428875,0.027
EOF4,-6.0,2.5,0.008222974836826324,0.027
EOF4,-6.0,3.0,0.008187325671315193,0.027
EOF4,-6.0,3.5,0.00815169420093298,0.027
EOF4,-6.0,4.0,0.007938451133668423,0.027
EOF4,-6.0,4.5,0.007336382754147053,0.027
EOF4,-6.0,5.0,0.006630529649555683,0.027
EOF4,-6.0,5.5,0.005940317641943693,0.027
EOF4,-6.0,6.0,0.006567667704075575,0.027
EOF4,-6.0,6.5,0.007622050121426582,0.027
EOF4,-6.0,7.0,0.008667783811688423,0.027
EOF4,-6.0,7.5,0.009620433673262596,0.027
EOF4,-6.0,8.0,0.009160187095403671,0.027
EOF4,-6.0,8.5,0.008223451673984528,0.027
EOF4,-6.0,9.0,0.0073072887025773525,0.027
EOF4,-6.0,9.5,0.00679938355460763,0.027
EOF4,-6.0,10.0,0.006666805129498243,0.027
EOF4,-6.0,10.5,0.005713523831218481,0.027
EOF4,-6.0,11.0,0.004773634951561689,0.027
EOF4,-6.0,11.5,0.009336298331618309,0.027
EOF4,-6.0,12.0,0.01846645213663578,0.027
EOF4,-6.0,12.5,0.02647075615823269,0.027
EOF4,-6.0,13.0,0.02966446243226528,0.027
EOF4,-6.0,13.5,0.02802501618862152,0.027
EOF4,-6.0,14.0,0.020184922963380814,0.027
EOF4,-6.0,14.5,0.012498771771788597,0.027
EOF4,-6.0,15.0,0.005042309407144785,0.027
EOF4,-6.0,15.5,0.004124456085264683,0.027
EOF4,-6.0,16.0,0.004980327095836401,0.027
EOF4,-6.0,16.5,0.0058074393309652805,0.027
EOF4,-6.0,17.0,0.005853765178471804,0.027
EOF4,-6.0,17.5,0.0036762901581823826,0.027
EOF4,-6.0,18.0,0.0015245003160089254,0.027
EOF4,-6.0,18.5,-0.00015585565415676683,0.027
EOF4,-6.0,19.0,-0.0004189494939055294,0.027
EOF4,-6.0,19.5,-0.0005789528368040919,0.027
EOF4,-6.0,20.0,-0.0007404519128613174,0.027
EOF4,-6.0,20.5,-0.0003239703073631972,0.027
EOF4,-6.0,21.0,4.3719514906115364e-06,0.027
EOF4,-6.0,21.5,0.0010383013868704438,0.027
EOF4,-6.0,22.0,0.00209163804538548,0.027
EOF4,-6.0,22.5,0.0031381789594888687,0.027
EOF4,-6.0,23.0,0.003373154904693365,0.027
EOF4,-6.0,23.5,0.0036018395330756903,0.027
EOF4,-6.0,24.0,0.0038255511317402124,0.027
EOF4,-6.0,24.5,0.003957417327910662,0.027
EOF4,-6.0,25.0,0.002713253488764167,0.027
EOF4,-6.0,25.5,0.0014723135391250253,0.027
EOF4,-6.0,26.0,0.0003438648709561676,0.027
EOF4,-6.0,26.5,-9.165691881207749e-05,0.027
EOF4,-6.0,27.0,-0.0004080583748873323,0.027
EOF4,-6.0,27.5,-0.000818221946246922,0.027
EOF4,-6.0,28.0,-0.00122921634465456,0.027
EOF4,-6.0,28.5,-0.0015406255843117833,0.027
EOF4,-6.0,29.0,-0.000960949866566807,0.027
EOF4,-6.0,29.5,-0.0003606663958635181,0.027
EOF4,-6.0,30.0,0.0002592284290585667,0.027
EOF4,-6.0,30.5,-0.0010358748259022832,0.027
EOF4,-6.0,31.0,-0.002364237094298005,0.027
EOF4,-6.0,31.5,-0.0036992309615015984,0.027
EOF4,-6.0,32.0,-0.0035592203494161367,0.027
EOF4,-6.0,32.5,-0.002253912156447768,0.027
EOF4,-6.0,33.0,0.0008716872544027865,0.027
EOF4,-6.0,33.5,0.004149217624217272,0.027
EOF4,-6.0,34.0,0.002858101623132825,0.027
EOF4,-6.0,34.5,-0.002951567294076085,0.027
EOF4,-5.5,0.5,0.008736911229789257,0.027
EOF4,-5.5,1.0,0.00848660059273243,0.027
EOF4,-5.5,1.5,0.007590754423290491,0.027
EOF4,-5.5,2.0,0.006721176207065582,0.027
EOF4,-5.5,2.5,0.006529099307954311,0.027
EOF4,-5.5,3.0,0.0063369725830852985,0.027
EOF4,-5.5,3.5,0.006307197734713554,0.027
EOF4,-5.5,4.0,0.006110024638473988,0.027
EOF4,-5.5,4.5,0.0057536098174750805,0.027
EOF4,-5.5,5.0,0.005314106587320566,0.027
EOF4,-5.5,5.5,0.004625315312296152,0.027
EOF4,-5.5,6.0,0.005247742403298616,0.027
EOF4,-5.5,6.5,0.006268375553190708,0.027
EOF4,-5.5,7.0,0.007203374058008194,0.027
EOF4,-5.5,7.5,0.008128907531499863,0.027
EOF4,-5.5,8.0,0.007832667790353298,0.027
EOF4,-5.5,8.5,0.007530731149017811,0.027
EOF4,-5.5,9.0,0.0067704482935369015,0.027
EOF4,-5.5,9.5,0.006266935262829065,0.027
EOF4,-5.5,10.0,0.006976744160056114,0.027
EOF4,-5.5,10.5,0.007666260004043579,0.027
EOF4,-5.5,11.0,0.006722465623170137,0.027
EOF4,-5.5,11.5,0.011212700977921486,0.027
EOF4,-5.5,12.0,0.02013283595442772,0.027
EOF4,-5.5,12.5,0.019789986312389374,0.027
EOF4,-5.5,13.0,0.01942981593310833,0.027
EOF4,-5.5,13.5,0.018170470371842384,0.027
EOF4,-5.5,14.0,0.0166937243193388,0.027
EOF4,-5.5,14.5,0.012233573943376541,0.027
EOF4,-5.5,15.0,0.004899888765066862,0.027
EOF4,-5.5,15.5,0.003421020694077015,0.027
EOF4,-5.5,16.0,0.001993854297325015,0.027
EOF4,-5.5,16.5,0.0023086124565452337,0.027
EOF4,-5.5,17.0,0.002409284468740225,0.027
EOF4,-5.5,17.5,0.0002528567856643349,0.027
EOF4,-5.5,18.0,-0.000552469224203378,0.027
EOF4,-5.5,18.5,-0.000902462808880955,0.027
EOF4,-5.5,19.0,-0.0011606496991589665,0.027
EOF4,-5.5,19.5,-0.001310079824179411,0.027
EOF4,-5.5,20.0,-0.0003304262936580926,0.027
EOF4,-5.5,20.5,0.0006480362499132752,0.027
EOF4,-5.5,21.0,0.0009793920908123255,0.027
EOF4,-5.5,21.5,0.0010818770388141274,0.027
EOF4,-5.5,22.0,0.001662120339460671,0.027
EOF4,-5.5,22.5,0.0027096776757389307,0.027
EOF4,-5.5,23.0,0.0029269210062921047,0.027
EOF4,-5.5,23.5,0.003342080395668745,0.027
EOF4,-5.5,24.0,0.0039331442676484585,0.027
EOF4,-5.5,24.5,0.004069967661052942,0.027
EOF4,-5.5,25.0,0.0028197928331792355,0.027
EOF4,-5.5,25.5,0.001881214091554284,0.027
EOF4,-5.5,26.0,0.0010436663869768381,0.027
EOF4,-5.5,26.5,0.0006071691168472171,0.027
EOF4,-5.5,27.0,0.0005819273646920919,0.027
EOF4,-5.5,27.5,0.00046297640074044466,0.027
EOF4,-5.5,28.0,4.282701775082387e-05,0.027
EOF4,-5.5,28.5,-0.00028768207994289696,0.027
EOF4,-5.5,29.0,-0.000582084059715271,0.027
EOF4,-5.5,29.5,-0.0004318102728575468,0.027
EOF4,-5.5,30.0,0.00016714123194105923,0.027
EOF4,-5.5,30.5,-0.001107589341700077,0.027
EOF4,-5.5,31.0,-0.0015645936364308,0.027
EOF4,-5.5,31.5,-0.0011732603888958693,0.027
EOF4,-5.5,32.0,-0.0009547368972562253,0.027
EOF4,-5.5,32.5,-0.0013304827734827995,0.027
EOF4,-5.5,33.0,-0.0016884638462215662,0.027
EOF4,-5.5,33.5,0.001515791635029018,0.027
EOF4,-5.5,34.0,0.0002145016915164888,0.027
EOF4,-5.5,34.5,-0.005588683299720287,0.027
EOF4,-5.0,0.5,0.00587426358833909,0.027
EOF4,-5.0,1.0,0.005618665367364883,0.027
EOF4,-5.0,1.5,0.005357144400477409,0.027
EOF4,-5.0,2.0,0.005123041104525328,0.027
EOF4,-5.0,2.5,0.004937447607517242,0.027
EOF4,-5.0,3.0,0.00474261911585927,0.027
EOF4,-5.0,3.5,0.004559148568660021,0.027
EOF4,-5.0,4.0,0.004287210293114185,0.027
EOF4,-5.0,4.5,0.003930503502488136,0.027
EOF4,-5.0,5.0,0.0035780887119472027,0.027
EOF4,-5.0,5.5,0.0032244916073977947,0.027
EOF4,-5.0,6.0,0.003843630664050579,0.027
EOF4,-5.0,6.5,0.004772153217345476,0.027
EOF4,-5.0,7.0,0.0057005975395441055,0.027
EOF4,-5.0,7.5,0.00662741344422102,0.027
EOF4,-5.0,8.0,0.006342798005789518,0.027
EOF4,-5.0,8.5,0.006060343235731125,0.027
EOF4,-5.0,9.0,0.005770509131252766,0.027
EOF4,-5.0,9.5,0.00574558274820447,0.027
EOF4,-5.0,10.0,0.006456844508647919,0.027
EOF4,-5.0,10.5,0.007159429136663675,0.027
EOF4,-5.0,11.0,0.007844464853405952,0.027
EOF4,-5.0,11.5,0.008372357115149498,0.027
EOF4,-5.0,12.0,0.008645957335829735,0.027
EOF4,-5.0,12.5,0.008883529342710972,0.027
EOF4,-5.0,13.0,0.00908689759671688,0.027
EOF4,-5.0,13.5,0.008183598518371582,0.027
EOF4,-5.0,14.0,0.006979871075600386,0.027
EOF4,-5.0,14.5,0.005839933175593615,0.027
EOF4,-5.0,15.0,0.004739577416330576,0.027
EOF4,-5.0,15.5,0.0032969689927995205,0.027
EOF4,-5.0,16.0,0.001894548418931663,0.027
EOF4,-5.0,16.5,0.0005182948661968112,0.027
EOF4,-5.0,17.0,-0.0005790928844362497,0.027
EOF4,-5.0,17.5,-0.0009431258076801896,0.027
EOF4,-5.0,18.0,-0.0012915977276861668,0.027
EOF4,-5.0,18.5,-0.001641145907342434,0.027
EOF4,-5.0,19.0,-0.0013278796104714274,0.027
EOF4,-5.0,19.5,-0.0003394657978788018,0.027
EOF4,-5.0,20.0,0.0006459797732532024,0.027
EOF4,-5.0,20.5,0.001620739814825356,0.027
EOF4,-5.0,21.0,0.001950866193510592,0.027
EOF4,-5.0,21.5,0.0020512042101472616,0.027
EOF4,-5.0,22.0,0.0021680875215679407,0.027
EOF4,-5.0,22.5,0.0022774399258196354,0.027
EOF4,-5.0,23.0,0.0028529162518680096,0.027
EOF4,-5.0,23.5,0.003445698879659176,0.027
EOF4,-5.0,24.0,0.004041419364511967,0.027
EOF4,-5.0,24.5,0.0042800214141607285,0.027
EOF4,-5.0,25.0,0.003432392841205001,0.027
EOF4,-5.0,25.5,0.002584800822660327,0.027
EOF4,-5.0,26.0,0.0017431217711418867,0.027
EOF4,-5.0,26.5,0.0013143683318048716,0.027
EOF4,-5.0,27.0,0.0013007086236029863,0.027
EOF4,-5.0,27.5,0.0012827500468119979,0.027
EOF4,-5.0,28.0,0.0012646396644413471,0.027
EOF4,-5.0,28.5,0.0010168083244934678,0.027
EOF4,-5.0,29.0,0.0006986284861341119,0.027
EOF4,-5.0,29.5,0.0003855513932649046,0.027
EOF4,-5.0,30.0,8.555568638257682e-05,0.027
EOF4,-5.0,30.5,0.0004981496022082865,0.027
EOF4,-5.0,31.0,0.0009367516613565385,0.027
EOF4,-5.0,31.5,0.0014115656958892941,0.027
EOF4,-5.0,32.0,0.0016862776828929782,0.027
EOF4,-5.0,32.5,0.0013607231667265296,0.027
EOF4,-5.0,33.0,0.0010225883452221751,0.027
EOF4,-5.0,33.5,0.000667733489535749,0.027
EOF4,-5.0,34.0,-0.0023839485365897417,0.027
EOF4,-5.0,34.5,-0.008073598146438599,0.027
EOF4,-4.5,0.5,0.005245810374617577,0.027
EOF4,-4.5,1.0,0.004986952058970928,0.027
EOF4,-4.5,1.5,0.004857487045228481,0.027
EOF4,-4.5,2.0,0.00478946091607213,0.027
EOF4,-4.5,2.5,0.004767390433698893,0.027
EOF4,-4.5,3.0,0.004618543200194836,0.027
EOF4,-4.5,3.5,0.004436245188117027,0.027
EOF4,-4.5,4.0,0.004158201161772013,0.027
EOF4,-4.5,4.5,0.0038067814894020557,0.027
EOF4,-4.5,5.0,0.0035812421701848507,0.027
EOF4,-4.5,5.5,0.0037191109731793404,0.027
EOF4,-4.5,6.0,0.003645441960543394,0.027
EOF4,-4.5,6.5,0.00376852392219007,0.027
EOF4,-4.5,7.0,0.0046966648660600185,0.027
EOF4,-4.5,7.5,0.0056144301779568195,0.027
EOF4,-4.5,8.0,0.00533792469650507,0.027
EOF4,-4.5,8.5,0.005055673886090517,0.027
EOF4,-4.5,9.0,0.00516247283667326,0.027
EOF4,-4.5,9.5,0.0055008563213050365,0.027
EOF4,-4.5,10.0,0.006215599365532398,0.027
EOF4,-4.5,10.5,0.006913722492754459,0.027
EOF4,-4.5,11.0,0.007384754251688719,0.027
EOF4,-4.5,11.5,0.006716407369822264,0.027
EOF4,-4.5,12.0,0.0050907558761537075,0.027
EOF4,-4.5,12.5,0.0054959822446107864,0.027
EOF4,-4.5,13.0,0.005865607876330614,0.027
EOF4,-4.5,13.5,0.0050986409187316895,0.027
EOF4,-4.5,14.0,0.00401013670489192,0.027
EOF4,-4.5,14.5,0.0035253814421594143,0.027
EOF4,-4.5,15.0,0.003570502856746316,0.027
EOF4,-4.5,15.5,0.002151695778593421,0.027
EOF4,-4.5,16.0,0.0007562498212791979,0.027
EOF4,-4.5,16.5,-0.0004358247679192573,0.027
EOF4,-4.5,17.0,-0.0011282823979854584,0.027
EOF4,-4.5,17.5,-0.0005957444082014263,0.027
EOF4,-4.5,18.0,-0.0007407334051094949,0.027
EOF4,-4.5,18.5,-0.0010901554487645626,0.027
EOF4,-4.5,19.0,-0.0007706931210123003,0.027
EOF4,-4.5,19.5,0.00021712110901717097,0.027
EOF4,-4.5,20.0,0.0011614743852987885,0.027
EOF4,-4.5,20.5,0.0019804134499281645,0.027
EOF4,-4.5,21.0,0.002264305716380477,0.027
EOF4,-4.5,21.5,0.002374452305957675,0.027
EOF4,-4.5,22.0,0.0024448425974696875,0.027
EOF4,-4.5,22.5,0.0024858168326318264,0.027
EOF4,-4.5,23.0,0.0032852317672222853,0.027
EOF4,-4.5,23.5,0.003989050630480051,0.027
EOF4,-4.5,24.0,0.0045904070138931274,0.027
EOF4,-4.5,24.5,0.004831143654882908,0.027
EOF4,-4.5,25.0,0.003979782108217478,0.027
EOF4,-4.5,25.5,0.0031379421707242727,0.027
EOF4,-4.5,26.0,0.0029713334515690804,0.027
EOF4,-4.5,26.5,0.0025634465273469687,0.027
EOF4,-4.5,27.0,0.0018967562355101109,0.027
EOF4,-4.5,27.5,0.00189357774797827,0.027
EOF4,-4.5,28.0,0.0018778819357976317,0.027
EOF4,-4.5,28.5,0.0016284555895254016,0.027
EOF4,-4.5,29.0,0.0013061832869425416,0.027
EOF4,-4.5,29.5,0.0011067972518503666,0.027
EOF4,-4.5,30.0,0.001035700086504221,0.027
EOF4,-4.5,30.5,0.0014864405384287238,0.027
EOF4,-4.5,31.0,0.001958746463060379,0.027
EOF4,-4.5,31.5,0.0014586843317374587,0.027
EOF4,-4.5,32.0,0.00046409849892370403,0.027
EOF4,-4.5,32.5,-0.0009346220176666975,0.027
EOF4,-4.5,33.0,-0.0015698120696470141,0.027
EOF4,-4.5,33.5,-0.001961617963388562,0.027
EOF4,-4.5,34.0,-0.003288141218945384,0.027
EOF4,-4.5,34.5,-0.005577660631388426,0.027
EOF4,-4.0,0.5,0.004676935728639364,0.027
EOF4,-4.0,1.0,0.004589342977851629,0.027
EOF4,-4.0,1.5,0.00449251476675272,0.027
EOF4,-4.0,2.0,0.004430448170751333,0.027
EOF4,-4.0,2.5,0.004393325187265873,0.027
EOF4,-4.0,3.0,0.004372605122625828,0.027
EOF4,-4.0,3.5,0.004311555530875921,0.027
EOF4,-4.0,4.0,0.004047101829200983,0.027
EOF4,-4.0,4.5,0.004061354789882898,0.027
EOF4,-4.0,5.0,0.004190949257463217,0.027
EOF4,-4.0,5.5,0.004334626719355583,0.027
EOF4,-4.0,6.0,0.004263393115252256,0.027
EOF4,-4.0,6.5,0.0041124033741652966,0.027
EOF4,-4.0,7.0,0.0039655487053096294,0.027
EOF4,-4.0,7.5,0.004605643451213837,0.027
EOF4,-4.0,8.0,0.0044708396308124065,0.027
EOF4,-4.0,8.5,0.004698587581515312,0.027
EOF4,-4.0,9.0,0.004914611577987671,0.027
EOF4,-4.0,9.5,0.005262716207653284,0.027
EOF4,-4.0,10.0,0.0058898902498185635,0.027
EOF4,-4.0,10.5,0.006393298506736755,0.027
EOF4,-4.0,11.0,0.006851729471236467,0.027
EOF4,-4.0,11.5,0.0062356856651604176,0.027
EOF4,-4.0,12.0,0.004684457089751959,0.027
EOF4,-4.0,12.5,0.0032750058453530073,0.027
EOF4,-4.0,13.0,0.002876863582059741,0.027
EOF4,-4.0,13.5,0.0022307129111140966,0.027
EOF4,-4.0,14.0,0.002289558295160532,0.027
EOF4,-4.0,14.5,0.002350960858166218,0.027
EOF4,-4.0,15.0,0.0024022951256483793,0.027
EOF4,-4.0,15.5,0.0010530910221859813,0.027
EOF4,-4.0,16.0,-9.036606206791475e-05,0.027
EOF4,-4.0,16.5,-0.0012090780073776841,0.027
EOF4,-4.0,17.0,-0.0018922033486887813,0.027
EOF4,-4.0,17.5,-0.0013539334759116173,0.027
EOF4,-4.0,18.0,-0.0008304560906253755,0.027
EOF4,-4.0,18.5,-0.0005295632872730494,0.027
EOF4,-4.0,19.0,-0.0002113764057867229,0.027
EOF4,-4.0,19.5,0.000649131543468684,0.027
EOF4,-4.0,20.0,0.001474960707128048,0.027
EOF4,-4.0,20.5,0.002299116924405098,0.027
EOF4,-4.0,21.0,0.0025861908216029406,0.027
EOF4,-4.0,21.5,0.00261840783059597,0.027
EOF4,-4.0,22.0,0.0026568265166133642,0.027
EOF4,-4.0,22.5,0.00269721494987607,0.027
EOF4,-4.0,23.0,0.0035027791745960712,0.027
EOF4,-4.0,23.5,0.004314555320888758,0.027
EOF4,-4.0,24.0,0.005136656109243631,0.027
EOF4,-4.0,24.5,0.005386372096836567,0.027
EOF4,-4.0,25.0,0.0048788259737193584,0.027
EOF4,-4.0,25.5,0.0047187358140945435,0.027
EOF4,-4.0,26.0,0.004566994495689869,0.027
EOF4,-4.0,26.5,0.0041582961566746235,0.027
EOF4,-4.0,27.0,0.0035026331897825003,0.027
EOF4,-4.0,27.5,0.0028291610069572926,0.027
EOF4,-4.0,28.0,0.0024961368180811405,0.027
EOF4,-4.0,28.5,0.0022401108872145414,0.027
EOF4,-4.0,29.0,0.002156981499865651,0.027
EOF4,-4.0,29.5,0.0020716004073619843,0.027
EOF4,-4.0,30.0,0.001990786986425519,0.027
EOF4,-4.0,30.5,0.002151373540982604,0.027
EOF4,-4.0,31.0,0.0013474082807078958,0.027
EOF4,-4.0,31.5,0.0004971948219463229,0.027
EOF4,-4.0,32.0,-0.0005061256233602762,0.027
EOF4,-4.0,32.5,-0.0018872878281399608,0.027
EOF4,-4.0,33.0,-0.0033065255265682936,0.027
EOF4,-4.0,33.5,-0.004488587845116854,0.027
EOF4,-4.0,34.0,-0.005813993513584137,0.027
EOF4,-4.0,34.5,-0.008028997108340263,0.027
EOF4,-3.5,0.5,0.0041931807063519955,0.027
EOF4,-3.5,1.0,0.004104796331375837,0.027
EOF4,-3.5,1.5,0.004014469217509031,0.027
EOF4,-3.5,2.0,0.004206017125397921,0.027
EOF4,-3.5,2.5,0.004267314914613962,0.027
EOF4,-3.5,3.0,0.004241580609232187,0.027
EOF4,-3.5,3.5,0.004216235131025314,0.027
EOF4,-3.5,4.0,0.004278297536075115,0.027
EOF4,-3.5,4.5,0.004411365836858749,0.027
EOF4,-3.5,5.0,0.004551611840724945,0.027
EOF4,-3.5,5.5,0.0046816132962703705,0.027
EOF4,-3.5,6.0,0.004590360447764397,0.027
EOF4,-3.5,6.5,0.004450657870620489,0.027
EOF4,-3.5,7.0,0.004306058865040541,0.027
EOF4,-3.5,7.5,0.004191707819700241,0.027
EOF4,-3.5,8.0,0.004424246493726969,0.027
EOF4,-3.5,8.5,0.004639338701963425,0.027
EOF4,-3.5,9.0,0.004864304792135954,0.027
EOF4,-3.5,9.5,0.004800956230610609,0.027
EOF4,-3.5,10.0,0.00514633534476161,0.027
EOF4,-3.5,10.5,0.0056403507478535175,0.027
EOF4,-3.5,11.0,0.006104166153818369,0.027
EOF4,-3.5,11.5,0.005550419446080923,0.027
EOF4,-3.5,12.0,0.004103397484868765,0.027
EOF4,-3.5,12.5,0.0027829096652567387,0.027
EOF4,-3.5,13.0,0.0016070377314463258,0.027
EOF4,-3.5,13.5,0.0012505940394476056,0.027
EOF4,-3.5,14.0,0.0013216971419751644,0.027
EOF4,-3.5,14.5,0.0013831864343956113,0.027
EOF4,-3.5,15.0,0.001452176016755402,0.027
EOF4,-3.5,15.5,0.0011462687980383635,0.027
EOF4,-3.5,16.0,4.682085545937298e-06,0.027
EOF4,-3.5,16.5,-0.001121716108173132,0.027
EOF4,-3.5,17.0,-0.0018050824292004108,0.027
EOF4,-3.5,17.5,-0.0012714243493974209,0.027
EOF4,-3.5,18.0,-0.0007429179386235774,0.027
EOF4,-3.5,18.5,-0.0002079714322462678,0.027
EOF4,-3.5,19.0,0.0003309119783807546,0.027
EOF4,-3.5,19.5,0.0010901815257966518,0.027
EOF4,-3.5,20.0,0.0019177586073055863,0.027
EOF4,-3.5,20.5,0.002744853962212801,0.027
EOF4,-3.5,21.0,0.00263151153922081,0.027
EOF4,-3.5,21.5,0.002665271982550621,0.027
EOF4,-3.5,22.0,0.002698293887078762,0.027
EOF4,-3.5,22.5,0.0027375295758247375,0.027
EOF4,-3.5,23.0,0.0035536657087504864,0.027
EOF4,-3.5,23.5,0.00437605706974864,0.027
EOF4,-3.5,24.0,0.0052088787779212,0.027
EOF4,-3.5,24.5,0.005537203047424555,0.027
EOF4,-3.5,25.0,0.005375887267291546,0.027
EOF4,-3.5,25.5,0.005218573845922947,0.027
EOF4,-3.5,26.0,0.005120154935866594,0.027
EOF4,-3.5,26.5,0.004818635527044535,0.027
EOF4,-3.5,27.0,0.004162861965596676,0.027
EOF4,-3.5,27.5,0.0034936245065182447,0.027
EOF4,-3.5,28.0,0.003228169633075595,0.027
EOF4,-3.5,28.5,0.0035626760218292475,0.027
EOF4,-3.5,29.0,0.003466749330982566,0.027
EOF4,-3.5,29.5,0.003370939753949642,0.027
EOF4,-3.5,30.0,0.003276344621554017,0.027
EOF4,-3.5,30.5,0.002511810278519988,0.027
EOF4,-3.5,31.0,0.0017104513244703412,0.027
EOF4,-3.5,31.5,0.000865936279296875,0.027
EOF4,-3.5,32.0,-0.0014352424768730998,0.027
EOF4,-3.5,32.5,-0.0028287924360483885,0.027
EOF4,-3.5,33.0,-0.004238355439156294,0.027
EOF4,-3.5,33.5,-0.005209929775446653,0.027
EOF4,-3.5,34.0,-0.006103162188082933,0.027
EOF4,-3.5,34.5,-0.008275050669908524,0.027
EOF4,-3.0,0.5,0.0035907982382923365,0.027
EOF4,-3.0,1.0,0.003656335175037384,0.027
EOF4,-3.0,1.5,0.003848960855975747,0.027
EOF4,-3.0,2.0,0.004043471999466419,0.027
EOF4,-3.0,2.5,0.004198235459625721,0.027
EOF4,-3.0,3.0,0.00433952733874321,0.027
EOF4,-3.0,3.5,0.004319107159972191,0.027
EOF4,-3.0,4.0,0.004379210062325001,0.027
EOF4,-3.0,4.5,0.004512300714850426,0.027
EOF4,-3.0,5.0,0.004624224733561277,0.027
EOF4,-3.0,5.5,0.004746930208057165,0.027
EOF4,-3.0,6.0,0.004665907472372055,0.027
EOF4,-3.0,6.5,0.004534160252660513,0.027
EOF4,-3.0,7.0,0.004429880063980818,0.027
EOF4,-3.0,7.5,0.0043324064463377,0.027
EOF4,-3.0,8.0,0.004559664987027645,0.027
EOF4,-3.0,8.5,0.004601741209626198,0.027
EOF4,-3.0,9.0,0.004450991749763489,0.027
EOF4,-3.0,9.5,0.00439709285274148,0.027
EOF4,-3.0,10.0,0.004580114036798477,0.027
EOF4,-3.0,10.5,0.004742627497762442,0.027
EOF4,-3.0,11.0,0.005199170671403408,0.027
EOF4,-3.0,11.5,0.004715852905064821,0.027
EOF4,-3.0,12.0,0.0033850439358502626,0.027
EOF4,-3.0,12.5,0.002227716613560915,0.027
EOF4,-3.0,13.0,0.0011010103626176715,0.027
EOF4,-3.0,13.5,0.0007459016633220017,0.027
EOF4,-3.0,14.0,0.0006470793159678578,0.027
EOF4,-3.0,14.5,0.0006298221996985376,0.027
EOF4,-3.0,15.0,0.0006967654917389154,0.027
EOF4,-3.0,15.5,0.0006947109941393137,0.027
EOF4,-3.0,16.0,0.0006896277773194015,0.027
EOF4,-3.0,16.5,-0.00016336007684003562,0.027
EOF4,-3.0,17.0,-0.0008589727221988142,0.027
EOF4,-3.0,17.5,-0.0003326310543343425,0.027
EOF4,-3.0,18.0,0.00024384348944295198,0.027
EOF4,-3.0,18.5,0.0008322179201059043,0.027
EOF4,-3.0,19.0,0.0013761419104412198,0.027
EOF4,-3.0,19.5,0.0018917099805548787,0.027
EOF4,-3.0,20.0,0.0024881488643586636,0.027
EOF4,-3.0,20.5,0.0033293617889285088,0.027
EOF4,-3.0,21.0,0.003210560418665409,0.027
EOF4,-3.0,21.5,0.002773180603981018,0.027
EOF4,-3.0,22.0,0.0025690423790365458,0.027
EOF4,-3.0,22.5,0.0026123838033527136,0.027
EOF4,-3.0,23.0,0.0034335048403590918,0.027
EOF4,-3.0,23.5,0.004098096862435341,0.027
EOF4,-3.0,24.0,0.004586412105709314,0.027
EOF4,-3.0,24.5,0.004919718019664288,0.027
EOF4,-3.0,25.0,0.004757891874760389,0.027
EOF4,-3.0,25.5,0.0047606490552425385,0.027
EOF4,-3.0,26.0,0.004829233046621084,0.027
EOF4,-3.0,26.5,0.004530871286988258,0.027
EOF4,-3.0,27.0,0.003870036918669939,0.027
EOF4,-3.0,27.5,0.004001324530690908,0.027
EOF4,-3.0,28.0,0.00414625508710742,0.027
EOF4,-3.0,28.5,0.0044816043227910995,0.027
EOF4,-3.0,29.0,0.004873649682849646,0.027
EOF4,-3.0,29.5,0.005017643794417381,0.027
EOF4,-3.0,30.0,0.004901115782558918,0.027
EOF4,-3.0,30.5,0.004166546277701855,0.027
EOF4,-3.0,31.0,0.0025273116771131754,0.027
EOF4,-3.0,31.5,-3.8018661143723875e-05,0.027
EOF4,-3.0,32.0,-0.0023497948423027992,0.027
EOF4,-3.0,32.5,-0.0037281769327819347,0.027
EOF4,-3.0,33.0,-0.0038046652916818857,0.027
EOF4,-3.0,33.5,-0.00341615523211658,0.027
EOF4,-3.0,34.0,-0.004297771956771612,0.027
EOF4,-3.0,34.5,-0.006448084954172373,0.027
EOF4,-2.5,0.5,0.0033006740268319845,0.027
EOF4,-2.5,1.0,0.0034951837733387947,0.027
EOF4,-2.5,1.5,0.0036888145841658115,0.027
EOF4,-2.5,2.0,0.00389250204898417,0.027
EOF4,-2.5,2.5,0.00403418205678463,0.027
EOF4,-2.5,3.0,0.004189848899841309,0.027
EOF4,-2.5,3.5,0.004334467463195324,0.027
EOF4,-2.5,4.0,0.004463480785489082,0.027
EOF4,-2.5,4.5,0.004580786917358637,0.027
EOF4,-2.5,5.0,0.004705261439085007,0.027
EOF4,-2.5,5.5,0.0048126340843737125,0.027
EOF4,-2.5,6.0,0.004764186684042215,0.027
EOF4,-2.5,6.5,0.004663851577788591,0.027
EOF4,-2.5,7.0,0.004568404518067837,0.027
EOF4,-2.5,7.5,0.004461995325982571,0.027
EOF4,-2.5,8.0,0.004335269797593355,0.027
EOF4,-2.5,8.5,0.004196097608655691,0.027
EOF4,-2.5,9.0,0.0040779439732432365,0.027
EOF4,-2.5,9.5,0.004021193832159042,0.027
EOF4,-2.5,10.0,0.0042187003418803215,0.027
EOF4,-2.5,10.5,0.004400347825139761,0.027
EOF4,-2.5,11.0,0.004551246762275696,0.027
EOF4,-2.5,11.5,0.0040295361541211605,0.027
EOF4,-2.5,12.0,0.002860679989680648,0.027
EOF4,-2.5,12.5,0.001718339161016047,0.027
EOF4,-2.5,13.0,0.0005979679408483207,0.027
EOF4,-2.5,13.5,0.00024396480876021087,0.027
EOF4,-2.5,14.0,0.0001439975603716448,0.027
EOF4,-2.5,14.5,4.4827233068645e-05,0.027
EOF4,-2.5,15.0,-6.342252163449302e-05,0.027
EOF4,-2.5,15.5,-4.972307215211913e-05,0.027
EOF4,-2.5,16.0,-4.692232687375508e-05,0.027
EOF4,-2.5,16.5,-4.277268089936115e-05,0.027
EOF4,-2.5,17.0,0.00010722398292273283,0.027
EOF4,-2.5,17.5,0.0007028008112683892,0.027
EOF4,-2.5,18.0,0.0012981790350750089,0.027
EOF4,-2.5,18.5,0.0018822429701685905,0.027
EOF4,-2.5,19.0,0.0024275153409689665,0.027
EOF4,-2.5,19.5,0.0029543270356953144,0.027
EOF4,-2.5,20.0,0.0034741803538054228,0.027
EOF4,-2.5,20.5,0.003998935222625732,0.027
EOF4,-2.5,21.0,0.003801114857196808,0.027
EOF4,-2.5,21.5,0.003357330337166786,0.027
EOF4,-2.5,22.0,0.002912848489359021,0.027
EOF4,-2.5,22.5,0.0024715217296034098,0.027
EOF4,-2.5,23.0,0.0029635492246598005,0.027
EOF4,-2.5,23.5,0.003452158300206065,0.027
EOF4,-2.5,24.0,0.003951204940676689,0.027
EOF4,-2.5,24.5,0.004340429324656725,0.027
EOF4,-2.5,25.0,0.00440593995153904,0.027
EOF4,-2.5,25.5,0.0044666170142591,0.027
EOF4,-2.5,26.0,0.0045247687958180904,0.027
EOF4,-2.5,26.5,0.004632021766155958,0.027
EOF4,-2.5,27.0,0.004764863755553961,0.027
EOF4,-2.5,27.5,0.004901590291410685,0.027
EOF4,-2.5,28.0,0.005041730590164661,0.027
EOF4,-2.5,28.5,0.005376105196774006,0.027
EOF4,-2.5,29.0,0.005770236719399691,0.027
EOF4,-2.5,29.5,0.006163586862385273,0.027
EOF4,-2.5,30.0,0.006550495978444815,0.027
EOF4,-2.5,30.5,0.004137538373470306,0.027
EOF4,-2.5,31.0,0.001637512817978859,0.027
EOF4,-2.5,31.5,-0.0009252098388969898,0.027
EOF4,-2.5,32.0,-0.002811139216646552,0.027
EOF4,-2.5,32.5,-0.0024333405308425426,0.027
EOF4,-2.5,33.0,-0.0020559828262776136,0.027
EOF4,-2.5,33.5,-0.001677807536907494,0.027
EOF4,-2.5,34.0,-0.0039537930861115456,0.027
EOF4,-2.5,34.5,-0.009004206396639347,0.027
EOF4,-2.0,0.5,0.0030389325693249702,0.027
EOF4,-2.0,1.0,0.003235637443140149,0.027
EOF4,-2.0,1.5,0.0034127135295420885,0.027
EOF4,-2.0,2.0,0.0036214287392795086,0.027
EOF4,-2.0,2.5,0.0039310879074037075,0.027
EOF4,-2.0,3.0,0.00412595272064209,0.027
EOF4,-2.0,3.5,0.004272887017577887,0.027
EOF4,-2.0,4.0,0.0044035352766513824,0.027
EOF4,-2.0,4.5,0.004520069807767868,0.027
EOF4,-2.0,5.0,0.004614091943949461,0.027
EOF4,-2.0,5.5,0.0046392520889639854,0.027
EOF4,-2.0,6.0,0.004495257046073675,0.027
EOF4,-2.0,6.5,0.004310461692512035,0.027
EOF4,-2.0,7.0,0.004210636485368013,0.027
EOF4,-2.0,7.5,0.004111268557608128,0.027
EOF4,-2.0,8.0,0.004604383371770382,0.027
EOF4,-2.0,8.5,0.004777657333761454,0.027
EOF4,-2.0,9.0,0.004631204530596733,0.027
EOF4,-2.0,9.5,0.004578913561999798,0.027
EOF4,-2.0,10.0,0.004736544564366341,0.027
EOF4,-2.0,10.5,0.004878099076449871,0.027
EOF4,-2.0,11.0,0.004658304154872894,0.027
EOF4,-2.0,11.5,0.0038067756686359644,0.027
EOF4,-2.0,12.0,0.002323632361367345,0.027
EOF4,-2.0,12.5,0.001174030127003789,0.027
EOF4,-2.0,13.0,5.181716915103607e-05,0.027
EOF4,-2.0,13.5,-0.0002959360717795789,0.027
EOF4,-2.0,14.0,-0.00040382242877967656,0.027
EOF4,-2.0,14.5,-7.062733493512496e-05,0.027
EOF4,-2.0,15.0,0.0006753850029781461,0.027
EOF4,-2.0,15.5,0.0006712787435390055,0.027
EOF4,-2.0,16.0,0.0006665479158982635,0.027
EOF4,-2.0,16.5,0.0008167920168489218,0.027
EOF4,-2.0,17.0,0.001061024609953165,0.027
EOF4,-2.0,17.5,0.0014711117837578058,0.027
EOF4,-2.0,18.0,0.0020177629776299,0.027
EOF4,-2.0,18.5,0.0026040200609713793,0.027
EOF4,-2.0,19.0,0.003156085265800357,0.027
EOF4,-2.0,19.5,0.003686637617647648,0.027
EOF4,-2.0,20.0,0.003917625639587641,0.027
EOF4,-2.0,20.5,0.00326260132715106,0.027
EOF4,-2.0,21.0,0.0027682259678840637,0.027
EOF4,-2.0,21.5,0.002319876803085208,0.027
EOF4,-2.0,22.0,0.0016932537546381354,0.027
EOF4,-2.0,22.5,0.000886651745531708,0.027
EOF4,-2.0,23.0,0.001175817335024476,0.027
EOF4,-2.0,23.5,0.001564052770845592,0.027
EOF4,-2.0,24.0,0.002055973745882511,0.027
EOF4,-2.0,24.5,0.0025714070070534945,0.027
EOF4,-2.0,25.0,0.0031296636443585157,0.027
EOF4,-2.0,25.5,0.003322362434118986,0.027
EOF4,-2.0,26.0,0.0033815663773566484,0.027
EOF4,-2.0,26.5,0.0034860798623412848,0.027
EOF4,-2.0,27.0,0.003630470484495163,0.027
EOF4,-2.0,27.5,0.0037813368253409863,0.027
EOF4,-2.0,28.0,0.003984651993960142,0.027
EOF4,-2.0,28.5,0.00433795852586627,0.027
EOF4,-2.0,29.0,0.004736655857414007,0.027
EOF4,-2.0,29.5,0.00618961313739419,0.027
EOF4,-2.0,30.0,0.008678702637553215,0.027
EOF4,-2.0,30.5,0.006315541919320822,0.027
EOF4,-2.0,31.0,0.0037353155203163624,0.027
EOF4,-2.0,31.5,0.0010454267030581832,0.027
EOF4,-2.0,32.0,-0.0009189372067339718,0.027
EOF4,-2.0,32.5,-0.0005088663892820477,0.027
EOF4,-2.0,33.0,-0.0001265137834707275,0.027
EOF4,-2.0,33.5,-0.0021229907870292664,0.027
EOF4,-2.0,34.0,-0.004687128122895956,0.027
EOF4,-2.0,34.5,-0.008043190464377403,0.027
EOF4,-1.5,0.5,0.0027801760006695986,0.027
EOF4,-1.5,1.0,0.0029413686133921146,0.027
EOF4,-1.5,1.5,0.003106724936515093,0.027
EOF4,-1.5,2.0,0.0033071795478463173,0.027
EOF4,-1.5,2.5,0.00361679052002728,0.027
EOF4,-1.5,3.0,0.0039338343776762486,0.027
EOF4,-1.5,3.5,0.004210514947772026,0.027
EOF4,-1.5,4.0,0.00434538209810853,0.027
EOF4,-1.5,4.5,0.004398012068122625,0.027
EOF4,-1.5,5.0,0.004427510313689709,0.027
EOF4,-1.5,5.5,0.004457375966012478,0.027
EOF4,-1.5,6.0,0.0043084342032670975,0.027
EOF4,-1.5,6.5,0.004093023482710123,0.027
EOF4,-1.5,7.0,0.003884420497342944,0.027
EOF4,-1.5,7.5,0.003761492669582367,0.027
EOF4,-1.5,8.0,0.00426349276676774,0.027
EOF4,-1.5,8.5,0.004746209364384413,0.027
EOF4,-1.5,9.0,0.005191399250179529,0.027
EOF4,-1.5,9.5,0.005128230433911085,0.027
EOF4,-1.5,10.0,0.005056197755038738,0.027
EOF4,-1.5,10.5,0.004807654302567244,0.027
EOF4,-1.5,11.0,0.00458102859556675,0.027
EOF4,-1.5,11.5,0.0037316151428967714,0.027
EOF4,-1.5,12.0,0.0022593201138079166,0.027
EOF4,-1.5,12.5,0.0007929957355372608,0.027
EOF4,-1.5,13.0,-0.0004930339055135846,0.027
EOF4,-1.5,13.5,-0.0008463626727461815,0.027
EOF4,-1.5,14.0,-9.511260577710345e-05,0.027
EOF4,-1.5,14.5,0.0006670565926469862,0.027
EOF4,-1.5,15.0,0.0014170034555718303,0.027
EOF4,-1.5,15.5,0.001459168503060937,0.027
EOF4,-1.5,16.0,0.0016492159338667989,0.027
EOF4,-1.5,16.5,0.0018357104854658246,0.027
EOF4,-1.5,17.0,0.002066161250695586,0.027
EOF4,-1.5,17.5,0.0024801346007734537,0.027
EOF4,-1.5,18.0,0.0028835327830165625,0.027
EOF4,-1.5,18.5,0.0033408317249268293,0.027
EOF4,-1.5,19.0,0.003894074819982052,0.027
EOF4,-1.5,19.5,0.0035342636983841658,0.027
EOF4,-1.5,20.0,0.0028777476400136948,0.027
EOF4,-1.5,20.5,0.002219634596258402,0.027
EOF4,-1.5,21.0,0.001716475235298276,0.027
EOF4,-1.5,21.5,0.0009010449284687638,0.027
EOF4,-1.5,22.0,8.613501267973334e-05,0.027
EOF4,-1.5,22.5,-0.0007260135025717318,0.027
EOF4,-1.5,23.0,-0.00044191701454110444,0.027
EOF4,-1.5,23.5,-0.0001495385804446414,0.027
EOF4,-1.5,24.0,0.00013925427629146725,0.027
EOF4,-1.5,24.5,0.0006541521870531142,0.027
EOF4,-1.5,25.0,0.0012167688691988587,0.027
EOF4,-1.5,25.5,0.0017781922360882163,0.027
EOF4,-1.5,26.0,0.002220847876742482,0.027
EOF4,-1.5,26.5,0.002320830477401614,0.027
EOF4,-1.5,27.0,0.0024984856136143208,0.027
EOF4,-1.5,27.5,0.00269653694704175,0.027
EOF4,-1.5,28.0,0.0028902359772473574,0.027
EOF4,-1.5,28.5,0.003261325415223837,0.027
EOF4,-1.5,29.0,0.005801444873213768,0.027
EOF4,-1.5,29.5,0.008359232917428017,0.027
EOF4,-1.5,30.0,0.010916381143033504,0.027
EOF4,-1.5,30.5,0.008573932573199272,0.027
EOF4,-1.5,31.0,0.006024753674864769,0.027
EOF4,-1.5,31.5,0.0032871016301214695,0.027
EOF4,-1.5,32.0,0.0012223884696140885,0.027
EOF4,-1.5,32.5,0.00030633830465376377,0.027
EOF4,-1.5,33.0,-0.0017913153860718012,0.027
EOF4,-1.5,33.5,-0.0037015369161963463,0.027
EOF4,-1.5,34.0,-0.00620510708540678,0.027
EOF4,-1.5,34.5,-0.009540227241814137,0.027
EOF4,-1.0,0.5,0.0030031302012503147,0.027
EOF4,-1.0,1.0,0.0031658397056162357,0.027
EOF4,-1.0,1.5,0.00333109381608665,0.027
EOF4,-1.0,2.0,0.0035354604478925467,0.027
EOF4,-1.0,2.5,0.0038514521438628435,0.027
EOF4,-1.0,3.0,0.004158720374107361,0.027
EOF4,-1.0,3.5,0.004426142200827599,0.027
EOF4,-1.0,4.0,0.0046872966922819614,0.027
EOF4,-1.0,4.5,0.004793220199644566,0.027
EOF4,-1.0,5.0,0.004824366886168718,0.027
EOF4,-1.0,5.5,0.0048616607673466206,0.027
EOF4,-1.0,6.0,0.004701527301222086,0.027
EOF4,-1.0,6.5,0.004492256324738264,0.027
EOF4,-1.0,7.0,0.004273818340152502,0.027
EOF4,-1.0,7.5,0.004072639625519514,0.027
EOF4,-1.0,8.0,0.0054351408034563065,0.027
EOF4,-1.0,8.5,0.005889465566724539,0.027
EOF4,-1.0,9.0,0.006319886539131403,0.027
EOF4,-1.0,9.5,0.005857983138412237,0.027
EOF4,-1.0,10.0,0.004259767476469278,0.027
EOF4,-1.0,10.5,0.00405145063996315,0.027
EOF4,-1.0,11.0,0.0038674133829772472,0.027
EOF4,-1.0,11.5,0.003042116528376937,0.027
EOF4,-1.0,12.0,0.0015693750465288758,0.027
EOF4,-1.0,12.5,0.00011095274385297671,0.027
EOF4,-1.0,13.0,-0.0012190579436719418,0.027
EOF4,-1.0,13.5,-0.0006022327579557896,0.027
EOF4,-1.0,14.0,0.00015380179684143513,0.027
EOF4,-1.0,14.5,0.0009094240376725793,0.027
EOF4,-1.0,15.0,0.00165527721401304,0.027
EOF4,-1.0,15.5,0.0018514528637751937,0.027
EOF4,-1.0,16.0,0.0020331586711108685,0.027
EOF4,-1.0,16.5,0.002205552300438285,0.027
EOF4,-1.0,17.0,0.0019797144923359156,0.027
EOF4,-1.0,17.5,0.0023909301962703466,0.027
EOF4,-1.0,18.0,0.0027969637885689735,0.027
EOF4,-1.0,18.5,0.0030884789302945137,0.027
EOF4,-1.0,19.0,0.0037422131281346083,0.027
EOF4,-1.0,19.5,0.0035796163138002157,0.027
EOF4,-1.0,20.0,0.00292006297968328,0.027
EOF4,-1.0,20.5,0.002262777416035533,0.027
EOF4,-1.0,21.0,0.0011852729367092252,0.027
EOF4,-1.0,21.5,0.00036676108720712364,0.027
EOF4,-1.0,22.0,-0.00045209171366877854,0.027
EOF4,-1.0,22.5,-0.0012739287922158837,0.027
EOF4,-1.0,23.0,-0.0018700568471103907,0.027
EOF4,-1.0,23.5,-0.0015826631570234895,0.027
EOF4,-1.0,24.0,-0.0012941501336172223,0.027
EOF4,-1.0,24.5,-0.000942686980124563,0.027
EOF4,-1.0,25.0,-0.00037324771983549,0.027
EOF4,-1.0,25.5,0.00018827915482688695,0.027
EOF4,-1.0,26.0,0.0009159587207250297,0.027
EOF4,-1.0,26.5,0.0013646077131852508,0.027
EOF4,-1.0,27.0,0.0014318975154310465,0.027
EOF4,-1.0,27.5,0.0016151873860508204,0.027
EOF4,-1.0,28.0,0.001808739616535604,0.027
EOF4,-1.0,28.5,0.003770753974094987,0.027
EOF4,-1.0,29.0,0.006345362868160009,0.027
EOF4,-1.0,29.5,0.008923854678869247,0.027
EOF4,-1.0,30.0,0.010345302522182465,0.027
EOF4,-1.0,30.5,0.007954854518175125,0.027
EOF4,-1.0,31.0,0.0053618173114955425,0.027
EOF4,-1.0,31.5,0.0025859123561531305,0.027
EOF4,-1.0,32.0,0.002871622797101736,0.027
EOF4,-1.0,32.5,0.0004030589770991355,0.027
EOF4,-1.0,33.0,-0.0017082421109080315,0.027
EOF4,-1.0,33.5,-0.0036161134485155344,0.027
EOF4,-1.0,34.0,-0.006137033924460411,0.027
EOF4,-1.0,34.5,-0.00947661604732275,0.027
EOF4,-0.5,0.5,0.003858874086290598,0.027
EOF4,-0.5,1.0,0.003947711084038019,0.027
EOF4,-0.5,1.5,0.004095325246453285,0.027
EOF4,-0.5,2.0,0.004298780113458633,0.027
EOF4,-0.5,2.5,0.0046110600233078,0.027
EOF4,-0.5,3.0,0.004779410548508167,0.027
EOF4,-0.5,3.5,0.004921091720461845,0.027
EOF4,-0.5,4.0,0.0051699308678507805,0.027
EOF4,-0.5,4.5,0.005537326913326979,0.027
EOF4,-0.5,5.0,0.0058252145536243916,0.027
EOF4,-0.5,5.5,0.0058557214215397835,0.027
EOF4,-0.5,6.0,0.005697553511708975,0.027
EOF4,-0.5,6.5,0.0054659293964505196,0.027
EOF4,-0.5,7.0,0.005247690249234438,0.027
EOF4,-0.5,7.5,0.005038157571107149,0.027
EOF4,-0.5,8.0,0.0066878353245556355,0.027
EOF4,-0.5,8.5,0.008260773494839668,0.027
EOF4,-0.5,9.0,0.008912374265491962,0.027
EOF4,-0.5,9.5,0.008367909118533134,0.027
EOF4,-0.5,10.0,0.005326858256012201,0.027
EOF4,-0.5,10.5,0.0026417167391628027,0.027
EOF4,-0.5,11.0,0.002508562756702304,0.027
EOF4,-0.5,11.5,0.0017236163839697838,0.027
EOF4,-0.5,12.0,0.0002530239289626479,0.027
EOF4,-0.5,12.5,-0.0009685491677373648,0.027
EOF4,-0.5,13.0,-0.00217583985067904,0.027
EOF4,-0.5,13.5,-0.0015466903569176793,0.027
EOF4,-0.5,14.0,-0.00033180805621668696,0.027
EOF4,-0.5,14.5,0.0006444554310292006,0.027
EOF4,-0.5,15.0,0.0013867231318727136,0.027
EOF4,-0.5,15.5,0.001580220414325595,0.027
EOF4,-0.5,16.0,0.0014433942269533873,0.027
EOF4,-0.5,16.5,0.0009920245502144098,0.027
EOF4,-0.5,17.0,0.000762331357691437,0.027
EOF4,-0.5,17.5,0.0011805875692516565,0.027
EOF4,-0.5,18.0,0.001245197025127709,0.027
EOF4,-0.5,18.5,0.001211556256748736,0.027
EOF4,-0.5,19.0,0.0018634331645444036,0.027
EOF4,-0.5,19.5,0.0032103683333843946,0.027
EOF4,-0.5,20.0,0.004051500000059605,0.027
EOF4,-0.5,20.5,0.0033960631117224693,0.027
EOF4,-0.5,21.0,0.0023126360028982162,0.027
EOF4,-0.5,21.5,0.001096404972486198,0.027
EOF4,-0.5,22.0,8.219226583605632e-05,0.027
EOF4,-0.5,22.5,-0.0007415518048219383,0.027
EOF4,-0.5,23.0,-0.001637491979636252,0.027
EOF4,-0.5,23.5,-0.0025385201442986727,0.027
EOF4,-0.5,24.0,-0.002543657086789608,0.027
EOF4,-0.5,24.5,-0.00219145929440856,0.027
EOF4,-0.5,25.0,-0.0016237403033301234,0.027
EOF4,-0.5,25.5,-0.0005849639419466257,0.027
EOF4,-0.5,26.0,0.0006120949983596802,0.027
EOF4,-0.5,26.5,0.0010671629570424557,0.027
EOF4,-0.5,27.0,0.0007697530090808868,0.027
EOF4,-0.5,27.5,0.0005996928666718304,0.027
EOF4,-0.5,28.0,0.0007841492770239711,0.027
EOF4,-0.5,28.5,0.0027253744192421436,0.027
EOF4,-0.5,29.0,0.004877794999629259,0.027
EOF4,-0.5,29.5,0.005896402057260275,0.027
EOF4,-0.5,30.0,0.006912586744874716,0.027
EOF4,-0.5,30.5,0.0043957470916211605,0.027
EOF4,-0.5,31.0,0.003686908632516861,0.027
EOF4,-0.5,31.5,0.00500675942748785,0.027
EOF4,-0.5,32.0,0.005364465527236462,0.027
EOF4,-0.5,32.5,0.0026792751159518957,0.027
EOF4,-0.5,33.0,0.0001643890718696639,0.027
EOF4,-0.5,33.5,-0.0018754969350993633,0.027
EOF4,-0.5,34.0,-0.00446179136633873,0.027
EOF4,-0.5,34.5,-0.007823372259736061,0.027
EOF4,0.0,0.5,0.0047372328117489815,0.027
EOF4,0.0,1.0,0.004823146853595972,0.027
EOF4,0.0,1.5,0.004913329146802425,0.027
EOF4,0.0,2.0,0.005022780504077673,0.027
EOF4,0.0,2.5,0.005154935643076897,0.027
EOF4,0.0,3.0,0.005293343681842089,0.027
EOF4,0.0,3.5,0.0054229325614869595,0.027
EOF4,0.0,4.0,0.00566737400367856,0.027
EOF4,0.0,4.5,0.006039301864802837,0.027
EOF4,0.0,5.0,0.006406157277524471,0.027
EOF4,0.0,5.5,0.0067670620046556,0.027
EOF4,0.0,6.0,0.006681583356112242,0.027
EOF4,0.0,6.5,0.006464352831244469,0.027
EOF4,0.0,7.0,0.006242716684937477,0.027
EOF4,0.0,7.5,0.006019366905093193,0.027
EOF4,0.0,8.0,0.007650467567145824,0.027
EOF4,0.0,8.5,0.009202292189002037,0.027
EOF4,0.0,9.0,0.010684014298021793,0.027
EOF4,0.0,9.5,0.010888422839343548,0.027
EOF4,0.0,10.0,0.007692072540521622,0.027
EOF4,0.0,10.5,0.0048487489111721516,0.027
EOF4,0.0,11.0,0.002298457082360983,0.027
EOF4,0.0,11.5,0.0005175431142561138,0.027
EOF4,0.0,12.0,-0.0007046440150588751,0.027
EOF4,0.0,12.5,-0.0019193036714568734,0.027
EOF4,0.0,13.0,-0.003113488433882594,0.027
EOF4,0.0,13.5,-0.0024883004371076822,0.027
EOF4,0.0,14.0,-0.0012658799532800913,0.027
EOF4,0.0,14.5,-5.8650031860452145e-05,0.027
EOF4,0.0,15.0,0.0011230189120396972,0.027
EOF4,0.0,15.5,0.0006813069921918213,0.027
EOF4,0.0,16.0,0.00023058555962052196,0.027
EOF4,0.0,16.5,-0.00021981862664688379,0.027
EOF4,0.0,17.0,-0.00056268903426826,0.027
EOF4,0.0,17.5,-0.0006015312392264605,0.027
EOF4,0.0,18.0,-0.0006328593008220196,0.027
EOF4,0.0,18.5,-0.0006727045401930809,0.027
EOF4,0.0,19.0,-2.2813270334154367e-05,0.027
EOF4,0.0,19.5,0.001329548773355782,0.027
EOF4,0.0,20.0,0.0026838297490030527,0.027
EOF4,0.0,20.5,0.004047886002808809,0.027
EOF4,0.0,21.0,0.0034440625458955765,0.027
EOF4,0.0,21.5,0.002219838323071599,0.027
EOF4,0.0,22.0,0.0010015451116487384,0.027
EOF4,0.0,22.5,-0.00020750401017721742,0.027
EOF4,0.0,23.0,-0.0010976328048855066,0.027
EOF4,0.0,23.5,-0.002003871137276292,0.027
EOF4,0.0,24.0,-0.0029023648239672184,0.027
EOF4,0.0,24.5,-0.0032924790866672993,0.027
EOF4,0.0,25.0,-0.002092235255986452,0.027
EOF4,0.0,25.5,-0.000894347729627043,0.027
EOF4,0.0,26.0,0.0003033604589290917,0.027
EOF4,0.0,26.5,0.0007602844852954149,0.027
EOF4,0.0,27.0,0.00046631976147182286,0.027
EOF4,0.0,27.5,0.00017904308333527297,0.027
EOF4,0.0,28.0,-0.00010461435886099935,0.027
EOF4,0.0,28.5,0.0005552456714212894,0.027
EOF4,0.0,29.0,0.00152830989100039,0.027
EOF4,0.0,29.5,0.0025167374406009912,0.027
EOF4,0.0,30.0,0.003516313387081027,0.027
EOF4,0.0,30.5,0.0047130584716796875,0.027
EOF4,0.0,31.0,0.006011307239532471,0.027
EOF4,0.0,31.5,0.0073984479531645775,0.027
EOF4,0.0,32.0,0.0077986158430576324,0.027
EOF4,0.0,32.5,0.00506051629781723,0.027
EOF4,0.0,33.0,0.0024817390367388725,0.027
EOF4,0.0,33.5,6.55865587759763e-05,0.027
EOF4,0.0,34.0,-0.002433984074741602,0.027
EOF4,0.0,34.5,-0.005196008365601301,0.027
EOF4,0.5,0.5,0.006124959327280521,0.027
EOF4,0.5,1.0,0.0061943852342665195,0.027
EOF4,0.5,1.5,0.006288649048656225,0.027
EOF4,0.5,2.0,0.006422712001949549,0.027
EOF4,0.5,2.5,0.0066520473919808865,0.027
EOF4,0.5,3.0,0.006811564788222313,0.027
EOF4,0.5,3.5,0.006937115918844938,0.027
EOF4,0.5,4.0,0.007200615480542183,0.027
EOF4,0.5,4.5,0.0075648133642971516,0.027
EOF4,0.5,5.0,0.0078107682056725025,0.027
EOF4,0.5,5.5,0.007739441469311714,0.027
EOF4,0.5,6.0,0.00754786841571331,0.027
EOF4,0.5,6.5,0.007322696968913078,0.027
EOF4,0.5,7.0,0.0069162920117378235,0.027
EOF4,0.5,7.5,0.006349507719278336,0.027
EOF4,0.5,8.0,0.007975202985107899,0.027
EOF4,0.5,8.5,0.009537504985928535,0.027
EOF4,0.5,9.0,0.011110370047390461,0.027
EOF4,0.5,9.5,0.0113980146124959,0.027
EOF4,0.5,10.0,0.008154237642884254,0.027
EOF4,0.5,10.5,0.005273829214274883,0.027
EOF4,0.5,11.0,0.0020467687863856554,0.027
EOF4,0.5,11.5,0.00019078874902334064,0.027
EOF4,0.5,12.0,-0.0005322146462276578,0.027
EOF4,0.5,12.5,-0.001748891081660986,0.027
EOF4,0.5,13.0,-0.0029422075022011995,0.027
EOF4,0.5,13.5,-0.0023094508796930313,0.027
EOF4,0.5,14.0,-0.0010954778408631682,0.027
EOF4,0.5,14.5,2.4696579203009605e-05,0.027
EOF4,0.5,15.0,0.0010625442955642939,0.027
EOF4,0.5,15.5,0.0013102497905492783,0.027
EOF4,0.5,16.0,0.0012099958257749677,0.027
EOF4,0.5,16.5,0.0007559211226180196,0.027
EOF4,0.5,17.0,0.0004129773878958076,0.027
EOF4,0.5,17.5,0.000377616030164063,0.027
EOF4,0.5,18.0,0.0003315107023809105,0.027
EOF4,0.5,18.5,5.243264604359865e-05,0.027
EOF4,0.5,19.0,0.0005871037137694657,0.027
EOF4,0.5,19.5,0.0019315334502607584,0.027
EOF4,0.5,20.0,0.002866452792659402,0.027
EOF4,0.5,20.5,0.002558504929766059,0.027
EOF4,0.5,21.0,0.001573099521920085,0.027
EOF4,0.5,21.5,0.0003549011889845133,0.027
EOF4,0.5,22.0,-0.00024484770256094635,0.027
EOF4,0.5,22.5,-0.00023415949544869363,0.027
EOF4,0.5,23.0,-0.0011255961144343019,0.027
EOF4,0.5,23.5,-0.0020269558299332857,0.027
EOF4,0.5,24.0,-0.002527085831388831,0.027
EOF4,0.5,24.5,-0.0028059871401637793,0.027
EOF4,0.5,25.0,-0.002779813716188073,0.027
EOF4,0.5,25.5,-0.0018754582852125168,0.027
EOF4,0.5,26.0,-0.000671231362503022,0.027
EOF4,0.5,26.5,-0.000216648360947147,0.027
EOF4,0.5,27.0,-0.0005016117938794196,0.027
EOF4,0.5,27.5,-0.0005680334288626909,0.027
EOF4,0.5,28.0,4.845350485993549e-05,0.027
EOF4,0.5,28.5,0.000605602515861392,0.027
EOF4,0.5,29.0,0.0012438216945156455,0.027
EOF4,0.5,29.5,0.0022275263909250498,0.027
EOF4,0.5,30.0,0.003221437567844987,0.027
EOF4,0.5,30.5,0.0038299572188407183,0.027
EOF4,0.5,31.0,0.004750631283968687,0.027
EOF4,0.5,31.5,0.006036881823092699,0.027
EOF4,0.5,32.0,0.006393745541572571,0.027
EOF4,0.5,32.5,0.00380940199829638,0.027
EOF4,0.5,33.0,0.0013932608999311924,0.027
EOF4,0.5,33.5,-0.0010608594166114926,0.027
EOF4,0.5,34.0,-0.002369700465351343,0.027
EOF4,0.5,34.5,-0.002561277011409402,0.027
EOF4,1.0,0.5,0.007560942322015762,0.027
EOF4,1.0,1.0,0.007615472190082073,0.027
EOF4,1.0,1.5,0.0076871030032634735,0.027
EOF4,1.0,2.0,0.00781505648046732,0.027
EOF4,1.0,2.5,0.008042857050895691,0.027
EOF4,1.0,3.0,0.00827767699956894,0.027
EOF4,1.0,3.5,0.008475987240672112,0.027
EOF4,1.0,4.0,0.00873615499585867,0.027
EOF4,1.0,4.5,0.008765799924731255,0.027
EOF4,1.0,5.0,0.008680246770381927,0.027
EOF4,1.0,5.5,0.008606384508311749,0.027
EOF4,1.0,6.0,0.00841250829398632,0.027
EOF4,1.0,6.5,0.007831267081201077,0.027
EOF4,1.0,7.0,0.007250314112752676,0.027
EOF4,1.0,7.5,0.006675318814814091,0.027
EOF4,1.0,8.0,0.008340613916516304,0.027
EOF4,1.0,8.5,0.010031364858150482,0.027
EOF4,1.0,9.0,0.011617991141974926,0.027
EOF4,1.0,9.5,0.011883338913321495,0.027
EOF4,1.0,10.0,0.008235163986682892,0.027
EOF4,1.0,10.5,0.004646440036594868,0.027
EOF4,1.0,11.0,0.0014534401707351208,0.027
EOF4,1.0,11.5,-0.0003741483960766345,0.027
EOF4,1.0,12.0,-0.001094100414775312,0.027
EOF4,1.0,12.5,-0.0018095406703650951,0.027
EOF4,1.0,13.0,-0.0027575483545660973,0.027
EOF4,1.0,13.5,-0.0021363634150475264,0.027
EOF4,1.0,14.0,-0.0010630901670083404,0.027
EOF4,1.0,14.5,-1.9105458704871126e-05,0.027
EOF4,1.0,15.0,0.0009969486854970455,0.027
EOF4,1.0,15.5,0.0012419152772054076,0.027
EOF4,1.0,16.0,0.0014863561373203993,0.027
EOF4,1.0,16.5,0.0017209738725796342,0.027
EOF4,1.0,17.0,0.001387733849696815,0.027
EOF4,1.0,17.5,0.0012245821999385953,0.027
EOF4,1.0,18.0,0.0009496587445028126,0.027
EOF4,1.0,18.5,0.00067050353391096,0.027
EOF4,1.0,19.0,0.0011976577807217836,0.027
EOF4,1.0,19.5,0.001305922050960362,0.027
EOF4,1.0,20.0,0.0009971765102818608,0.027
EOF4,1.0,20.5,0.0006878726999275386,0.027
EOF4,1.0,21.0,-0.00029355622245930135,0.027
EOF4,1.0,21.5,-0.00028610145091079175,0.027
EOF4,1.0,22.0,-0.0002695423609111458,0.027
EOF4,1.0,22.5,-0.00026375887682661414,0.027
EOF4,1.0,23.0,-0.00101602787617594,0.027
EOF4,1.0,23.5,-0.0013853880809620023,0.027
EOF4,1.0,24.0,-0.0017531074117869139,0.027
EOF4,1.0,24.5,-0.0020216135308146477,0.027
EOF4,1.0,25.0,-0.0020052576437592506,0.027
EOF4,1.0,25.5,-0.0019728345796465874,0.027
EOF4,1.0,26.0,-0.0016516391187906265,0.027
EOF4,1.0,26.5,-0.0011976531241089106,0.027
EOF4,1.0,27.0,-0.0007988393772393465,0.027
EOF4,1.0,27.5,-0.00017592772201169282,0.027
EOF4,1.0,28.0,0.00044480274664238095,0.027
EOF4,1.0,28.5,0.001001799595542252,0.027
EOF4,1.0,29.0,0.0015355519717559218,0.027
EOF4,1.0,29.5,0.002064220607280731,0.027
EOF4,1.0,30.0,0.0029406670946627855,0.027
EOF4,1.0,30.5,0.0035397822503000498,0.027
EOF4,1.0,31.0,0.004154856316745281,0.027
EOF4,1.0,31.5,0.004774416796863079,0.027
EOF4,1.0,32.0,0.005091274157166481,0.027
EOF4,1.0,32.5,0.002637305995449424,0.027
EOF4,1.0,33.0,0.00017717300215736032,0.027
EOF4,1.0,33.5,-0.002267267554998398,0.027
EOF4,1.0,34.0,-0.003574787173420191,0.027
EOF4,1.0,34.5,-0.0037526306696236134,0.027
EOF4,1.5,0.5,0.008519708178937435,0.027
EOF4,1.5,1.0,0.008582727052271366,0.027
EOF4,1.5,1.5,0.008642779663205147,0.027
EOF4,1.5,2.0,0.008680216036736965,0.027
EOF4,1.5,2.5,0.008921395055949688,0.027
EOF4,1.5,3.0,0.009152904152870178,0.027
EOF4,1.5,3.5,0.009314071387052536,0.027
EOF4,1.5,4.0,0.008979233913123608,0.027
EOF4,1.5,4.5,0.008776972070336342,0.027
EOF4,1.5,5.0,0.008694954216480255,0.027
EOF4,1.5,5.5,0.008613549172878265,0.027
EOF4,1.5,6.0,0.00862466637045145,0.027
EOF4,1.5,6.5,0.008046050556004047,0.027
EOF4,1.5,7.0,0.007460057269781828,0.027
EOF4,1.5,7.5,0.00687011331319809,0.027
EOF4,1.5,8.0,0.007668285630643368,0.027
EOF4,1.5,8.5,0.00937996618449688,0.027
EOF4,1.5,9.0,0.011024494655430317,0.027
EOF4,1.5,9.5,0.011830409988760948,0.027
EOF4,1.5,10.0,0.009144383482635021,0.027
EOF4,1.5,10.5,0.0054743471555411816,0.027
EOF4,1.5,11.0,0.00221072300337255,0.027
EOF4,1.5,11.5,0.00034160600625909865,0.027
EOF4,1.5,12.0,-0.000392366957385093,0.027
EOF4,1.5,12.5,-0.001108956872485578,0.027
EOF4,1.5,13.0,-0.001530695823021233,0.027
EOF4,1.5,13.5,-0.00075581728015095,0.027
EOF4,1.5,14.0,0.0002905002038460225,0.027
EOF4,1.5,14.5,0.001320318435318768,0.027
EOF4,1.5,15.0,0.0016069900011643767,0.027
EOF4,1.5,15.5,0.0018436294049024582,0.027
EOF4,1.5,16.0,0.002085435437038541,0.027
EOF4,1.5,16.5,0.002317525679245591,0.027
EOF4,1.5,17.0,0.0013536057667806745,0.027
EOF4,1.5,17.5,0.0010379571467638016,0.027
EOF4,1.5,18.0,0.0007618484669364989,0.027
EOF4,1.5,18.5,0.00048423444968648255,0.027
EOF4,1.5,19.0,0.0005328278639353812,0.027
EOF4,1.5,19.5,0.00040396442636847496,0.027
EOF4,1.5,20.0,9.729070006869733e-05,0.027
EOF4,1.5,20.5,-0.0002116299292538315,0.027
EOF4,1.5,21.0,-0.00027870788471773267,0.027
EOF4,1.5,21.5,-0.00026529349270276725,0.027
EOF4,1.5,22.0,-0.00024169498647097498,0.027
EOF4,1.5,22.5,0.00010887542157433927,0.027
EOF4,1.5,23.0,-0.0003774132637772709,0.027
EOF4,1.5,23.5,-0.0007340768352150917,0.027
EOF4,1.5,24.0,-0.0011040335521101952,0.027
EOF4,1.5,24.5,-0.001377544249407947,0.027
EOF4,1.5,25.0,-0.0013501191278919578,0.027
EOF4,1.5,25.5,-0.0013225030852481723,0.027
EOF4,1.5,26.0,-0.0012689768336713314,0.027
EOF4,1.5,26.5,-0.0012489467626437545,0.027
EOF4,1.5,27.0,-0.0007960775401443243,0.027
EOF4,1.5,27.5,-0.00017049862071871758,0.027
EOF4,1.5,28.0,0.0004523485549725592,0.027
EOF4,1.5,28.5,0.001006965059787035,0.027
EOF4,1.5,29.0,0.0015373588539659977,0.027
EOF4,1.5,29.5,0.0020721626933664083,0.027
EOF4,1.5,30.0,0.003586932085454464,0.027
EOF4,1.5,30.5,0.004203327931463718,0.027
EOF4,1.5,31.0,0.004822722636163235,0.027
EOF4,1.5,31.5,0.005442469380795956,0.027
EOF4,1.5,32.0,0.0037424834445118904,0.027
EOF4,1.5,32.5,0.00030650728149339557,0.027
EOF4,1.5,33.0,-0.002130859764292836,0.027
EOF4,1.5,33.5,-0.004559820052236319,0.027
EOF4,1.5,34.0,-0.0058643752709031105,0.027
EOF4,1.5,34.5,-0.0060497368685901165,0.027
EOF4,2.0,0.5,0.009006310254335403,0.027
EOF4,2.0,1.0,0.009033603593707085,0.027
EOF4,2.0,1.5,0.009004436433315277,0.027
EOF4,2.0,2.0,0.009026855230331421,0.027
EOF4,2.0,2.5,0.009268435649573803,0.027
EOF4,2.0,3.0,0.009282083250582218,0.027
EOF4,2.0,3.5,0.009227576665580273,0.027
EOF4,2.0,4.0,0.008900050073862076,0.027
EOF4,2.0,4.5,0.008292268961668015,0.027
EOF4,2.0,5.0,0.007839224301278591,0.027
EOF4,2.0,5.5,0.007756117265671492,0.027
EOF4,2.0,6.0,0.007764243986457586,0.027
EOF4,2.0,6.5,0.007814246229827404,0.027
EOF4,2.0,7.0,0.007534574717283249,0.027
EOF4,2.0,7.5,0.006956603843718767,0.027
EOF4,2.0,8.0,0.007405685260891914,0.027
EOF4,2.0,8.5,0.007851781323552132,0.027
EOF4,2.0,9.0,0.00923670269548893,0.027
EOF4,2.0,9.5,0.010131299495697021,0.027
EOF4,2.0,10.0,0.008904213085770607,0.027
EOF4,2.0,10.5,0.007809555623680353,0.027
EOF4,2.0,11.0,0.004375747870653868,0.027
EOF4,2.0,11.5,0.002409769454970956,0.027
EOF4,2.0,12.0,0.001654860912822187,0.027
EOF4,2.0,12.5,0.001459025195799768,0.027
EOF4,2.0,13.0,0.0012783306883648038,0.027
EOF4,2.0,13.5,0.0020190926734358072,0.027
EOF4,2.0,14.0,0.002791103906929493,0.027
EOF4,2.0,14.5,0.0028302730061113834,0.027
EOF4,2.0,15.0,0.0028762591537088156,0.027
EOF4,2.0,15.5,0.003110666526481509,0.027
EOF4,2.0,16.0,0.0026395986787974834,0.027
EOF4,2.0,16.5,0.0014790293062105775,0.027
EOF4,2.0,17.0,0.0005287743988446891,0.027
EOF4,2.0,17.5,0.0001588382583577186,0.027
EOF4,2.0,18.0,-0.00020425106049515307,0.027
EOF4,2.0,18.5,-0.00048428165609948337,0.027
EOF4,2.0,19.0,-0.00042879226384684443,0.027
EOF4,2.0,19.5,-4.505015385802835e-05,0.027
EOF4,2.0,20.0,0.0001674078666837886,0.027
EOF4,2.0,20.5,-0.00014072409248910844,0.027
EOF4,2.0,21.0,-0.00020220821897964925,0.027
EOF4,2.0,21.5,-7.738284330116585e-05,0.027
EOF4,2.0,22.0,0.0003969542740378529,0.027
EOF4,2.0,22.5,0.0008554649539291859,0.027
EOF4,2.0,23.0,0.00033538605202920735,0.027
EOF4,2.0,23.5,-0.00019207978039048612,0.027
EOF4,2.0,24.0,-0.0005961584392935038,0.027
EOF4,2.0,24.5,-0.0008618059800937772,0.027
EOF4,2.0,25.0,-0.0008328351541422307,0.027
EOF4,2.0,25.5,-0.0007406295626424253,0.027
EOF4,2.0,26.0,-0.000618945574387908,0.027
EOF4,2.0,26.5,-0.0005920859985053539,0.027
EOF4,2.0,27.0,-0.0006625116220675409,0.027
EOF4,2.0,27.5,-0.0005525954184122384,0.027
EOF4,2.0,28.0,6.909436342539266e-05,0.027
EOF4,2.0,28.5,0.0006244016694836318,0.027
EOF4,2.0,29.0,0.00147697189822793,0.027
EOF4,2.0,29.5,0.0033268171828240156,0.027
EOF4,2.0,30.0,0.00521019147709012,0.027
EOF4,2.0,30.5,0.005847039632499218,0.027
EOF4,2.0,31.0,0.0057693119160830975,0.027
EOF4,2.0,31.5,0.0049867089837789536,0.027
EOF4,2.0,32.0,0.0032712621614336967,0.027
EOF4,2.0,32.5,-0.001148826559074223,0.027
EOF4,2.0,33.0,-0.005487882532179356,0.027
EOF4,2.0,33.5,-0.007893170230090618,0.027
EOF4,2.0,34.0,-0.009197475388646126,0.027
EOF4,2.0,34.5,-0.009403310716152191,0.027
EOF4,2.5,0.5,0.009398037567734718,0.027
EOF4,2.5,1.0,0.009369723498821259,0.027
EOF4,2.5,1.5,0.009346064180135727,0.027
EOF4,2.5,2.0,0.009308676235377789,0.027
EOF4,2.5,2.5,0.0092533640563488,0.027
EOF4,2.5,3.0,0.009194938465952873,0.027
EOF4,2.5,3.5,0.009134207852184772,0.027
EOF4,2.5,4.0,0.00880412571132183,0.027
EOF4,2.5,4.5,0.008213622495532036,0.027
EOF4,2.5,5.0,0.007605374325066805,0.027
EOF4,2.5,5.5,0.007007909938693047,0.027
EOF4,2.5,6.0,0.006904291920363903,0.027
EOF4,2.5,6.5,0.006941933650523424,0.027
EOF4,2.5,7.0,0.006985501851886511,0.027
EOF4,2.5,7.5,0.007020174991339445,0.027
EOF4,2.5,8.0,0.00748291565105319,0.027
EOF4,2.5,8.5,0.007934831082820892,0.027
EOF4,2.5,9.0,0.0083623006939888,0.027
EOF4,2.5,9.5,0.008373311720788479,0.027
EOF4,2.5,10.0,0.007243804633617401,0.027
EOF4,2.5,10.5,0.0062402100302278996,0.027
EOF4,2.5,11.0,0.0053490628488361835,0.027
EOF4,2.5,11.5,0.004799276124686003,0.027
EOF4,2.5,12.0,0.004551279358565807,0.027
EOF4,2.5,12.5,0.004313737154006958,0.027
EOF4,2.5,13.0,0.004080190323293209,0.027
EOF4,2.5,13.5,0.004059025086462498,0.027
EOF4,2.5,14.0,0.004088373854756355,0.027
EOF4,2.5,14.5,0.004119947552680969,0.027
EOF4,2.5,15.0,0.004152345471084118,0.027
EOF4,2.5,15.5,0.0029634719248861074,0.027
EOF4,2.5,16.0,0.0017949854955077171,0.027
EOF4,2.5,16.5,0.0006546977674588561,0.027
EOF4,2.5,17.0,-0.00027474062517285347,0.027
EOF4,2.5,17.5,-0.0006418909761123359,0.027
EOF4,2.5,18.0,-0.0010141057427972555,0.027
EOF4,2.5,18.5,-0.0013831217074766755,0.027
EOF4,2.5,19.0,-0.0013839754974469543,0.027
EOF4,2.5,19.5,-0.0010027323151007295,0.027
EOF4,2.5,20.0,-0.0006156387971714139,0.027
EOF4,2.5,20.5,-0.00023750914260745049,0.027
EOF4,2.5,21.0,0.0001976878847926855,0.027
EOF4,2.5,21.5,0.0006630771677009761,0.027
EOF4,2.5,22.0,0.0011287842644378543,0.027
EOF4,2.5,22.5,0.001591819222085178,0.027
EOF4,2.5,23.0,0.0010794132249429822,0.027
EOF4,2.5,23.5,0.0005627881619147956,0.027
EOF4,2.5,24.0,3.509169982862659e-05,0.027
EOF4,2.5,24.5,-0.0003292767214588821,0.027
EOF4,2.5,25.0,-0.000215988649870269,0.027
EOF4,2.5,25.5,-8.822892414173111e-05,0.027
EOF4,2.5,26.0,2.9350056138355285e-05,0.027
EOF4,2.5,26.5,6.129603571025655e-05,0.027
EOF4,2.5,27.0,-1.0074375495605636e-05,0.027
EOF4,2.5,27.5,-7.145495328586549e-05,0.027
EOF4,2.5,28.0,-0.0001391808909829706,0.027
EOF4,2.5,28.5,0.0012109645176678896,0.027
EOF4,2.5,29.0,0.0030607290100306273,0.027
EOF4,2.5,29.5,0.004944797605276108,0.027
EOF4,2.5,30.0,0.006863022223114967,0.027
EOF4,2.5,30.5,0.006099798250943422,0.027
EOF4,2.5,31.0,0.005312912166118622,0.027
EOF4,2.5,31.5,0.004530461970716715,0.027
EOF4,2.5,32.0,0.0028123201336711645,0.027
EOF4,2.5,32.5,-0.0016242486890405416,0.027
EOF4,2.5,33.0,-0.00597331952303648,0.027
EOF4,2.5,33.5,-0.010242688469588757,0.027
EOF4,2.5,34.0,-0.013622288592159748,0.027
EOF4,2.5,34.5,-0.01625499315559864,0.027
EOF4,3.0,0.5,0.008238909766077995,0.027
EOF4,3.0,1.0,0.008236595429480076,0.027
EOF4,3.0,1.5,0.008205966092646122,0.027
EOF4,3.0,2.0,0.008171997964382172,0.027
EOF4,3.0,2.5,0.00810667872428894,0.027
EOF4,3.0,3.0,0.008052163757383823,0.027
EOF4,3.0,3.5,0.007776848506182432,0.027
EOF4,3.0,4.0,0.007698834408074617,0.027
EOF4,3.0,4.5,0.00779741769656539,0.027
EOF4,3.0,5.0,0.0072049289010465145,0.027
EOF4,3.0,5.5,0.0066094049252569675,0.027
EOF4,3.0,6.0,0.006485454272478819,0.027
EOF4,3.0,6.5,0.0065416134893894196,0.027
EOF4,3.0,7.0,0.006511579267680645,0.027
EOF4,3.0,7.5,0.006412086077034473,0.027
EOF4,3.0,8.0,0.006878426298499107,0.027
EOF4,3.0,8.5,0.007336001843214035,0.027
EOF4,3.0,9.0,0.00796400848776102,0.027
EOF4,3.0,9.5,0.00817052461206913,0.027
EOF4,3.0,10.0,0.007068688981235027,0.027
EOF4,3.0,10.5,0.006093427538871765,0.027
EOF4,3.0,11.0,0.005213160067796707,0.027
EOF4,3.0,11.5,0.0050322371535003185,0.027
EOF4,3.0,12.0,0.005451039411127567,0.027
EOF4,3.0,12.5,0.005202542059123516,0.027
EOF4,3.0,13.0,0.004957758355885744,0.027
EOF4,3.0,13.5,0.0049185724928975105,0.027
EOF4,3.0,14.0,0.0049480777233839035,0.027
EOF4,3.0,14.5,0.004882497247308493,0.027
EOF4,3.0,15.0,0.004716339986771345,0.027
EOF4,3.0,15.5,0.0035096690990030766,0.027
EOF4,3.0,16.0,0.0023268279619514942,0.027
EOF4,3.0,16.5,0.0014384299283847213,0.027
EOF4,3.0,17.0,0.000539431581273675,0.027
EOF4,3.0,17.5,-0.0006784991710446775,0.027
EOF4,3.0,18.0,-0.0012575399596244097,0.027
EOF4,3.0,18.5,-0.0016235896619036794,0.027
EOF4,3.0,19.0,-0.001620624796487391,0.027
EOF4,3.0,19.5,-0.0012454187963157892,0.027
EOF4,3.0,20.0,-0.000897162884939462,0.027
EOF4,3.0,20.5,-0.0006185569218359888,0.027
EOF4,3.0,21.0,-6.665790715487674e-05,0.027
EOF4,3.0,21.5,0.0005287490785121918,0.027
EOF4,3.0,22.0,0.0009894192917272449,0.027
EOF4,3.0,22.5,0.0014530849875882268,0.027
EOF4,3.0,23.0,0.001696121646091342,0.027
EOF4,3.0,23.5,0.001566546387039125,0.027
EOF4,3.0,24.0,0.001050535007379949,0.027
EOF4,3.0,24.5,0.0006921321037225425,0.027
EOF4,3.0,25.0,0.0008139015408232808,0.027
EOF4,3.0,25.5,0.0009369007893837988,0.027
EOF4,3.0,26.0,0.0005989273777231574,0.027
EOF4,3.0,26.5,0.0003989597607869655,0.027
EOF4,3.0,27.0,0.0003342615091241896,0.027
EOF4,3.0,27.5,0.00035097418003715575,0.027
EOF4,3.0,28.0,0.0006279932567849755,0.027
EOF4,3.0,28.5,0.002816895255818963,0.027
EOF4,3.0,29.0,0.00542575353756547,0.027
EOF4,3.0,29.5,0.007325917016714811,0.027
EOF4,3.0,30.0,0.009238469414412975,0.027
EOF4,3.0,30.5,0.0076487441547214985,0.027
EOF4,3.0,31.0,0.006479097995907068,0.027
EOF4,3.0,31.5,0.005712958052754402,0.027
EOF4,3.0,32.0,0.004037116188555956,0.027
EOF4,3.0,32.5,-0.0003129231045022607,0.027
EOF4,3.0,33.0,-0.004624723456799984,0.027
EOF4,3.0,33.5,-0.01605280302464962,0.027
EOF4,3.0,34.0,-0.017834298312664032,0.027
EOF4,3.0,34.5,-0.009530710056424141,0.027
EOF4,3.5,0.5,0.0070033264346420765,0.027
EOF4,3.5,1.0,0.007035800255835056,0.027
EOF4,3.5,1.5,0.007061094976961613,0.027
EOF4,3.5,2.0,0.0070256940089166164,0.027
EOF4,3.5,2.5,0.006854172330349684,0.027
EOF4,3.5,3.0,0.0065907263197004795,0.027
EOF4,3.5,3.5,0.006318474188446999,0.027
EOF4,3.5,4.0,0.0062377979047596455,0.027
EOF4,3.5,4.5,0.006344363559037447,0.027
EOF4,3.5,5.0,0.00644736597314477,0.027
EOF4,3.5,5.5,0.006211766041815281,0.027
EOF4,3.5,6.0,0.006080777384340763,0.027
EOF4,3.5,6.5,0.005987265612930059,0.027
EOF4,3.5,7.0,0.005891673266887665,0.027
EOF4,3.5,7.5,0.005785517860203981,0.027
EOF4,3.5,8.0,0.006337709724903107,0.027
EOF4,3.5,8.5,0.007071619387716055,0.027
EOF4,3.5,9.0,0.007768665906041861,0.027
EOF4,3.5,9.5,0.0079671461135149,0.027
EOF4,3.5,10.0,0.006891879253089428,0.027
EOF4,3.5,10.5,0.005929901264607906,0.027
EOF4,3.5,11.0,0.005079697817564011,0.027
EOF4,3.5,11.5,0.004898427985608578,0.027
EOF4,3.5,12.0,0.005333748646080494,0.027
EOF4,3.5,12.5,0.005747539922595024,0.027
EOF4,3.5,13.0,0.005818135570734739,0.027
EOF4,3.5,13.5,0.00577476667240262,0.027
EOF4,3.5,14.0,0.005611180327832699,0.027
EOF4,3.5,14.5,0.005445785820484161,0.027
EOF4,3.5,15.0,0.005283944774419069,0.027
EOF4,3.5,15.5,0.004156928509473801,0.027
EOF4,3.5,16.0,0.0033254451118409634,0.027
EOF4,3.5,16.5,0.0025098207406699657,0.027
EOF4,3.5,17.0,0.0015842197462916374,0.027
EOF4,3.5,17.5,0.0003518552694004029,0.027
EOF4,3.5,18.0,-0.0008670668466947973,0.027
EOF4,3.5,18.5,-0.0018655238673090935,0.027
EOF4,3.5,19.0,-0.0018590223044157028,0.027
EOF4,3.5,19.5,-0.0015658775810152292,0.027
EOF4,3.5,20.0,-0.001292443717829883,0.027
EOF4,3.5,20.5,-0.0010200660908594728,0.027
EOF4,3.5,21.0,-0.0004712447989732027,0.027
EOF4,3.5,21.5,0.000167079342645593,0.027
EOF4,3.5,22.0,0.0008086592424660921,0.027
EOF4,3.5,22.5,0.0013139065122231841,0.027
EOF4,3.5,23.0,0.0015622295904904604,0.027
EOF4,3.5,23.5,0.0018070252845063806,0.027
EOF4,3.5,24.0,0.0020418763160705566,0.027
EOF4,3.5,24.5,0.0016875705914571881,0.027
EOF4,3.5,25.0,0.0015888395719230175,0.027
EOF4,3.5,25.5,0.0012619345216080546,0.027
EOF4,3.5,26.0,0.0009267685818485916,0.027
EOF4,3.5,26.5,0.0007271791691891849,0.027
EOF4,3.5,27.0,0.0009191202116198838,0.027
EOF4,3.5,27.5,0.0011919622775167227,0.027
EOF4,3.5,28.0,0.0014780311612412333,0.027
EOF4,3.5,28.5,0.003671624232083559,0.027
EOF4,3.5,29.0,0.006527233868837357,0.027
EOF4,3.5,29.5,0.009412563405930996,0.027
EOF4,3.5,30.0,0.01157604530453682,0.027
EOF4,3.5,30.5,0.009988046251237392,0.027
EOF4,3.5,31.0,0.008404860273003578,0.027
EOF4,3.5,31.5,0.006856000516563654,0.027
EOF4,3.5,32.0,0.005210355389863253,0.027
EOF4,3.5,32.5,-0.0025238418020308018,0.027
EOF4,3.5,33.0,-0.013948153704404831,0.027
EOF4,3.5,33.5,-0.02568816766142845,0.027
EOF4,3.5,34.0,-0.02764366753399372,0.027
EOF4,3.5,34.5,-0.01935761235654354,0.027
EOF4,4.0,0.5,0.006254413165152073,0.027
EOF4,4.0,1.0,0.0062806010246276855,0.027
EOF4,4.0,1.5,0.006302806548774242,0.027
EOF4,4.0,2.0,0.006318699102848768,0.027
EOF4,4.0,2.5,0.005861595738679171,0.027
EOF4,4.0,3.0,0.005584170110523701,0.027
EOF4,4.0,3.5,0.005326870363205671,0.027
EOF4,4.0,4.0,0.005241497419774532,0.027
EOF4,4.0,4.5,0.005351546686142683,0.027
EOF4,4.0,5.0,0.005461337976157665,0.027
EOF4,4.0,5.5,0.005835450254380703,0.027
EOF4,4.0,6.0,0.006862411741167307,0.027
EOF4,4.0,6.5,0.006777443457394838,0.027
EOF4,4.0,7.0,0.006684707477688789,0.027
EOF4,4.0,7.5,0.0065963673405349255,0.027
EOF4,4.0,8.0,0.008212023414671421,0.027
EOF4,4.0,8.5,0.008860966190695763,0.027
EOF4,4.0,9.0,0.00947842001914978,0.027
EOF4,4.0,9.5,0.01026856154203415,0.027
EOF4,4.0,10.0,0.010341331362724304,0.027
EOF4,4.0,10.5,0.009187527000904083,0.027
EOF4,4.0,11.0,0.00817081704735756,0.027
EOF4,4.0,11.5,0.007894635200500488,0.027
EOF4,4.0,12.0,0.00827540922909975,0.027
EOF4,4.0,12.5,0.008655219338834286,0.027
EOF4,4.0,13.0,0.00808735378086567,0.027
EOF4,4.0,13.5,0.007750209886580706,0.027
EOF4,4.0,14.0,0.007587487809360027,0.027
EOF4,4.0,14.5,0.007418923079967499,0.027
EOF4,4.0,15.0,0.007252192590385675,0.027
EOF4,4.0,15.5,0.00499041797593236,0.027
EOF4,4.0,16.0,0.00414084130898118,0.027
EOF4,4.0,16.5,0.0032982684206217527,0.027
EOF4,4.0,17.0,0.002364432206377387,0.027
EOF4,4.0,17.5,0.0011046952567994595,0.027
EOF4,4.0,18.0,-0.00013890078116673976,0.027
EOF4,4.0,18.5,-0.0008953669457696378,0.027
EOF4,4.0,19.0,-0.00043455863487906754,0.027
EOF4,4.0,19.5,-0.00016261293785646558,0.027
EOF4,4.0,20.0,0.00011689149687299505,0.027
EOF4,4.0,20.5,-0.0004191030457150191,0.027
EOF4,4.0,21.0,-0.000275146565400064,0.027
EOF4,4.0,21.5,0.0003622428048402071,0.027
EOF4,4.0,22.0,0.0010033342987298965,0.027
EOF4,4.0,22.5,0.0017547805327922106,0.027
EOF4,4.0,23.0,0.002000141888856888,0.027
EOF4,4.0,23.5,0.002240790519863367,0.027
EOF4,4.0,24.0,0.002484431490302086,0.027
EOF4,4.0,24.5,0.0025499830953776836,0.027
EOF4,4.0,25.0,0.0024479813873767853,0.027
EOF4,4.0,25.5,0.002121661091223359,0.027
EOF4,4.0,26.0,0.0017914066556841135,0.027
EOF4,4.0,26.5,0.002734520472586155,0.027
EOF4,4.0,27.0,0.00350717781111598,0.027
EOF4,4.0,27.5,0.0038002023939043283,0.027
EOF4,4.0,28.0,0.004100100137293339,0.027
EOF4,4.0,28.5,0.006300308275967836,0.027
EOF4,4.0,29.0,0.009141172282397747,0.027
EOF4,4.0,29.5,0.012009932659566402,0.027
EOF4,4.0,30.0,0.012256347574293613,0.027
EOF4,4.0,30.5,0.010677013546228409,0.027
EOF4,4.0,31.0,0.009105381555855274,0.027
EOF4,4.0,31.5,0.007559263613075018,0.027
EOF4,4.0,32.0,0.0033765549305826426,0.027
EOF4,4.0,32.5,-0.007095974870026112,0.027
EOF4,4.0,33.0,-0.01866370253264904,0.027
EOF4,4.0,33.5,-0.030543727800250053,0.027
EOF4,4.0,34.0,-0.03259667754173279,0.027
EOF4,4.0,34.5,-0.024336524307727814,0.027
EOF4,4.5,0.5,0.005994827952235937,0.027
EOF4,4.5,1.0,0.006124058272689581,0.027
EOF4,4.5,1.5,0.00635758088901639,0.027
EOF4,4.5,2.0,0.006370815448462963,0.027
EOF4,4.5,2.5,0.005709708668291569,0.027
EOF4,4.5,3.0,0.00505170738324523,0.027
EOF4,4.5,3.5,0.004795272368937731,0.027
EOF4,4.5,4.0,0.004711339715868235,0.027
EOF4,4.5,4.5,0.004831643775105476,0.027
EOF4,4.5,5.0,0.005480100866407156,0.027
EOF4,4.5,5.5,0.006099438760429621,0.027
EOF4,4.5,6.0,0.007106279954314232,0.027
EOF4,4.5,6.5,0.008198454044759274,0.027
EOF4,4.5,7.0,0.008692900650203228,0.027
EOF4,4.5,7.5,0.008608631789684296,0.027
EOF4,4.5,8.0,0.010367823764681816,0.027
EOF4,4.5,8.5,0.012052384205162525,0.027
EOF4,4.5,9.0,0.012825896963477135,0.027
EOF4,4.5,9.5,0.01350180059671402,0.027
EOF4,4.5,10.0,0.014711053110659122,0.027
EOF4,4.5,10.5,0.01584670878946781,0.027
EOF4,4.5,11.0,0.014466284774243832,0.027
EOF4,4.5,11.5,0.013985805213451385,0.027
EOF4,4.5,12.0,0.014285633340477943,0.027
EOF4,4.5,12.5,0.012716226279735565,0.027
EOF4,4.5,13.0,0.011167631484568119,0.027
EOF4,4.5,13.5,0.010861139744520187,0.027
EOF4,4.5,14.0,0.010975251905620098,0.027
EOF4,4.5,14.5,0.010950234718620777,0.027
EOF4,4.5,15.0,0.010763924568891525,0.027
EOF4,4.5,15.5,0.00791015662252903,0.027
EOF4,4.5,16.0,0.0051339128986001015,0.027
EOF4,4.5,16.5,0.0038128483574837446,0.027
EOF4,4.5,17.0,0.0028562562074512243,0.027
EOF4,4.5,17.5,0.0015714277978986502,0.027
EOF4,4.5,18.0,0.0017362962244078517,0.027
EOF4,4.5,18.5,0.0023623488377779722,0.027
EOF4,4.5,19.0,0.0028155134059488773,0.027
EOF4,4.5,19.5,0.0030896204989403486,0.027
EOF4,4.5,20.0,0.0017433674074709415,0.027
EOF4,4.5,20.5,0.00037918976158834994,0.027
EOF4,4.5,21.0,0.000525329087395221,0.027
EOF4,4.5,21.5,0.0012091170065104961,0.027
EOF4,4.5,22.0,0.0019925537053495646,0.027
EOF4,4.5,22.5,0.0027720408979803324,0.027
EOF4,4.5,23.0,0.0030120748560875654,0.027
EOF4,4.5,23.5,0.003156599821522832,0.027
EOF4,4.5,24.0,0.003196338191628456,0.027
EOF4,4.5,24.5,0.003261520294472575,0.027
EOF4,4.5,25.0,0.003384414128959179,0.027
EOF4,4.5,25.5,0.0035101103130728006,0.027
EOF4,4.5,26.0,0.0031870673410594463,0.027
EOF4,4.5,26.5,0.004127392079681158,0.027
EOF4,4.5,27.0,0.006341461092233658,0.027
EOF4,4.5,27.5,0.008080911822617054,0.027
EOF4,4.5,28.0,0.00840730033814907,0.027
EOF4,4.5,28.5,0.010590040124952793,0.027
EOF4,4.5,29.0,0.012550245970487595,0.027
EOF4,4.5,29.5,0.011939880438148975,0.027
EOF4,4.5,30.0,0.011319329962134361,0.027
EOF4,4.5,30.5,0.009767069481313229,0.027
EOF4,4.5,31.0,0.00777004100382328,0.027
EOF4,4.5,31.5,0.0053602843545377254,0.027
EOF4,4.5,32.0,0.0012366269947960973,0.027
EOF4,4.5,32.5,-0.00839907769113779,0.027
EOF4,4.5,33.0,-0.01853165216743946,0.027
EOF4,4.5,33.5,-0.030434582382440567,0.027
EOF4,4.5,34.0,-0.0324874147772789,0.027
EOF4,4.5,34.5,-0.02423727884888649,0.027
EOF4,5.0,0.5,0.005929603241384029,0.027
EOF4,5.0,1.0,0.006165343336760998,0.027
EOF4,5.0,1.5,0.006393017712980509,0.027
EOF4,5.0,2.0,0.006405855529010296,0.027
EOF4,5.0,2.5,0.005752812139689922,0.027
EOF4,5.0,3.0,0.005099884234368801,0.027
EOF4,5.0,3.5,0.004440987482666969,0.027
EOF4,5.0,4.0,0.004469198174774647,0.027
EOF4,5.0,4.5,0.005120811518281698,0.027
EOF4,5.0,5.0,0.005750246345996857,0.027
EOF4,5.0,5.5,0.006355393212288618,0.027
EOF4,5.0,6.0,0.0073335738852620125,0.027
EOF4,5.0,6.5,0.008389417082071304,0.027
EOF4,5.0,7.0,0.009403127245604992,0.027
EOF4,5.0,7.5,0.010395962744951248,0.027
EOF4,5.0,8.0,0.012009053491055965,0.027
EOF4,5.0,8.5,0.013571629300713539,0.027
EOF4,5.0,9.0,0.015071204863488674,0.027
EOF4,5.0,9.5,0.016407452523708344,0.027
EOF4,5.0,10.0,0.01748794876039028,0.027
EOF4,5.0,10.5,0.018509142100811005,0.027
EOF4,5.0,11.0,0.019467080011963844,0.027
EOF4,5.0,11.5,0.019094064831733704,0.027
EOF4,5.0,12.0,0.017446422949433327,0.027
EOF4,5.0,12.5,0.015825731679797173,0.027
EOF4,5.0,13.0,0.014238136820495129,0.027
EOF4,5.0,13.5,0.013972969725728035,0.027
EOF4,5.0,14.0,0.014145515859127045,0.027
EOF4,5.0,14.5,0.014316590502858162,0.027
EOF4,5.0,15.0,0.014472855255007744,0.027
EOF4,5.0,15.5,0.011477508582174778,0.027
EOF4,5.0,16.0,0.008562223054468632,0.027
EOF4,5.0,16.5,0.005741441156715155,0.027
EOF4,5.0,17.0,0.0038446239195764065,0.027
EOF4,5.0,17.5,0.004469559993594885,0.027
EOF4,5.0,18.0,0.005082550924271345,0.027
EOF4,5.0,18.5,0.005685907322913408,0.027
EOF4,5.0,19.0,0.005318530835211277,0.027
EOF4,5.0,19.5,0.003953463863581419,0.027
EOF4,5.0,20.0,0.0025768261402845383,0.027
EOF4,5.0,20.5,0.0012055757688358426,0.027
EOF4,5.0,21.0,0.0014542080461978912,0.027
EOF4,5.0,21.5,0.0022421337198466063,0.027
EOF4,5.0,22.0,0.0030198129825294018,0.027
EOF4,5.0,22.5,0.003776871133595705,0.027
EOF4,5.0,23.0,0.0038138609379529953,0.027
EOF4,5.0,23.5,0.003856741124764085,0.027
EOF4,5.0,24.0,0.0038986229337751865,0.027
EOF4,5.0,24.5,0.003965247888118029,0.027
EOF4,5.0,25.0,0.0040925126522779465,0.027
EOF4,5.0,25.5,0.004218532238155603,0.027
EOF4,5.0,26.0,0.004354005213826895,0.027
EOF4,5.0,26.5,0.005513439886271954,0.027
EOF4,5.0,27.0,0.0077222008258104324,0.027
EOF4,5.0,27.5,0.009930002503097057,0.027
EOF4,5.0,28.0,0.012127567082643509,0.027
EOF4,5.0,28.5,0.012226870283484459,0.027
EOF4,5.0,29.0,0.011628764681518078,0.027
EOF4,5.0,29.5,0.011016737669706345,0.027
EOF4,5.0,30.0,0.010401195846498013,0.027
EOF4,5.0,30.5,0.007985501550137997,0.027
EOF4,5.0,31.0,0.005588419269770384,0.027
EOF4,5.0,31.5,0.00322655588388443,0.027
EOF4,5.0,32.0,-0.0007838314049877226,0.027
EOF4,5.0,32.5,-0.010320325382053852,0.027
EOF4,5.0,33.0,-0.020343562588095665,0.027
EOF4,5.0,33.5,-0.03087577596306801,0.027
EOF4,5.0,34.0,-0.03372238576412201,0.027
EOF4,5.0,34.5,-0.028502484783530235,0.027
EOF4,5.5,0.5,0.0037413618993014097,0.027
EOF4,5.5,1.0,0.003483348060399294,0.027
EOF4,5.5,1.5,0.003696922678500414,0.027
EOF4,5.5,2.0,0.003690678160637617,0.027
EOF4,5.5,2.5,0.0030605606734752655,0.027
EOF4,5.5,3.0,0.002431997563689947,0.027
EOF4,5.5,3.5,0.004237402696162462,0.027
EOF4,5.5,4.0,0.00547654228284955,0.027
EOF4,5.5,4.5,0.00609255488961935,0.027
EOF4,5.5,5.0,0.006561039946973324,0.027
EOF4,5.5,5.5,0.00665734987705946,0.027
EOF4,5.5,6.0,0.008706605061888695,0.027
EOF4,5.5,6.5,0.01088267844170332,0.027
EOF4,5.5,7.0,0.011794664897024632,0.027
EOF4,5.5,7.5,0.012680767104029655,0.027
EOF4,5.5,8.0,0.014158441685140133,0.027
EOF4,5.5,8.5,0.015590410679578781,0.027
EOF4,5.5,9.0,0.016769254580140114,0.027
EOF4,5.5,9.5,0.01725548505783081,0.027
EOF4,5.5,10.0,0.01582840271294117,0.027
EOF4,5.5,10.5,0.016306119039654732,0.027
EOF4,5.5,11.0,0.017347441986203194,0.027
EOF4,5.5,11.5,0.01701013185083866,0.027
EOF4,5.5,12.0,0.015343858860433102,0.027
EOF4,5.5,12.5,0.014021888375282288,0.027
EOF4,5.5,13.0,0.013689745217561722,0.027
EOF4,5.5,13.5,0.01373243611305952,0.027
EOF4,5.5,14.0,0.013897835277020931,0.027
EOF4,5.5,14.5,0.013281517662107944,0.027
EOF4,5.5,15.0,0.011891301721334457,0.027
EOF4,5.5,15.5,0.010635698214173317,0.027
EOF4,5.5,16.0,0.00857925321906805,0.027
EOF4,5.5,16.5,0.0057651204988360405,0.027
EOF4,5.5,17.0,0.0038739964365959167,0.027
EOF4,5.5,17.5,0.004506685305386782,0.027
EOF4,5.5,18.0,0.005106526892632246,0.027
EOF4,5.5,18.5,0.004864516202360392,0.027
EOF4,5.5,19.0,0.005536525510251522,0.027
EOF4,5.5,19.5,0.007110211998224258,0.027
EOF4,5.5,20.0,0.005773485638201237,0.027
EOF4,5.5,20.5,0.004412508103996515,0.027
EOF4,5.5,21.0,0.004646234679967165,0.027
EOF4,5.5,21.5,0.005405292380601168,0.027
EOF4,5.5,22.0,0.0047802370972931385,0.027
EOF4,5.5,22.5,0.0027765475679188967,0.027
EOF4,5.5,23.0,0.0028110193088650703,0.027
EOF4,5.5,23.5,0.002856240374967456,0.027
EOF4,5.5,24.0,0.0028131534345448017,0.027
EOF4,5.5,24.5,0.002989400876685977,0.027
EOF4,5.5,25.0,0.0039061931893229485,0.027
EOF4,5.5,25.5,0.0042357915081083775,0.027
EOF4,5.5,26.0,0.004366277251392603,0.027
EOF4,5.5,26.5,0.005536952521651983,0.027
EOF4,5.5,27.0,0.007728775963187218,0.027
EOF4,5.5,27.5,0.009255953133106232,0.027
EOF4,5.5,28.0,0.008761012926697731,0.027
EOF4,5.5,28.5,0.008686348795890808,0.027
EOF4,5.5,29.0,0.008580920286476612,0.027
EOF4,5.5,29.5,0.00795599166303873,0.027
EOF4,5.5,30.0,0.007325534708797932,0.027
EOF4,5.5,30.5,0.006903395056724548,0.027
EOF4,5.5,31.0,0.005498135462403297,0.027
EOF4,5.5,31.5,0.0031348916236311197,0.027
EOF4,5.5,32.0,0.0009069101652130485,0.027
EOF4,5.5,32.5,-0.001041994895786047,0.027
EOF4,5.5,33.0,-0.008655700832605362,0.027
EOF4,5.5,33.5,-0.01857932098209858,0.027
EOF4,5.5,34.0,-0.021190891042351723,0.027
EOF4,5.5,34.5,-0.01612297259271145,0.027
EOF4,6.0,0.5,0.002682538004592061,0.027
EOF4,6.0,1.0,0.0019335489487275481,0.027
EOF4,6.0,1.5,0.0011444560950621963,0.027
EOF4,6.0,2.0,0.001123223453760147,0.027
EOF4,6.0,2.5,0.001690767821855843,0.027
EOF4,6.0,3.0,0.0034657553769648075,0.027
EOF4,6.0,3.5,0.00524071604013443,0.027
EOF4,6.0,4.0,0.006434991490095854,0.027
EOF4,6.0,4.5,0.006655861623585224,0.027
EOF4,6.0,5.0,0.006745369639247656,0.027
EOF4,6.0,5.5,0.006831539329141378,0.027
EOF4,6.0,6.0,0.008777542971074581,0.027
EOF4,6.0,6.5,0.011233003810048103,0.027
EOF4,6.0,7.0,0.013551048003137112,0.027
EOF4,6.0,7.5,0.014714999124407768,0.027
EOF4,6.0,8.0,0.016012538224458694,0.027
EOF4,6.0,8.5,0.017086466774344444,0.027
EOF4,6.0,9.0,0.01820722408592701,0.027
EOF4,6.0,9.5,0.018704192712903023,0.027
EOF4,6.0,10.0,0.017268503084778786,0.027
EOF4,6.0,10.5,0.015866441652178764,0.027
EOF4,6.0,11.0,0.015110258013010025,0.027
EOF4,6.0,11.5,0.014809018932282925,0.027
EOF4,6.0,12.0,0.014111963100731373,0.027
EOF4,6.0,12.5,0.013767115771770477,0.027
EOF4,6.0,13.0,0.013417566195130348,0.027
EOF4,6.0,13.5,0.013444875366985798,0.027
EOF4,6.0,14.0,0.012065376155078411,0.027
EOF4,6.0,14.5,0.010694572702050209,0.027
EOF4,6.0,15.0,0.009366354905068874,0.027
EOF4,6.0,15.5,0.00815453939139843,0.027
EOF4,6.0,16.0,0.006950866896659136,0.027
EOF4,6.0,16.5,0.005763815250247717,0.027
EOF4,6.0,17.0,0.0038859352935105562,0.027
EOF4,6.0,17.5,0.004081582184880972,0.027
EOF4,6.0,18.0,0.0038400222547352314,0.027
EOF4,6.0,18.5,0.0036081704311072826,0.027
EOF4,6.0,19.0,0.004288278054445982,0.027
EOF4,6.0,19.5,0.005876494105905294,0.027
EOF4,6.0,20.0,0.007452962454408407,0.027
EOF4,6.0,20.5,0.007561841979622841,0.027
EOF4,6.0,21.0,0.007770509924739599,0.027
EOF4,6.0,21.5,0.005774281919002533,0.027
EOF4,6.0,22.0,0.003770332783460617,0.027
EOF4,6.0,22.5,0.0017668361542746425,0.027
EOF4,6.0,23.0,0.0017741882475093007,0.027
EOF4,6.0,23.5,0.0017040777020156384,0.027
EOF4,6.0,24.0,0.0016261064447462559,0.027
EOF4,6.0,24.5,0.0017998715629801154,0.027
EOF4,6.0,25.0,0.002726476639509201,0.027
EOF4,6.0,25.5,0.00364938797429204,0.027
EOF4,6.0,26.0,0.004379646852612495,0.027
EOF4,6.0,26.5,0.005537992808967829,0.027
EOF4,6.0,27.0,0.005734974052757025,0.027
EOF4,6.0,27.5,0.005276643671095371,0.027
EOF4,6.0,28.0,0.004820292349904776,0.027
EOF4,6.0,28.5,0.004711729008704424,0.027
EOF4,6.0,29.0,0.004714369773864746,0.027
EOF4,6.0,29.5,0.004706187639385462,0.027
EOF4,6.0,30.0,0.004225842654705048,0.027
EOF4,6.0,30.5,0.0038308838848024607,0.027
EOF4,6.0,31.0,0.0034398105926811695,0.027
EOF4,6.0,31.5,0.0030412401538342237,0.027
EOF4,6.0,32.0,0.0008192102541215718,0.027
EOF4,6.0,32.5,-0.001125407055951655,0.027
EOF4,6.0,33.0,-0.00308887823484838,0.027
EOF4,6.0,33.5,-0.006946986541152,0.027
EOF4,6.0,34.0,-0.009342186152935028,0.027
EOF4,6.0,34.5,-0.008144466206431389,0.027
EOF4,6.5,0.5,0.0014068596065044403,0.027
EOF4,6.5,1.0,0.0006613165023736656,0.027
EOF4,6.5,1.5,-0.00015513721155002713,0.027
EOF4,6.5,2.0,7.565590294689173e-06,0.027
EOF4,6.5,2.5,0.0011083090212196112,0.027
EOF4,6.5,3.0,0.0027864864096045494,0.027
EOF4,6.5,3.5,0.004463845398277044,0.027
EOF4,6.5,4.0,0.005373800173401833,0.027
EOF4,6.5,4.5,0.005497549194842577,0.027
EOF4,6.5,5.0,0.005616084206849337,0.027
EOF4,6.5,5.5,0.0056638712994754314,0.027
EOF4,6.5,6.0,0.007560304366052151,0.027
EOF4,6.5,6.5,0.00996110774576664,0.027
EOF4,6.5,7.0,0.012248327024281025,0.027
EOF4,6.5,7.5,0.014697151258587837,0.027
EOF4,6.5,8.0,0.01575016975402832,0.027
EOF4,6.5,8.5,0.016820022836327553,0.027
EOF4,6.5,9.0,0.01793031208217144,0.027
EOF4,6.5,9.5,0.019529880955815315,0.027
EOF4,6.5,10.0,0.018103044480085373,0.027
EOF4,6.5,10.5,0.016709700226783752,0.027
EOF4,6.5,11.0,0.015409290790557861,0.027
EOF4,6.5,11.5,0.013391663320362568,0.027
EOF4,6.5,12.0,0.012414447963237762,0.027
EOF4,6.5,12.5,0.012072447687387466,0.027
EOF4,6.5,13.0,0.01173239853233099,0.027
EOF4,6.5,13.5,0.010541335679590702,0.027
EOF4,6.5,14.0,0.00919967982918024,0.027
EOF4,6.5,14.5,0.007889493368566036,0.027
EOF4,6.5,15.0,0.006605746224522591,0.027
EOF4,6.5,15.5,0.005428428761661053,0.027
EOF4,6.5,16.0,0.0042649623937904835,0.027
EOF4,6.5,16.5,0.0031359242275357246,0.027
EOF4,6.5,17.0,0.003238965757191181,0.027
EOF4,6.5,17.5,0.002456321381032467,0.027
EOF4,6.5,18.0,0.002239599823951721,0.027
EOF4,6.5,18.5,0.0020319554023444653,0.027
EOF4,6.5,19.0,0.0030173466075211763,0.027
EOF4,6.5,19.5,0.004752089269459248,0.027
EOF4,6.5,20.0,0.006321288645267487,0.027
EOF4,6.5,20.5,0.007887246087193489,0.027
EOF4,6.5,21.0,0.006773672066628933,0.027
EOF4,6.5,21.5,0.0047632553614676,0.027
EOF4,6.5,22.0,0.002762899734079838,0.027
EOF4,6.5,22.5,0.0019844104535877705,0.027
EOF4,6.5,23.0,0.0015077710850164294,0.027
EOF4,6.5,23.5,0.0014330645790323615,0.027
EOF4,6.5,24.0,0.0013618081575259566,0.027
EOF4,6.5,24.5,0.0015411260537803173,0.027
EOF4,6.5,25.0,0.002455882728099823,0.027
EOF4,6.5,25.5,0.003385149175301194,0.027
EOF4,6.5,26.0,0.004416819661855698,0.027
EOF4,6.5,26.5,0.0034758364781737328,0.027
EOF4,6.5,27.0,0.002332417294383049,0.027
EOF4,6.5,27.5,0.0018966427305713296,0.027
EOF4,6.5,28.0,0.0014736579032614827,0.027
EOF4,6.5,28.5,0.0015559858875349164,0.027
EOF4,6.5,29.0,0.0015033389208838344,0.027
EOF4,6.5,29.5,0.001449797535315156,0.027
EOF4,6.5,30.0,0.0013930657878518105,0.027
EOF4,6.5,30.5,0.0010188673622906208,0.027
EOF4,6.5,31.0,0.0006589296972379088,0.027
EOF4,6.5,31.5,0.0002911248884629458,0.027
EOF4,6.5,32.0,-0.0018414367223158479,0.027
EOF4,6.5,32.5,-0.0038041670341044664,0.027
EOF4,6.5,33.0,-0.005784640554338694,0.027
EOF4,6.5,33.5,-0.00697655463591218,0.027
EOF4,6.5,34.0,-0.004536862019449472,0.027
EOF4,6.5,34.5,-0.003553886665031314,0.027
EOF4,7.0,0.5,-0.00014739656762685627,0.027
EOF4,7.0,1.0,-0.000514406303409487,0.027
EOF4,7.0,1.5,-0.00047418204485438764,0.027
EOF4,7.0,2.0,-0.0003178848419338465,0.027
EOF4,7.0,2.5,0.00018343375995755196,0.027
EOF4,7.0,3.0,0.000684042985085398,0.027
EOF4,7.0,3.5,0.0022337990812957287,0.027
EOF4,7.0,4.0,0.0031042532064020634,0.027
EOF4,7.0,4.5,0.0032910704612731934,0.027
EOF4,7.0,5.0,0.0032770356629043818,0.027
EOF4,7.0,5.5,0.0032635002862662077,0.027
EOF4,7.0,6.0,0.005144886672496796,0.027
EOF4,7.0,6.5,0.00763658108189702,0.027
EOF4,7.0,7.0,0.010266551747918129,0.027
EOF4,7.0,7.5,0.012827835977077484,0.027
EOF4,7.0,8.0,0.013841615058481693,0.027
EOF4,7.0,8.5,0.015616299584507942,0.027
EOF4,7.0,9.0,0.018157247453927994,0.027
EOF4,7.0,9.5,0.019726358354091644,0.027
EOF4,7.0,10.0,0.018333712592720985,0.027
EOF4,7.0,10.5,0.017177611589431763,0.027
EOF4,7.0,11.0,0.016071965917944908,0.027
EOF4,7.0,11.5,0.01404899824410677,0.027
EOF4,7.0,12.0,0.01117223035544157,0.027
EOF4,7.0,12.5,0.008978156372904778,0.027
EOF4,7.0,13.0,0.00866367481648922,0.027
EOF4,7.0,13.5,0.007520981598645449,0.027
EOF4,7.0,14.0,0.00613149581477046,0.027
EOF4,7.0,14.5,0.0048316786997020245,0.027
EOF4,7.0,15.0,0.0036004469729959965,0.027
EOF4,7.0,15.5,0.0024527953937649727,0.027
EOF4,7.0,16.0,0.002193635329604149,0.027
EOF4,7.0,16.5,0.0028076935559511185,0.027
EOF4,7.0,17.0,0.002932152012363076,0.027
EOF4,7.0,17.5,0.0016153663164004683,0.027
EOF4,7.0,18.0,0.000298669416224584,0.027
EOF4,7.0,18.5,0.00010139148798771203,0.027
EOF4,7.0,19.0,0.0011169789358973503,0.027
EOF4,7.0,19.5,0.003298731753602624,0.027
EOF4,7.0,20.0,0.005313447210937738,0.027
EOF4,7.0,20.5,0.006869812496006489,0.027
EOF4,7.0,21.0,0.005756827536970377,0.027
EOF4,7.0,21.5,0.0041766297072172165,0.027
EOF4,7.0,22.0,0.0038169091567397118,0.027
EOF4,7.0,22.5,0.0034467913210392,0.027
EOF4,7.0,23.0,0.00283827050589025,0.027
EOF4,7.0,23.5,0.0022230050526559353,0.027
EOF4,7.0,24.0,0.002014742698520422,0.027
EOF4,7.0,24.5,0.002187049714848399,0.027
EOF4,7.0,25.0,0.0031143424566835165,0.027
EOF4,7.0,25.5,0.004366409033536911,0.027
EOF4,7.0,26.0,0.005730051081627607,0.027
EOF4,7.0,26.5,0.004788458347320557,0.027
EOF4,7.0,27.0,0.0015343411359936,0.027
EOF4,7.0,27.5,-0.0010212089400738478,0.027
EOF4,7.0,28.0,-0.0014322816859930754,0.027
EOF4,7.0,28.5,-0.0013536722399294376,0.027
EOF4,7.0,29.0,-0.001108105294406414,0.027
EOF4,7.0,29.5,-0.001035597873851657,0.027
EOF4,7.0,30.0,-0.0011338413460180163,0.027
EOF4,7.0,30.5,-0.0014704558998346329,0.027
EOF4,7.0,31.0,-0.002754540415480733,0.027
EOF4,7.0,31.5,-0.004973499570041895,0.027
EOF4,7.0,32.0,-0.007136746775358915,0.027
EOF4,7.0,32.5,-0.009141748771071434,0.027
EOF4,7.0,33.0,-0.008731445297598839,0.027
EOF4,7.0,33.5,-0.0075144460424780846,0.027
EOF4,7.0,34.0,-0.00506256241351366,0.027
EOF4,7.0,34.5,-0.0012574921129271388,0.027
EOF4,7.5,0.5,-0.000815987994428724,0.027
EOF4,7.5,1.0,-0.0007739978609606624,0.027
EOF4,7.5,1.5,-0.0007298875716514885,0.027
EOF4,7.5,2.0,-0.0005887467414140701,0.027
EOF4,7.5,2.5,-0.00012700565275736153,0.027
EOF4,7.5,3.0,0.00033148075453937054,0.027
EOF4,7.5,3.5,0.00080233154585585,0.027
EOF4,7.5,4.0,0.001029041362926364,0.027
EOF4,7.5,4.5,0.0010000973707064986,0.027
EOF4,7.5,5.0,0.0009843643056228757,0.027
EOF4,7.5,5.5,0.0009680159273557365,0.027
EOF4,7.5,6.0,0.003048698417842388,0.027
EOF4,7.5,6.5,0.0057631684467196465,0.027
EOF4,7.5,7.0,0.008411192335188389,0.027
EOF4,7.5,7.5,0.010963717475533485,0.027
EOF4,7.5,8.0,0.013398434035480022,0.027
EOF4,7.5,8.5,0.015859056264162064,0.027
EOF4,7.5,9.0,0.018353208899497986,0.027
EOF4,7.5,9.5,0.019950872287154198,0.027
EOF4,7.5,10.0,0.018877588212490082,0.027
EOF4,7.5,10.5,0.01780269294977188,0.027
EOF4,7.5,11.0,0.016696520149707794,0.027
EOF4,7.5,11.5,0.014687296003103256,0.027
EOF4,7.5,12.0,0.011817141436040401,0.027
EOF4,7.5,12.5,0.008990415371954441,0.027
EOF4,7.5,13.0,0.006218263879418373,0.027
EOF4,7.5,13.5,0.004539164248853922,0.027
EOF4,7.5,14.0,0.0032051235903054476,0.027
EOF4,7.5,14.5,0.0019070192938670516,0.027
EOF4,7.5,15.0,0.0006550099933519959,0.027
EOF4,7.5,15.5,0.0012760702520608902,0.027
EOF4,7.5,16.0,0.0019004989881068468,0.027
EOF4,7.5,16.5,0.002503696596249938,0.027
EOF4,7.5,17.0,0.0026179933920502663,0.027
EOF4,7.5,17.5,0.0013204157585278153,0.027
EOF4,7.5,18.0,1.8243896192871034e-05,0.027
EOF4,7.5,18.5,-0.0012802246492356062,0.027
EOF4,7.5,19.0,-0.0008051906479522586,0.027
EOF4,7.5,19.5,0.0014025979908183217,0.027
EOF4,7.5,20.0,0.0035741589963436127,0.027
EOF4,7.5,20.5,0.005712463520467281,0.027
EOF4,7.5,21.0,0.005970162805169821,0.027
EOF4,7.5,21.5,0.00562382023781538,0.027
EOF4,7.5,22.0,0.005267102271318436,0.027
EOF4,7.5,22.5,0.004902970511466265,0.027
EOF4,7.5,23.0,0.004297120496630669,0.027
EOF4,7.5,23.5,0.003681332105770707,0.027
EOF4,7.5,24.0,0.0030658631585538387,0.027
EOF4,7.5,24.5,0.002925328677520156,0.027
EOF4,7.5,25.0,0.00429042661562562,0.027
EOF4,7.5,25.5,0.005648079793900251,0.027
EOF4,7.5,26.0,0.006994042079895735,0.027
EOF4,7.5,26.5,0.006064272951334715,0.027
EOF4,7.5,27.0,0.002826561452820897,0.027
EOF4,7.5,27.5,-0.000433946872362867,0.027
EOF4,7.5,28.0,-0.003713569836691022,0.027
EOF4,7.5,28.5,-0.00433154683560133,0.027
EOF4,7.5,29.0,-0.0040933419950306416,0.027
EOF4,7.5,29.5,-0.003864679019898176,0.027
EOF4,7.5,30.0,-0.0036261803470551968,0.027
EOF4,7.5,30.5,-0.0058286008425056934,0.027
EOF4,7.5,31.0,-0.008068815805017948,0.027
EOF4,7.5,31.5,-0.010311181657016277,0.027
EOF4,7.5,32.0,-0.011705501936376095,0.027
EOF4,7.5,32.5,-0.010491767898201942,0.027
EOF4,7.5,33.0,-0.009276381693780422,0.027
EOF4,7.5,33.5,-0.008049337193369865,0.027
EOF4,7.5,34.0,-0.005596239119768143,0.027
EOF4,7.5,34.5,-0.001776903634890914,0.027
EOF4,8.0,0.5,0.0002607742208056152,0.027
EOF4,8.0,1.0,0.0003885946935042739,0.027
EOF4,8.0,1.5,0.0004345577908679843,0.027
EOF4,8.0,2.0,0.0005774786113761365,0.027
EOF4,8.0,2.5,0.0010378439910709858,0.027
EOF4,8.0,3.0,0.001488988404162228,0.027
EOF4,8.0,3.5,0.00039675147854723036,0.027
EOF4,8.0,4.0,-0.0001227408938575536,0.027
EOF4,8.0,4.5,-6.12922667642124e-06,0.027
EOF4,8.0,5.0,-3.0578728910768405e-05,0.027
EOF4,8.0,5.5,-5.077517926110886e-05,0.027
EOF4,8.0,6.0,0.002033677650615573,0.027
EOF4,8.0,6.5,0.004744562786072493,0.027
EOF4,8.0,7.0,0.005935630761086941,0.027
EOF4,8.0,7.5,0.00563800847157836,0.027
EOF4,8.0,8.0,0.0062791635282337666,0.027
EOF4,8.0,8.5,0.007833082228899002,0.027
EOF4,8.0,9.0,0.010280332528054714,0.027
EOF4,8.0,9.5,0.011853058822453022,0.027
EOF4,8.0,10.0,0.010741748847067356,0.027
EOF4,8.0,10.5,0.00961738359183073,0.027
EOF4,8.0,11.0,0.010970679111778736,0.027
EOF4,8.0,11.5,0.01024223305284977,0.027
EOF4,8.0,12.0,0.007490283809602261,0.027
EOF4,8.0,12.5,0.005337174516171217,0.027
EOF4,8.0,13.0,0.004845416639000177,0.027
EOF4,8.0,13.5,0.0037258262746036053,0.027
EOF4,8.0,14.0,0.002442118711769581,0.027
EOF4,8.0,14.5,0.0018201734637841582,0.027
EOF4,8.0,15.0,0.0018270931905135512,0.027
EOF4,8.0,15.5,0.001346868579275906,0.027
EOF4,8.0,16.0,0.0014231391251087189,0.027
EOF4,8.0,16.5,0.0020653812680393457,0.027
EOF4,8.0,17.0,0.0016888468526303768,0.027
EOF4,8.0,17.5,-0.0017581706633791327,0.027
EOF4,8.0,18.0,-0.0036644339561462402,0.027
EOF4,8.0,18.5,-0.005046113859862089,0.027
EOF4,8.0,19.0,-0.004531764425337315,0.027
EOF4,8.0,19.5,-0.002163213212043047,0.027
EOF4,8.0,20.0,0.00028020067838951945,0.027
EOF4,8.0,20.5,0.0029244839679449797,0.027
EOF4,8.0,21.0,0.004596722312271595,0.027
EOF4,8.0,21.5,0.005517568904906511,0.027
EOF4,8.0,22.0,0.005161938723176718,0.027
EOF4,8.0,22.5,0.0048119197599589825,0.027
EOF4,8.0,23.0,0.0042044916190207005,0.027
EOF4,8.0,23.5,0.00360142532736063,0.027
EOF4,8.0,24.0,0.0027457107789814472,0.027
EOF4,8.0,24.5,0.0016086550895124674,0.027
EOF4,8.0,25.0,-0.00011838773207273334,0.027
EOF4,8.0,25.5,0.00046730192843824625,0.027
EOF4,8.0,26.0,0.0018257871270179749,0.027
EOF4,8.0,26.5,0.0008892469923011959,0.027
EOF4,8.0,27.0,-0.00235276878811419,0.027
EOF4,8.0,27.5,-0.005030068568885326,0.027
EOF4,8.0,28.0,-0.005960943177342415,0.027
EOF4,8.0,28.5,-0.006025668233633041,0.027
EOF4,8.0,29.0,-0.005793175660073757,0.027
EOF4,8.0,29.5,-0.005597339011728764,0.027
EOF4,8.0,30.0,-0.005407446995377541,0.027
EOF4,8.0,30.5,-0.004798360634595156,0.027
EOF4,8.0,31.0,-0.005620723590254784,0.027
EOF4,8.0,31.5,-0.007886013016104698,0.027
EOF4,8.0,32.0,-0.009276531636714935,0.027
EOF4,8.0,32.5,-0.00804632343351841,0.027
EOF4,8.0,33.0,-0.006833306979387999,0.027
EOF4,8.0,33.5,-0.00984196923673153,0.027
EOF4,8.0,34.0,-0.008258415386080742,0.027
EOF4,8.0,34.5,-0.002090084133669734,0.027
EOF4,8.5,0.5,0.0011602329323068261,0.027
EOF4,8.5,1.0,0.0013703892473131418,0.027
EOF4,8.5,1.5,0.0015758463414385915,0.027
EOF4,8.5,2.0,0.0017251649405807257,0.027
EOF4,8.5,2.5,0.001410910626873374,0.027
EOF4,8.5,3.0,0.0003260656085330993,0.027
EOF4,8.5,3.5,-0.0007837614975869656,0.027
EOF4,8.5,4.0,-0.0013071306748315692,0.027
EOF4,8.5,4.5,-0.0012015593238174915,0.027
EOF4,8.5,5.0,-0.001092249876819551,0.027
EOF4,8.5,5.5,-0.0010498998453840613,0.027
EOF4,8.5,6.0,0.001000446849502623,0.027
EOF4,8.5,6.5,0.0007387577788904309,0.027
EOF4,8.5,7.0,0.0004604098794516176,0.027
EOF4,8.5,7.5,0.00017954340728465468,0.027
EOF4,8.5,8.0,0.0008645735215395689,0.027
EOF4,8.5,8.5,0.0015415636589750648,0.027
EOF4,8.5,9.0,0.0022237554658204317,0.027
EOF4,8.5,9.5,0.0037572544533759356,0.027
EOF4,8.5,10.0,0.003895584726706147,0.027
EOF4,8.5,10.5,0.005316055845469236,0.027
EOF4,8.5,11.0,0.006693724077194929,0.027
EOF4,8.5,11.5,0.0060307239182293415,0.027
EOF4,8.5,12.0,0.005006283055990934,0.027
EOF4,8.5,12.5,0.004520030226558447,0.027
EOF4,8.5,13.0,0.004049086477607489,0.027
EOF4,8.5,13.5,0.0029875608161091805,0.027
EOF4,8.5,14.0,0.00299787032417953,0.027
EOF4,8.5,14.5,0.0030178793240338564,0.027
EOF4,8.5,15.0,0.0030335369519889355,0.027
EOF4,8.5,15.5,0.002569652395322919,0.027
EOF4,8.5,16.0,0.0020822687074542046,0.027
EOF4,8.5,16.5,0.0015991941327229142,0.027
EOF4,8.5,17.0,0.0011951529886573553,0.027
EOF4,8.5,17.5,-0.0024224917870014906,0.027
EOF4,8.5,18.0,-0.006126790773123503,0.027
EOF4,8.5,18.5,-0.00932245422154665,0.027
EOF4,8.5,19.0,-0.008760744705796242,0.027
EOF4,8.5,19.5,-0.005724654067307711,0.027
EOF4,8.5,20.0,-0.002722393022850156,0.027
EOF4,8.5,20.5,7.729054050287232e-05,0.027
EOF4,8.5,21.0,0.0018421827116981149,0.027
EOF4,8.5,21.5,0.003268586937338114,0.027
EOF4,8.5,22.0,0.004636911675333977,0.027
EOF4,8.5,22.5,0.004708981607109308,0.027
EOF4,8.5,23.0,0.004032942932099104,0.027
EOF4,8.5,23.5,0.003112406935542822,0.027
EOF4,8.5,24.0,0.00218401150777936,0.027
EOF4,8.5,24.5,0.0010400718310847878,0.027
EOF4,8.5,25.0,-0.0006910908850841224,0.027
EOF4,8.5,25.5,-0.0023988177999854088,0.027
EOF4,8.5,26.0,-0.0033315331675112247,0.027
EOF4,8.5,26.5,-0.004266330040991306,0.027
EOF4,8.5,27.0,-0.005765717942267656,0.027
EOF4,8.5,27.5,-0.00668300362303853,0.027
EOF4,8.5,28.0,-0.007601723540574312,0.027
EOF4,8.5,28.5,-0.007669304497539997,0.027
EOF4,8.5,29.0,-0.0075227729976177216,0.027
EOF4,8.5,29.5,-0.007379532791674137,0.027
EOF4,8.5,30.0,-0.007225796580314636,0.027
EOF4,8.5,30.5,-0.006614722311496735,0.027
EOF4,8.5,31.0,-0.005999398417770863,0.027
EOF4,8.5,31.5,-0.005397255532443523,0.027
EOF4,8.5,32.0,-0.006783147808164358,0.027
EOF4,8.5,32.5,-0.007687632460147142,0.027
EOF4,8.5,33.0,-0.01074812188744545,0.027
EOF4,8.5,33.5,-0.013805242255330086,0.027
EOF4,8.5,34.0,-0.012199942022562027,0.027
EOF4,8.5,34.5,-0.00596447242423892,0.027
EOF4,9.0,0.5,-0.00038537432556040585,0.027
EOF4,9.0,1.0,-0.00016095320461317897,0.027
EOF4,9.0,1.5,5.1099483243888244e-05,0.027
EOF4,9.0,2.0,-0.0006843244191259146,0.027
EOF4,9.0,2.5,-0.0008307106327265501,0.027
EOF4,9.0,3.0,-0.0019451084081083536,0.027
EOF4,9.0,3.5,-0.003077130764722824,0.027
EOF4,9.0,4.0,-0.0036103150341659784,0.027
EOF4,9.0,4.5,-0.003513568313792348,0.027
EOF4,9.0,5.0,-0.0034117696341127157,0.027
EOF4,9.0,5.5,-0.0038557015359401703,0.027
EOF4,9.0,6.0,-0.00040444944170303643,0.027
EOF4,9.0,6.5,-0.0006432170048356056,0.027
EOF4,9.0,7.0,-0.0009268926805816591,0.027
EOF4,9.0,7.5,-0.0012025967007502913,0.027
EOF4,9.0,8.0,-0.0005113610532134771,0.027
EOF4,9.0,8.5,0.0001814218412619084,0.027
EOF4,9.0,9.0,0.0008619743748567998,0.027
EOF4,9.0,9.5,0.0005326785612851381,0.027
EOF4,9.0,10.0,0.0010301194852218032,0.027
EOF4,9.0,10.5,0.002477535279467702,0.027
EOF4,9.0,11.0,0.0038969635497778654,0.027
EOF4,9.0,11.5,0.0031044334173202515,0.027
EOF4,9.0,12.0,0.001995787722989917,0.027
EOF4,9.0,12.5,0.0015364134451374412,0.027
EOF4,9.0,13.0,0.0010721305152401328,0.027
EOF4,9.0,13.5,0.0017355181043967605,0.027
EOF4,9.0,14.0,0.001748685259371996,0.027
EOF4,9.0,14.5,0.0017552231438457966,0.027
EOF4,9.0,15.0,0.0017683485057204962,0.027
EOF4,9.0,15.5,0.0012695492478087544,0.027
EOF4,9.0,16.0,0.0007446492672897875,0.027
EOF4,9.0,16.5,0.00020116238738410175,0.027
EOF4,9.0,17.0,-0.002211105776950717,0.027
EOF4,9.0,17.5,-0.006005175411701202,0.027
EOF4,9.0,18.0,-0.009890804998576641,0.027
EOF4,9.0,18.5,-0.014506153762340546,0.027
EOF4,9.0,19.0,-0.013791535049676895,0.027
EOF4,9.0,19.5,-0.009248936548829079,0.027
EOF4,9.0,20.0,-0.006037008948624134,0.027
EOF4,9.0,20.5,-0.0030406250152736902,0.027
EOF4,9.0,21.0,-0.0011569608468562365,0.027
EOF4,9.0,21.5,0.0003500239399727434,0.027
EOF4,9.0,22.0,0.0018114176345989108,0.027
EOF4,9.0,22.5,0.002076973207294941,0.027
EOF4,9.0,23.0,0.0016909793484956026,0.027
EOF4,9.0,23.5,0.0007472977158613503,0.027
EOF4,9.0,24.0,-0.00020218442659825087,0.027
EOF4,9.0,24.5,-0.0013655686052516103,0.027
EOF4,9.0,25.0,-0.003083764808252454,0.027
EOF4,9.0,25.5,-0.004782896023243666,0.027
EOF4,9.0,26.0,-0.0055379304103553295,0.027
EOF4,9.0,26.5,-0.0065526654943823814,0.027
EOF4,9.0,27.0,-0.008261796087026596,0.027
EOF4,9.0,27.5,-0.009176502004265785,0.027
EOF4,9.0,28.0,-0.010088321752846241,0.027
EOF4,9.0,28.5,-0.010245153680443764,0.027
EOF4,9.0,29.0,-0.010155647061765194,0.027
EOF4,9.0,29.5,-0.010059905238449574,0.027
EOF4,9.0,30.0,-0.007816246710717678,0.027
EOF4,9.0,30.5,-0.007190825417637825,0.027
EOF4,9.0,31.0,-0.006579339504241943,0.027
EOF4,9.0,31.5,-0.005975480191409588,0.027
EOF4,9.0,32.0,-0.0071885292418301105,0.027
EOF4,9.0,32.5,-0.008456186391413212,0.027
EOF4,9.0,33.0,-0.011491697281599045,0.027
EOF4,9.0,33.5,-0.01453035045415163,0.027
EOF4,9.0,34.0,-0.012936301529407501,0.027
EOF4,9.0,34.5,-0.0067391302436590195,0.027
EOF4,9.5,0.5,-0.004422833677381277,0.027
EOF4,9.5,1.0,-0.00494137778878212,0.027
EOF4,9.5,1.5,-0.0062448326498270035,0.027
EOF4,9.5,2.0,-0.007015619892627001,0.027
EOF4,9.5,2.5,-0.0061804805882275105,0.027
EOF4,9.5,3.0,-0.00535179115831852,0.027
EOF4,9.5,3.5,-0.006515192799270153,0.027
EOF4,9.5,4.0,-0.007068308535963297,0.027
EOF4,9.5,4.5,-0.0069838943891227245,0.027
EOF4,9.5,5.0,-0.007937571033835411,0.027
EOF4,9.5,5.5,-0.008894799277186394,0.027
EOF4,9.5,6.0,-0.005410423502326012,0.027
EOF4,9.5,6.5,-0.0004784200282301754,0.027
EOF4,9.5,7.0,0.0018332478357478976,0.027
EOF4,9.5,7.5,0.001552741159684956,0.027
EOF4,9.5,8.0,0.0022294160444289446,0.027
EOF4,9.5,8.5,0.002418713876977563,0.027
EOF4,9.5,9.0,0.0021235693711787462,0.027
EOF4,9.5,9.5,0.001793721690773964,0.027
EOF4,9.5,10.0,0.0013139385264366865,0.027
EOF4,9.5,10.5,0.0008397725177928805,0.027
EOF4,9.5,11.0,0.002312936121597886,0.027
EOF4,9.5,11.5,0.0014894064515829086,0.027
EOF4,9.5,12.0,-0.0016661103582009673,0.027
EOF4,9.5,12.5,-0.004200718365609646,0.027
EOF4,9.5,13.0,-0.004648165311664343,0.027
EOF4,9.5,13.5,-0.003976061008870602,0.027
EOF4,9.5,14.0,-0.0029072354082018137,0.027
EOF4,9.5,14.5,-0.002392728580161929,0.027
EOF4,9.5,15.0,-0.0024258571211248636,0.027
EOF4,9.5,15.5,-0.003031259635463357,0.027
EOF4,9.5,16.0,-0.004360664635896683,0.027
EOF4,9.5,16.5,-0.006338187027722597,0.027
EOF4,9.5,17.0,-0.008740651421248913,0.027
EOF4,9.5,17.5,-0.012702420353889465,0.027
EOF4,9.5,18.0,-0.018743932247161865,0.027
EOF4,9.5,18.5,-0.025609901174902916,0.027
EOF4,9.5,19.0,-0.024784669280052185,0.027
EOF4,9.5,19.5,-0.01649720035493374,0.027
EOF4,9.5,20.0,-0.009757757186889648,0.027
EOF4,9.5,20.5,-0.006525970529764891,0.027
EOF4,9.5,21.0,-0.004495388362556696,0.027
EOF4,9.5,21.5,-0.003285864135250449,0.027
EOF4,9.5,22.0,-0.003312742570415139,0.027
EOF4,9.5,22.5,-0.0033450687769800425,0.027
EOF4,9.5,23.0,-0.0034936375450342894,0.027
EOF4,9.5,23.5,-0.0036429078318178654,0.027
EOF4,9.5,24.0,-0.00442387443035841,0.027
EOF4,9.5,24.5,-0.005610012914985418,0.027
EOF4,9.5,25.0,-0.0073089599609375,0.027
EOF4,9.5,25.5,-0.006189369130879641,0.027
EOF4,9.5,26.0,-0.00419180653989315,0.027
EOF4,9.5,26.5,-0.005193209275603294,0.027
EOF4,9.5,27.0,-0.009236946702003479,0.027
EOF4,9.5,27.5,-0.012587028555572033,0.027
EOF4,9.5,28.0,-0.013499024324119091,0.027
EOF4,9.5,28.5,-0.01370987482368946,0.027
EOF4,9.5,29.0,-0.012963768094778061,0.027
EOF4,9.5,29.5,-0.010060577653348446,0.027
EOF4,9.5,30.0,-0.007147591561079025,0.027
EOF4,9.5,30.5,-0.006530401296913624,0.027
EOF4,9.5,31.0,-0.007111211307346821,0.027
EOF4,9.5,31.5,-0.008897986263036728,0.027
EOF4,9.5,32.0,-0.010114073753356934,0.027
EOF4,9.5,32.5,-0.009593685157597065,0.027
EOF4,9.5,33.0,-0.009108982048928738,0.027
EOF4,9.5,33.5,-0.012057652696967125,0.027
EOF4,9.5,34.0,-0.010504300706088543,0.027
EOF4,9.5,34.5,-0.004456463735550642,0.027
EOF4,10.0,0.5,-0.010156416334211826,0.027
EOF4,10.0,1.0,-0.011497016064822674,0.027
EOF4,10.0,1.5,-0.01284843496978283,0.027
EOF4,10.0,2.0,-0.013642579317092896,0.027
EOF4,10.0,2.5,-0.012754528783261776,0.027
EOF4,10.0,3.0,-0.011869532987475395,0.027
EOF4,10.0,3.5,-0.01099381409585476,0.027
EOF4,10.0,4.0,-0.011017565615475178,0.027
EOF4,10.0,4.5,-0.011965353041887283,0.027
EOF4,10.0,5.0,-0.012894166633486748,0.027
EOF4,10.0,5.5,-0.013825498521327972,0.027
EOF4,10.0,6.0,-0.010346716269850731,0.027
EOF4,10.0,6.5,-0.0054379780776798725,0.027
EOF4,10.0,7.0,-0.0005464694695547223,0.027
EOF4,10.0,7.5,0.004262486472725868,0.027
EOF4,10.0,8.0,0.003970832098275423,0.027
EOF4,10.0,8.5,0.0036753497552126646,0.027
EOF4,10.0,9.0,0.00337987020611763,0.027
EOF4,10.0,9.5,0.003032106440514326,0.027
EOF4,10.0,10.0,0.0025742179714143276,0.027
EOF4,10.0,10.5,0.002098923083394766,0.027
EOF4,10.0,11.0,0.001609359635040164,0.027
EOF4,10.0,11.5,-0.0001919558271765709,0.027
EOF4,10.0,12.0,-0.00348841305822134,0.027
EOF4,10.0,12.5,-0.006875368766486645,0.027
EOF4,10.0,13.0,-0.010339654982089996,0.027
EOF4,10.0,13.5,-0.010452396236360073,0.027
EOF4,10.0,14.0,-0.009412082843482494,0.027
EOF4,10.0,14.5,-0.00833665207028389,0.027
EOF4,10.0,15.0,-0.007253990974277258,0.027
EOF4,10.0,15.5,-0.009299034252762794,0.027
EOF4,10.0,16.0,-0.01127071212977171,0.027
EOF4,10.0,16.5,-0.013144333846867085,0.027
EOF4,10.0,17.0,-0.016134068369865417,0.027
EOF4,10.0,17.5,-0.022964777424931526,0.027
EOF4,10.0,18.0,-0.029999881982803345,0.027
EOF4,10.0,18.5,-0.037242915481328964,0.027
EOF4,10.0,19.0,-0.03628502041101456,0.027
EOF4,10.0,19.5,-0.027404727414250374,0.027
EOF4,10.0,20.0,-0.01905076950788498,0.027
EOF4,10.0,20.5,-0.011212755925953388,0.027
EOF4,10.0,21.0,-0.009370100684463978,0.027
EOF4,10.0,21.5,-0.009298940189182758,0.027
EOF4,10.0,22.0,-0.009217613376677036,0.027
EOF4,10.0,22.5,-0.009148106910288334,0.027
EOF4,10.0,23.0,-0.009233961813151836,0.027
EOF4,10.0,23.5,-0.00932655856013298,0.027
EOF4,10.0,24.0,-0.009402166120707989,0.027
EOF4,10.0,24.5,-0.008936773985624313,0.027
EOF4,10.0,25.0,-0.006851252168416977,0.027
EOF4,10.0,25.5,-0.004840744659304619,0.027
EOF4,10.0,26.0,-0.0029008302371948957,0.027
EOF4,10.0,26.5,-0.0038912261370569468,0.027
EOF4,10.0,27.0,-0.007839392870664597,0.027
EOF4,10.0,27.5,-0.011925353668630123,0.027
EOF4,10.0,28.0,-0.016148198395967484,0.027
EOF4,10.0,28.5,-0.015080255456268787,0.027
EOF4,10.0,29.0,-0.012233355082571507,0.027
EOF4,10.0,29.5,-0.009355993010103703,0.027
EOF4,10.0,30.0,-0.006483220495283604,0.027
EOF4,10.0,30.5,-0.008203255012631416,0.027
EOF4,10.0,31.0,-0.009971026331186295,0.027
EOF4,10.0,31.5,-0.011747831478714943,0.027
EOF4,10.0,32.0,-0.012959309853613377,0.027
EOF4,10.0,32.5,-0.012420355342328548,0.027
EOF4,10.0,33.0,-0.011896411888301373,0.027
EOF4,10.0,33.5,-0.011377961374819279,0.027
EOF4,10.0,34.0,-0.009089110419154167,0.027
EOF4,10.0,34.5,-0.005015332251787186,0.027
EOF4,10.5,0.5,-0.010264568962156773,0.027
EOF4,10.5,1.0,-0.01160197053104639,0.027
EOF4,10.5,1.5,-0.012921595014631748,0.027
EOF4,10.5,2.0,-0.01369050145149231,0.027
EOF4,10.5,2.5,-0.01282639242708683,0.027
EOF4,10.5,3.0,-0.011966479942202568,0.027
EOF4,10.5,3.5,-0.011624661274254322,0.027
EOF4,10.5,4.0,-0.009724644012749195,0.027
EOF4,10.5,4.5,-0.006312122568488121,0.027
EOF4,10.5,5.0,-0.007231018040329218,0.027
EOF4,10.5,5.5,-0.008171293884515762,0.027
EOF4,10.5,6.0,-0.004751012194901705,0.027
EOF4,10.5,6.5,9.329178283223882e-05,0.027
EOF4,10.5,7.0,0.0031778004486113787,0.027
EOF4,10.5,7.5,0.004514886997640133,0.027
EOF4,10.5,8.0,0.004214747808873653,0.027
EOF4,10.5,8.5,0.003919454291462898,0.027
EOF4,10.5,9.0,0.0032955179922282696,0.027
EOF4,10.5,9.5,0.0023178430274128914,0.027
EOF4,10.5,10.0,0.0006413500523194671,0.027
EOF4,10.5,10.5,-0.00014937861124053597,0.027
EOF4,10.5,11.0,-0.0006629156414419413,0.027
EOF4,10.5,11.5,0.0016103617381304502,0.027
EOF4,10.5,12.0,0.006483085919171572,0.027
EOF4,10.5,12.5,0.003451473545283079,0.027
EOF4,10.5,13.0,0.000296368554700166,0.027
EOF4,10.5,13.5,0.0003228568530175835,0.027
EOF4,10.5,14.0,0.0014589043566957116,0.027
EOF4,10.5,14.5,0.001775297918356955,0.027
EOF4,10.5,15.0,0.0012464418541640043,0.027
EOF4,10.5,15.5,-0.0010550064034759998,0.027
EOF4,10.5,16.0,-0.0032727078069001436,0.027
EOF4,10.5,16.5,-0.0053044469095766544,0.027
EOF4,10.5,17.0,-0.006828571669757366,0.027
EOF4,10.5,17.5,-0.00710176071152091,0.027
EOF4,10.5,18.0,-0.011830072849988937,0.027
EOF4,10.5,18.5,-0.018214121460914612,0.027
EOF4,10.5,19.0,-0.01749393716454506,0.027
EOF4,10.5,19.5,-0.009880033321678638,0.027
EOF4,10.5,20.0,-0.005456780083477497,0.027
EOF4,10.5,20.5,-0.009726488031446934,0.027
EOF4,10.5,21.0,-0.013280533254146576,0.027
EOF4,10.5,21.5,-0.015533770434558392,0.027
EOF4,10.5,22.0,-0.01534984353929758,0.027
EOF4,10.5,22.5,-0.015169506892561913,0.027
EOF4,10.5,23.0,-0.01567063108086586,0.027
EOF4,10.5,23.5,-0.015922928228974342,0.027
EOF4,10.5,24.0,-0.015925705432891846,0.027
EOF4,10.5,24.5,-0.014608850702643394,0.027
EOF4,10.5,25.0,-0.009403562173247337,0.027
EOF4,10.5,25.5,-0.006607005838304758,0.027
EOF4,10.5,26.0,-0.0046533034183084965,0.027
EOF4,10.5,26.5,-0.005624469369649887,0.027
EOF4,10.5,27.0,-0.009574491530656815,0.027
EOF4,10.5,27.5,-0.01232941821217537,0.027
EOF4,10.5,28.0,-0.011147537268698215,0.027
EOF4,10.5,28.5,-0.01044768001884222,0.027
EOF4,10.5,29.0,-0.009325318969786167,0.027
EOF4,10.5,29.5,-0.006477816961705685,0.027
EOF4,10.5,30.0,-0.0036310888826847076,0.027
EOF4,10.5,30.5,-0.005334990564733744,0.027
EOF4,10.5,31.0,-0.007067333906888962,0.027
EOF4,10.5,31.5,-0.01022367924451828,0.027
EOF4,10.5,32.0,-0.01256247702986002,0.027
EOF4,10.5,32.5,-0.010911146178841591,0.027
EOF4,10.5,33.0,-0.010115619748830795,0.027
EOF4,10.5,33.5,-0.009617212228477001,0.027
EOF4,10.5,34.0,-0.007335748989135027,0.027
EOF4,10.5,34.5,-0.0032601295970380306,0.027
EOF4,11.0,0.5,-0.010303223505616188,0.027
EOF4,11.0,1.0,-0.01161616388708353,0.027
EOF4,11.0,1.5,-0.012953370809555054,0.027
EOF4,11.0,2.0,-0.013707996346056461,0.027
EOF4,11.0,2.5,-0.013129015453159809,0.027
EOF4,11.0,3.0,-0.012797795236110687,0.027
EOF4,11.0,3.5,-0.012466144748032093,0.027
EOF4,11.0,4.0,-0.010581345297396183,0.027
EOF4,11.0,4.5,-0.007173242047429085,0.027
EOF4,11.0,5.0,-0.0037907410878688097,0.027
EOF4,11.0,5.5,-0.0025916029699146748,0.027
EOF4,11.0,6.0,0.0007453313446603715,0.027
EOF4,11.0,6.5,0.002080654026940465,0.027
EOF4,11.0,7.0,0.0034158341586589813,0.027
EOF4,11.0,7.5,0.0047530969604849815,0.027
EOF4,11.0,8.0,0.004357536323368549,0.027
EOF4,11.0,8.5,0.003611581167206168,0.027
EOF4,11.0,9.0,0.0028678032103925943,0.027
EOF4,11.0,9.5,0.0018756011268123984,0.027
EOF4,11.0,10.0,0.00018600445764604956,0.027
EOF4,11.0,10.5,-0.0015063144965097308,0.027
EOF4,11.0,11.0,-0.00288694747723639,0.027
EOF4,11.0,11.5,-0.0006523048505187035,0.027
EOF4,11.0,12.0,0.004253983031958342,0.027
EOF4,11.0,12.5,0.009002689272165298,0.027
EOF4,11.0,13.0,0.00985974445939064,0.027
EOF4,11.0,13.5,0.010003497824072838,0.027
EOF4,11.0,14.0,0.009608864784240723,0.027
EOF4,11.0,14.5,0.009194431826472282,0.027
EOF4,11.0,15.0,0.008767258375883102,0.027
EOF4,11.0,15.5,0.006708118598908186,0.027
EOF4,11.0,16.0,0.004590816795825958,0.027
EOF4,11.0,16.5,0.0024116714484989643,0.027
EOF4,11.0,17.0,0.0007148453150875866,0.027
EOF4,11.0,17.5,0.00018401588022243232,0.027
EOF4,11.0,18.0,-0.0002979638520628214,0.027
EOF4,11.0,18.5,-0.0020750744733959436,0.027
EOF4,11.0,19.0,-0.0015323248226195574,0.027
EOF4,11.0,19.5,-0.002659599296748638,0.027
EOF4,11.0,20.0,-0.006727110128849745,0.027
EOF4,11.0,20.5,-0.011151389218866825,0.027
EOF4,11.0,21.0,-0.014797148294746876,0.027
EOF4,11.0,21.5,-0.01785387098789215,0.027
EOF4,11.0,22.0,-0.020679466426372528,0.027
EOF4,11.0,22.5,-0.02114229090511799,0.027
EOF4,11.0,23.0,-0.021495120599865913,0.027
EOF4,11.0,23.5,-0.02182571217417717,0.027
EOF4,11.0,24.0,-0.022140638902783394,0.027
EOF4,11.0,24.5,-0.020793750882148743,0.027
EOF4,11.0,25.0,-0.015660030767321587,0.027
EOF4,11.0,25.5,-0.010606448166072369,0.027
EOF4,11.0,26.0,-0.006383294239640236,0.027
EOF4,11.0,26.5,-0.007354604080319405,0.027
EOF4,11.0,27.0,-0.007447255775332451,0.027
EOF4,11.0,27.5,-0.006266611162573099,0.027
EOF4,11.0,28.0,-0.005077179986983538,0.027
EOF4,11.0,28.5,-0.004333718214184046,0.027
EOF4,11.0,29.0,-0.003722607158124447,0.027
EOF4,11.0,29.5,-0.003112823935225606,0.027
EOF4,11.0,30.0,-0.0008377604535780847,0.027
EOF4,11.0,30.5,-0.002971015404909849,0.027
EOF4,11.0,31.0,-0.006513349246233702,0.027
EOF4,11.0,31.5,-0.010113503783941269,0.027
EOF4,11.0,32.0,-0.0124287074431777,0.027
EOF4,11.0,32.5,-0.010792097076773643,0.027
EOF4,11.0,33.0,-0.00916859321296215,0.027
EOF4,11.0,33.5,-0.007839578203856945,0.027
EOF4,11.0,34.0,-0.005566100589931011,0.027
EOF4,11.0,34.5,-0.0036278029438108206,0.027
EOF4,11.5,0.5,-0.010442675091326237,0.027
EOF4,11.5,1.0,-0.01171395368874073,0.027
EOF4,11.5,1.5,-0.013002900406718254,0.027
EOF4,11.5,2.0,-0.01380388904362917,0.027
EOF4,11.5,2.5,-0.01329412218183279,0.027
EOF4,11.5,3.0,-0.01297998707741499,0.027
EOF4,11.5,3.5,-0.01265745796263218,0.027
EOF4,11.5,4.0,-0.010830438695847988,0.027
EOF4,11.5,4.5,-0.007533077150583267,0.027
EOF4,11.5,5.0,-0.004260188899934292,0.027
EOF4,11.5,5.5,-0.001527341897599399,0.027
EOF4,11.5,6.0,-0.0016196983633562922,0.027
EOF4,11.5,6.5,-0.0003654065658338368,0.027
EOF4,11.5,7.0,0.000928040302824229,0.027
EOF4,11.5,7.5,0.002213594038039446,0.027
EOF4,11.5,8.0,0.001487656612880528,0.027
EOF4,11.5,8.5,0.0007526291301473975,0.027
EOF4,11.5,9.0,1.0151384230994154e-05,0.027
EOF4,11.5,9.5,-0.00046342270798049867,0.027
EOF4,11.5,10.0,-0.002109488705173135,0.027
EOF4,11.5,10.5,-0.0037450194358825684,0.027
EOF4,11.5,11.0,-0.004579946398735046,0.027
EOF4,11.5,11.5,-0.0013861118350178003,0.027
EOF4,11.5,12.0,0.003369850106537342,0.027
EOF4,11.5,12.5,0.007973083294928074,0.027
EOF4,11.5,13.0,0.011087656021118164,0.027
EOF4,11.5,13.5,0.013181312009692192,0.027
EOF4,11.5,14.0,0.012834856286644936,0.027
EOF4,11.5,14.5,0.012462842278182507,0.027
EOF4,11.5,15.0,0.012101197615265846,0.027
EOF4,11.5,15.5,0.01348537765443325,0.027
EOF4,11.5,16.0,0.01156463660299778,0.027
EOF4,11.5,16.5,0.00957147404551506,0.027
EOF4,11.5,17.0,0.007859203964471817,0.027
EOF4,11.5,17.5,0.007099561858922243,0.027
EOF4,11.5,18.0,0.006398074794560671,0.027
EOF4,11.5,18.5,0.0042706141248345375,0.027
EOF4,11.5,19.0,-9.804910661159738e-08,0.027
EOF4,11.5,19.5,-0.0033159845042973757,0.027
EOF4,11.5,20.0,-0.007384376134723425,0.027
EOF4,11.5,20.5,-0.011818045750260353,0.027
EOF4,11.5,21.0,-0.015414088033139706,0.027
EOF4,11.5,21.5,-0.018440257757902145,0.027
EOF4,11.5,22.0,-0.021225934848189354,0.027
EOF4,11.5,22.5,-0.022233232855796814,0.027
EOF4,11.5,23.0,-0.022563792765140533,0.027
EOF4,11.5,23.5,-0.0228729285299778,0.027
EOF4,11.5,24.0,-0.02316078543663025,0.027
EOF4,11.5,24.5,-0.021486740559339523,0.027
EOF4,11.5,25.0,-0.01640605926513672,0.027
EOF4,11.5,25.5,-0.011398346163332462,0.027
EOF4,11.5,26.0,-0.007270144764333963,0.027
EOF4,11.5,26.5,-0.005063878837972879,0.027
EOF4,11.5,27.0,-0.003507770597934723,0.027
EOF4,11.5,27.5,-0.0023200041614472866,0.027
EOF4,11.5,28.0,-0.0011251092655584216,0.027
EOF4,11.5,28.5,-0.0003521826583892107,0.027
EOF4,11.5,29.0,0.00028276440571062267,0.027
EOF4,11.5,29.5,0.0009391503408551216,0.027
EOF4,11.5,30.0,-0.0007135374471545219,0.027
EOF4,11.5,30.5,-0.0007261799182742834,0.027
EOF4,11.5,31.0,-0.004208541940897703,0.027
EOF4,11.5,31.5,-0.007737432606518269,0.027
EOF4,11.5,32.0,-0.010010314173996449,0.027
EOF4,11.5,32.5,-0.00840552058070898,0.027
EOF4,11.5,33.0,-0.006816495209932327,0.027
EOF4,11.5,33.5,-0.0045728376135230064,0.027
EOF4,11.5,34.0,-0.005631841719150543,0.027
EOF4,11.5,34.5,-0.006312442012131214,0.027
EOF4,12.0,0.5,-0.012386204674839973,0.027
EOF4,12.0,1.0,-0.012253962457180023,0.027
EOF4,12.0,1.5,-0.013158050365746021,0.027
EOF4,12.0,2.0,-0.01393511425703764,0.027
EOF4,12.0,2.5,-0.01323495339602232,0.027
EOF4,12.0,3.0,-0.012551188468933105,0.027
EOF4,12.0,3.5,-0.01224625576287508,0.027
EOF4,12.0,4.0,-0.010514017194509506,0.027
EOF4,12.0,4.5,-0.007390585727989674,0.027
EOF4,12.0,5.0,-0.005277443677186966,0.027
EOF4,12.0,5.5,-0.003157294588163495,0.027
EOF4,12.0,6.0,-0.00326994014903903,0.027
EOF4,12.0,6.5,-0.004123796708881855,0.027
EOF4,12.0,7.0,-0.003953142557293177,0.027
EOF4,12.0,7.5,-0.0027447734028100967,0.027
EOF4,12.0,8.0,-0.0034556665923446417,0.027
EOF4,12.0,8.5,-0.0038419989868998528,0.027
EOF4,12.0,9.0,-0.0038958056829869747,0.027
EOF4,12.0,9.5,-0.004329952877014875,0.027
EOF4,12.0,10.0,-0.005865842569619417,0.027
EOF4,12.0,10.5,-0.005169848445802927,0.027
EOF4,12.0,11.0,-0.003731570905074477,0.027
EOF4,12.0,11.5,-0.0007042589713819325,0.027
EOF4,12.0,12.0,0.0037844975013285875,0.027
EOF4,12.0,12.5,0.00548162404447794,0.027
EOF4,12.0,13.0,0.0071618701331317425,0.027
EOF4,12.0,13.5,0.009143472649157047,0.027
EOF4,12.0,14.0,0.011309039779007435,0.027
EOF4,12.0,14.5,0.012239912524819374,0.027
EOF4,12.0,15.0,0.011881648562848568,0.027
EOF4,12.0,15.5,0.014344705268740654,0.027
EOF4,12.0,16.0,0.01679914817214012,0.027
EOF4,12.0,16.5,0.01603562757372856,0.027
EOF4,12.0,17.0,0.014382581226527691,0.027
EOF4,12.0,17.5,0.013432233594357967,0.027
EOF4,12.0,18.0,0.008320792578160763,0.027
EOF4,12.0,18.5,0.0016048994148150086,0.027
EOF4,12.0,19.0,-0.0028664590790867805,0.027
EOF4,12.0,19.5,-0.00488050514832139,0.027
EOF4,12.0,20.0,-0.007374526467174292,0.027
EOF4,12.0,20.5,-0.011641936376690865,0.027
EOF4,12.0,21.0,-0.015112525783479214,0.027
EOF4,12.0,21.5,-0.01745499297976494,0.027
EOF4,12.0,22.0,-0.01797015778720379,0.027
EOF4,12.0,22.5,-0.018478844314813614,0.027
EOF4,12.0,23.0,-0.018900427967309952,0.027
EOF4,12.0,23.5,-0.018886731937527657,0.027
EOF4,12.0,24.0,-0.018470147624611855,0.027
EOF4,12.0,24.5,-0.016889749094843864,0.027
EOF4,12.0,25.0,-0.011845138855278492,0.027
EOF4,12.0,25.5,-0.00927343312650919,0.027
EOF4,12.0,26.0,-0.007553892210125923,0.027
EOF4,12.0,26.5,-0.005364891607314348,0.027
EOF4,12.0,27.0,-0.002657586243003607,0.027
EOF4,12.0,27.5,-0.00029904628172516823,0.027
EOF4,12.0,28.0,0.0009057220304384828,0.027
EOF4,12.0,28.5,0.0016872846754267812,0.027
EOF4,12.0,29.0,0.001591276261024177,0.027
EOF4,12.0,29.5,-0.0008067457820288837,0.027
EOF4,12.0,30.0,-0.0032642618753015995,0.027
EOF4,12.0,30.5,-0.0021043657325208187,0.027
EOF4,12.0,31.0,-0.000954758666921407,0.027
EOF4,12.0,31.5,-0.0032368118409067392,0.027
EOF4,12.0,32.0,-0.005451558157801628,0.027
EOF4,12.0,32.5,-0.003898891620337963,0.027
EOF4,12.0,33.0,-0.00039164372719824314,0.027
EOF4,12.0,33.5,0.0037427530623972416,0.027
EOF4,12.0,34.0,0.0027790828607976437,0.027
EOF4,12.0,34.5,-0.003462150227278471,0.027
EOF4,12.5,0.5,-0.01455327495932579,0.027
EOF4,12.5,1.0,-0.01442716270685196,0.027
EOF4,12.5,1.5,-0.014298750087618828,0.027
EOF4,12.5,2.0,-0.014040638692677021,0.027
EOF4,12.5,2.5,-0.013370775617659092,0.027
EOF4,12.5,3.0,-0.012700035236775875,0.027
EOF4,12.5,3.5,-0.012041670270264149,0.027
EOF4,12.5,4.0,-0.010702114552259445,0.027
EOF4,12.5,4.5,-0.008689822629094124,0.027
EOF4,12.5,5.0,-0.0066682277247309685,0.027
EOF4,12.5,5.5,-0.004648358561098576,0.027
EOF4,12.5,6.0,-0.00476077850908041,0.027
EOF4,12.5,6.5,-0.005590264219790697,0.027
EOF4,12.5,7.0,-0.0064234659075737,0.027
EOF4,12.5,7.5,-0.007248393725603819,0.027
EOF4,12.5,8.0,-0.0072939833626151085,0.027
EOF4,12.5,8.5,-0.007339179050177336,0.027
EOF4,12.5,9.0,-0.00737736513838172,0.027
EOF4,12.5,9.5,-0.00708312913775444,0.027
EOF4,12.5,10.0,-0.0057049100287258625,0.027
EOF4,12.5,10.5,-0.004331661853939295,0.027
EOF4,12.5,11.0,-0.002965856110677123,0.027
EOF4,12.5,11.5,-0.001445312867872417,0.027
EOF4,12.5,12.0,0.00018675802857615054,0.027
EOF4,12.5,12.5,0.0018237403128296137,0.027
EOF4,12.5,13.0,0.0034528893884271383,0.027
EOF4,12.5,13.5,0.0053138816729187965,0.027
EOF4,12.5,14.0,0.007334744557738304,0.027
EOF4,12.5,14.5,0.00944265816360712,0.027
EOF4,12.5,15.0,0.011641129851341248,0.027
EOF4,12.5,15.5,0.014094188809394836,0.027
EOF4,12.5,16.0,0.01653040573000908,0.027
EOF4,12.5,16.5,0.01894315518438816,0.027
EOF4,12.5,17.0,0.019075332209467888,0.027
EOF4,12.5,17.5,0.01250496692955494,0.027
EOF4,12.5,18.0,0.005698025692254305,0.027
EOF4,12.5,18.5,-0.0013680720003321767,0.027
EOF4,12.5,19.0,-0.005991651676595211,0.027
EOF4,12.5,19.5,-0.0080651193857193,0.027
EOF4,12.5,20.0,-0.010082929395139217,0.027
EOF4,12.5,20.5,-0.012068262323737144,0.027
EOF4,12.5,21.0,-0.01300718728452921,0.027
EOF4,12.5,21.5,-0.0135757802054286,0.027
EOF4,12.5,22.0,-0.014131836593151093,0.027
EOF4,12.5,22.5,-0.014678050763905048,0.027
EOF4,12.5,23.0,-0.014375817030668259,0.027
EOF4,12.5,23.5,-0.014072472229599953,0.027
EOF4,12.5,24.0,-0.01379171758890152,0.027
EOF4,12.5,24.5,-0.013100001029670238,0.027
EOF4,12.5,25.0,-0.011301529593765736,0.027
EOF4,12.5,25.5,-0.009542002342641354,0.027
EOF4,12.5,26.0,-0.007829396985471249,0.027
EOF4,12.5,26.5,-0.00566332321614027,0.027
EOF4,12.5,27.0,-0.002975365612655878,0.027
EOF4,12.5,27.5,-0.00025519364862702787,0.027
EOF4,12.5,28.0,0.0025075948797166348,0.027
EOF4,12.5,28.5,0.0015043078456074,0.027
EOF4,12.5,29.0,-0.0008570317877456546,0.027
EOF4,12.5,29.5,-0.0032819868065416813,0.027
EOF4,12.5,30.0,-0.0057631246745586395,0.027
EOF4,12.5,30.5,-0.004599644336849451,0.027
EOF4,12.5,31.0,-0.0034377516712993383,0.027
EOF4,12.5,31.5,-0.002286390168592334,0.027
EOF4,12.5,32.0,-0.0004747154307551682,0.027
EOF4,12.5,32.5,0.003602362470701337,0.027
EOF4,12.5,33.0,0.007646022830158472,0.027
EOF4,12.5,33.5,0.011649404652416706,0.027
EOF4,12.5,34.0,0.010760380886495113,0.027
EOF4,12.5,34.5,0.0048364754766225815,0.027
EOF4,13.0,0.5,-0.013869896531105042,0.027
EOF4,13.0,1.0,-0.013746801763772964,0.027
EOF4,13.0,1.5,-0.013613334856927395,0.027
EOF4,13.0,2.0,-0.01335339155048132,0.027
EOF4,13.0,2.5,-0.01271176990121603,0.027
EOF4,13.0,3.0,-0.012065332382917404,0.027
EOF4,13.0,3.5,-0.011423613876104355,0.027
EOF4,13.0,4.0,-0.010119183920323849,0.027
EOF4,13.0,4.5,-0.008152381516993046,0.027
EOF4,13.0,5.0,-0.006543629337102175,0.027
EOF4,13.0,5.5,-0.006018395069986582,0.027
EOF4,13.0,6.0,-0.0064898948185145855,0.027
EOF4,13.0,6.5,-0.0072962637059390545,0.027
EOF4,13.0,7.0,-0.007552755530923605,0.027
EOF4,13.0,7.5,-0.007235839497298002,0.027
EOF4,13.0,8.0,-0.007710654754191637,0.027
EOF4,13.0,8.5,-0.007963004522025585,0.027
EOF4,13.0,9.0,-0.008005698211491108,0.027
EOF4,13.0,9.5,-0.007630453910678625,0.027
EOF4,13.0,10.0,-0.006009984295815229,0.027
EOF4,13.0,10.5,-0.004613311029970646,0.027
EOF4,13.0,11.0,-0.0032847439870238304,0.027
EOF4,13.0,11.5,-0.001830975292250514,0.027
EOF4,13.0,12.0,-0.0002479614340700209,0.027
EOF4,13.0,12.5,0.0007542534731328487,0.027
EOF4,13.0,13.0,3.115147046628408e-05,0.027
EOF4,13.0,13.5,0.001195030054077506,0.027
EOF4,13.0,14.0,0.0030670962296426296,0.027
EOF4,13.0,14.5,0.0052967253141105175,0.027
EOF4,13.0,15.0,0.007835857570171356,0.027
EOF4,13.0,15.5,0.010151620954275131,0.027
EOF4,13.0,16.0,0.012454593554139137,0.027
EOF4,13.0,16.5,0.007682740688323975,0.027
EOF4,13.0,17.0,0.0006135540315881371,0.027
EOF4,13.0,17.5,-0.006021845620125532,0.027
EOF4,13.0,18.0,-0.01282263919711113,0.027
EOF4,13.0,18.5,-0.009038220159709454,0.027
EOF4,13.0,19.0,-0.008099851198494434,0.027
EOF4,13.0,19.5,-0.009989557787775993,0.027
EOF4,13.0,20.0,-0.010409560985863209,0.027
EOF4,13.0,20.5,-0.006509822327643633,0.027
EOF4,13.0,21.0,-0.008257866837084293,0.027
EOF4,13.0,21.5,-0.011178544722497463,0.027
EOF4,13.0,22.0,-0.01173862349241972,0.027
EOF4,13.0,22.5,-0.012297052890062332,0.027
EOF4,13.0,23.0,-0.013368058949708939,0.027
EOF4,13.0,23.5,-0.013760455884039402,0.027
EOF4,13.0,24.0,-0.013477731496095657,0.027
EOF4,13.0,24.5,-0.012817326933145523,0.027
EOF4,13.0,25.0,-0.011002447456121445,0.027
EOF4,13.0,25.5,-0.009248926304280758,0.027
EOF4,13.0,26.0,-0.009046457707881927,0.027
EOF4,13.0,26.5,-0.007612619083374739,0.027
EOF4,13.0,27.0,-0.004902765154838562,0.027
EOF4,13.0,27.5,-0.002161283977329731,0.027
EOF4,13.0,28.0,0.000582613458391279,0.027
EOF4,13.0,28.5,0.0018550666281953454,0.027
EOF4,13.0,29.0,0.0018718511564657092,0.027
EOF4,13.0,29.5,-0.0004940001526847482,0.027
EOF4,13.0,30.0,-0.0029193442314863205,0.027
EOF4,13.0,30.5,-0.0017822862137109041,0.027
EOF4,13.0,31.0,-0.0006375187076628208,0.027
EOF4,13.0,31.5,-0.0014075902290642262,0.027
EOF4,13.0,32.0,-0.0019517762120813131,0.027
EOF4,13.0,32.5,1.1463766895758454e-05,0.027
EOF4,13.0,33.0,0.003525359323248267,0.027
EOF4,13.0,33.5,0.00752510828897357,0.027
EOF4,13.0,34.0,0.006619252730160952,0.027
EOF4,13.0,34.5,0.0006321308901533484,0.027
EOF4,13.5,0.5,-0.01321660727262497,0.027
EOF4,13.5,1.0,-0.013085891492664814,0.027
EOF4,13.5,1.5,-0.012944944202899933,0.027
EOF4,13.5,2.0,-0.012692357413470745,0.027
EOF4,13.5,2.5,-0.012071806937456131,0.027
EOF4,13.5,3.0,-0.0114510552957654,0.027
EOF4,13.5,3.5,-0.010824417695403099,0.027
EOF4,13.5,4.0,-0.009554851800203323,0.027
EOF4,13.5,4.5,-0.00868942029774189,0.027
EOF4,13.5,5.0,-0.008175760507583618,0.027
EOF4,13.5,5.5,-0.007658458314836025,0.027
EOF4,13.5,6.0,-0.008117865771055222,0.027
EOF4,13.5,6.5,-0.007820065133273602,0.027
EOF4,13.5,7.0,-0.007518555037677288,0.027
EOF4,13.5,7.5,-0.007213366683572531,0.027
EOF4,13.5,8.0,-0.0076787881553173065,0.027
EOF4,13.5,8.5,-0.008130925707519054,0.027
EOF4,13.5,9.0,-0.008591116406023502,0.027
EOF4,13.5,9.5,-0.008229298517107964,0.027
EOF4,13.5,10.0,-0.006651668343693018,0.027
EOF4,13.5,10.5,-0.005083691328763962,0.027
EOF4,13.5,11.0,-0.003591288812458515,0.027
EOF4,13.5,11.5,-0.0021807176526635885,0.027
EOF4,13.5,12.0,-0.002326361136510968,0.027
EOF4,13.5,12.5,-0.00302749196998775,0.027
EOF4,13.5,13.0,-0.0037211363669484854,0.027
EOF4,13.5,13.5,-0.002643614076077938,0.027
EOF4,13.5,14.0,-0.0002842905814759433,0.027
EOF4,13.5,14.5,0.0020900554955005646,0.027
EOF4,13.5,15.0,0.004478107206523418,0.027
EOF4,13.5,15.5,0.00442555220797658,0.027
EOF4,13.5,16.0,-0.002457351190969348,0.027
EOF4,13.5,16.5,-0.009500167332589626,0.027
EOF4,13.5,17.0,-0.016520116478204727,0.027
EOF4,13.5,17.5,-0.017982231453061104,0.027
EOF4,13.5,18.0,-0.014346557669341564,0.027
EOF4,13.5,18.5,-0.010770170949399471,0.027
EOF4,13.5,19.0,-0.009886146523058414,0.027
EOF4,13.5,19.5,-0.007584795821458101,0.027
EOF4,13.5,20.0,-0.003906160593032837,0.027
EOF4,13.5,20.5,-0.0001853262074291706,0.027
EOF4,13.5,21.0,-0.001781382947228849,0.027
EOF4,13.5,21.5,-0.005218605510890484,0.027
EOF4,13.5,22.0,-0.008728396147489548,0.027
EOF4,13.5,22.5,-0.010043323040008545,0.027
EOF4,13.5,23.0,-0.011098350398242474,0.027
EOF4,13.5,23.5,-0.012151974253356457,0.027
EOF4,13.5,24.0,-0.013168152421712875,0.027
EOF4,13.5,24.5,-0.012521201744675636,0.027
EOF4,13.5,25.0,-0.011496747843921185,0.027
EOF4,13.5,25.5,-0.01128048449754715,0.027
EOF4,13.5,26.0,-0.011063903570175171,0.027
EOF4,13.5,26.5,-0.009607465006411076,0.027
EOF4,13.5,27.0,-0.0068424358032643795,0.027
EOF4,13.5,27.5,-0.004082187078893185,0.027
EOF4,13.5,28.0,-0.0013458018656820059,0.027
EOF4,13.5,28.5,-9.268116264138371e-05,0.027
EOF4,13.5,29.0,0.0006869664648547769,0.027
EOF4,13.5,29.5,0.0014869028236716986,0.027
EOF4,13.5,30.0,-8.596679981565103e-05,0.027
EOF4,13.5,30.5,0.00038756037247367203,0.027
EOF4,13.5,31.0,-0.0010164256673306227,0.027
EOF4,13.5,31.5,-0.0023840831127017736,0.027
EOF4,13.5,32.0,-0.002921846229583025,0.027
EOF4,13.5,32.5,-0.0009830605704337358,0.027
EOF4,13.5,33.0,0.0009456942789256573,0.027
EOF4,13.5,33.5,0.003400217043235898,0.027
EOF4,13.5,34.0,0.002464601770043373,0.027
EOF4,13.5,34.5,-0.000821252993773669,0.027
EOF4,14.0,0.5,-0.012986629270017147,0.027
EOF4,14.0,1.0,-0.012853307649493217,0.027
EOF4,14.0,1.5,-0.012723533436655998,0.027
EOF4,14.0,2.0,-0.012469007633626461,0.027
EOF4,14.0,2.5,-0.01186713483184576,0.027
EOF4,14.0,3.0,-0.011266995221376419,0.027
EOF4,14.0,3.5,-0.010848241858184338,0.027
EOF4,14.0,4.0,-0.0107541149482131,0.027
EOF4,14.0,4.5,-0.010284343734383583,0.027
EOF4,14.0,5.0,-0.0097773103043437,0.027
EOF4,14.0,5.5,-0.009269407950341702,0.027
EOF4,14.0,6.0,-0.008928525261580944,0.027
EOF4,14.0,6.5,-0.008636637590825558,0.027
EOF4,14.0,7.0,-0.008342240005731583,0.027
EOF4,14.0,7.5,-0.007805281318724155,0.027
EOF4,14.0,8.0,-0.008248421363532543,0.027
EOF4,14.0,8.5,-0.008695876225829124,0.027
EOF4,14.0,9.0,-0.009143443778157234,0.027
EOF4,14.0,9.5,-0.009397369809448719,0.027
EOF4,14.0,10.0,-0.007852480746805668,0.027
EOF4,14.0,10.5,-0.006319450214505196,0.027
EOF4,14.0,11.0,-0.004877403844147921,0.027
EOF4,14.0,11.5,-0.004658558405935764,0.027
EOF4,14.0,12.0,-0.005360954441130161,0.027
EOF4,14.0,12.5,-0.006038861349225044,0.027
EOF4,14.0,13.0,-0.006718003656715155,0.027
EOF4,14.0,13.5,-0.0065997205674648285,0.027
EOF4,14.0,14.0,-0.004342155996710062,0.027
EOF4,14.0,14.5,-0.0020644781179726124,0.027
EOF4,14.0,15.0,0.00022115082538221031,0.027
EOF4,14.0,15.5,-0.0003989987017121166,0.027
EOF4,14.0,16.0,-0.007235376629978418,0.027
EOF4,14.0,16.5,-0.014230682514607906,0.027
EOF4,14.0,17.0,-0.01869109645485878,0.027
EOF4,14.0,17.5,-0.01512918621301651,0.027
EOF4,14.0,18.0,-0.011639044620096684,0.027
EOF4,14.0,18.5,-0.009165027178823948,0.027
EOF4,14.0,19.0,-0.008426240645349026,0.027
EOF4,14.0,19.5,-0.005278908181935549,0.027
EOF4,14.0,20.0,-0.001692775171250105,0.027
EOF4,14.0,20.5,0.0019328558119013906,0.027
EOF4,14.0,21.0,0.0004003246722277254,0.027
EOF4,14.0,21.5,-0.0029145004227757454,0.027
EOF4,14.0,22.0,-0.006298708263784647,0.027
EOF4,14.0,22.5,-0.009303878992795944,0.027
EOF4,14.0,23.0,-0.010361781343817711,0.027
EOF4,14.0,23.5,-0.011386550031602383,0.027
EOF4,14.0,24.0,-0.01239261869341135,0.027
EOF4,14.0,24.5,-0.013462435454130173,0.027
EOF4,14.0,25.0,-0.01630047708749771,0.027
EOF4,14.0,25.5,-0.01604037545621395,0.027
EOF4,14.0,26.0,-0.015780402347445488,0.027
EOF4,14.0,26.5,-0.014252250082790852,0.027
EOF4,14.0,27.0,-0.01146453246474266,0.027
EOF4,14.0,27.5,-0.008700118400156498,0.027
EOF4,14.0,28.0,-0.009815467521548271,0.027
EOF4,14.0,28.5,-0.010578742250800133,0.027
EOF4,14.0,29.0,-0.009930619038641453,0.027
EOF4,14.0,29.5,-0.009266049601137638,0.027
EOF4,14.0,30.0,-0.005761594511568546,0.027
EOF4,14.0,30.5,-0.0016604885458946228,0.027
EOF4,14.0,31.0,-0.003035410074517131,0.027
EOF4,14.0,31.5,-0.004383159801363945,0.027
EOF4,14.0,32.0,-0.0047933487221598625,0.027
EOF4,14.0,32.5,-0.0026720978785306215,0.027
EOF4,14.0,33.0,-0.000749460537917912,0.027
EOF4,14.0,33.5,0.0011762537760660052,0.027
EOF4,14.0,34.0,0.000965065963100642,0.027
EOF4,14.0,34.5,-0.0013890566769987345,0.027
EOF4,14.5,0.5,-0.01305408962070942,0.027
EOF4,14.5,1.0,-0.013012966141104698,0.027
EOF4,14.5,1.5,-0.012903374619781971,0.027
EOF4,14.5,2.0,-0.012659663334488869,0.027
EOF4,14.5,2.5,-0.012071399949491024,0.027
EOF4,14.5,3.0,-0.012044249102473259,0.027
EOF4,14.5,3.5,-0.012213055975735188,0.027
EOF4,14.5,4.0,-0.012121012434363365,0.027
EOF4,14.5,4.5,-0.011775112710893154,0.027
EOF4,14.5,5.0,-0.011391538195312023,0.027
EOF4,14.5,5.5,-0.010888390243053436,0.027
EOF4,14.5,6.0,-0.010554398410022259,0.027
EOF4,14.5,6.5,-0.010189701803028584,0.027
EOF4,14.5,7.0,-0.009576096199452877,0.027
EOF4,14.5,7.5,-0.008971202187240124,0.027
EOF4,14.5,8.0,-0.009403444826602936,0.027
EOF4,14.5,8.5,-0.010040614753961563,0.027
EOF4,14.5,9.0,-0.010889253579080105,0.027
EOF4,14.5,9.5,-0.01114188227802515,0.027
EOF4,14.5,10.0,-0.009622486308217049,0.027
EOF4,14.5,10.5,-0.00837621744722128,0.027
EOF4,14.5,11.0,-0.0072037228383123875,0.027
EOF4,14.5,11.5,-0.006984020117670298,0.027
EOF4,14.5,12.0,-0.007715301122516394,0.027
EOF4,14.5,12.5,-0.008414670825004578,0.027
EOF4,14.5,13.0,-0.009079725481569767,0.027
EOF4,14.5,13.5,-0.008974623866379261,0.027
EOF4,14.5,14.0,-0.008612655103206635,0.027
EOF4,14.5,14.5,-0.007314626593142748,0.027
EOF4,14.5,15.0,-0.005068694707006216,0.027
EOF4,14.5,15.5,-0.003813804592937231,0.027
EOF4,14.5,16.0,-0.002488353056833148,0.027
EOF4,14.5,16.5,-0.007394339889287949,0.027
EOF4,14.5,17.0,-0.011844511143863201,0.027
EOF4,14.5,17.5,-0.008315851911902428,0.027
EOF4,14.5,18.0,-0.007807963993400335,0.027
EOF4,14.5,18.5,-0.008274801075458527,0.027
EOF4,14.5,19.0,-0.007538751699030399,0.027
EOF4,14.5,19.5,-0.005608835723251104,0.027
EOF4,14.5,20.0,-0.0032509732991456985,0.027
EOF4,14.5,20.5,0.00035117581137456,0.027
EOF4,14.5,21.0,-0.0011867540888488293,0.027
EOF4,14.5,21.5,-0.004372681025415659,0.027
EOF4,14.5,22.0,-0.007185584399849176,0.027
EOF4,14.5,22.5,-0.010013244114816189,0.027
EOF4,14.5,23.0,-0.011037559248507023,0.027
EOF4,14.5,23.5,-0.011259219609200954,0.027
EOF4,14.5,24.0,-0.010669531300663948,0.027
EOF4,14.5,24.5,-0.011738554574549198,0.027
EOF4,14.5,25.0,-0.01765718124806881,0.027
EOF4,14.5,25.5,-0.023390639573335648,0.027
EOF4,14.5,26.0,-0.02310813032090664,0.027
EOF4,14.5,26.5,-0.021543046459555626,0.027
EOF4,14.5,27.0,-0.01878659799695015,0.027
EOF4,14.5,27.5,-0.023529300466179848,0.027
EOF4,14.5,28.0,-0.02818187326192856,0.027
EOF4,14.5,28.5,-0.029003161936998367,0.027
EOF4,14.5,29.0,-0.027656380087137222,0.027
EOF4,14.5,29.5,-0.02349936030805111,0.027
EOF4,14.5,30.0,-0.0192770604044199,0.027
EOF4,14.5,30.5,-0.013640339486300945,0.027
EOF4,14.5,31.0,-0.007878265343606472,0.027
EOF4,14.5,31.5,-0.007414782419800758,0.027
EOF4,14.5,32.0,-0.007800464052706957,0.027
EOF4,14.5,32.5,-0.005467524752020836,0.027
EOF4,14.5,33.0,-0.0031461792532354593,0.027
EOF4,14.5,33.5,-0.0012214675080031157,0.027
EOF4,14.5,34.0,-0.0014318800531327724,0.027
EOF4,14.5,34.5,-0.003767644753679633,0.027
EOF4,15.0,0.5,-0.0131067531183362,0.027
EOF4,15.0,1.0,-0.013063293881714344,0.027
EOF4,15.0,1.5,-0.01302446611225605,0.027
EOF4,15.0,2.0,-0.013029107823967934,0.027
EOF4,15.0,2.5,-0.013189115561544895,0.027
EOF4,15.0,3.0,-0.013355565257370472,0.027
EOF4,15.0,3.5,-0.013532783836126328,0.027
EOF4,15.0,4.0,-0.013442092575132847,0.027
EOF4,15.0,4.5,-0.013104160316288471,0.027
EOF4,15.0,5.0,-0.012762428261339664,0.027
EOF4,15.0,5.5,-0.012424390763044357,0.027
EOF4,15.0,6.0,-0.011891595087945461,0.027
EOF4,15.0,6.5,-0.011294091120362282,0.027
EOF4,15.0,7.0,-0.01069250050932169,0.027
EOF4,15.0,7.5,-0.010094637982547283,0.027
EOF4,15.0,8.0,-0.010929182171821594,0.027
EOF4,15.0,8.5,-0.01175692304968834,0.027
EOF4,15.0,9.0,-0.012595510110259056,0.027
EOF4,15.0,9.5,-0.012944432906806469,0.027
EOF4,15.0,10.0,-0.011826020665466785,0.027
EOF4,15.0,10.5,-0.010695602744817734,0.027
EOF4,15.0,11.0,-0.009535239078104496,0.027
EOF4,15.0,11.5,-0.00926925614476204,0.027
EOF4,15.0,12.0,-0.009975236840546131,0.027
EOF4,15.0,12.5,-0.010663269087672234,0.027
EOF4,15.0,13.0,-0.011320547200739384,0.027
EOF4,15.0,13.5,-0.011228698305785656,0.027
EOF4,15.0,14.0,-0.010876714251935482,0.027
EOF4,15.0,14.5,-0.010520776733756065,0.027
EOF4,15.0,15.0,-0.010153818875551224,0.027
EOF4,15.0,15.5,-0.00905118603259325,0.027
EOF4,15.0,16.0,-0.007896827533841133,0.027
EOF4,15.0,16.5,-0.006668977439403534,0.027
EOF4,15.0,17.0,-0.005934553220868111,0.027
EOF4,15.0,17.5,-0.006440621800720692,0.027
EOF4,15.0,18.0,-0.00693967891857028,0.027
EOF4,15.0,18.5,-0.007421807385981083,0.027
EOF4,15.0,19.0,-0.006689244881272316,0.027
EOF4,15.0,19.5,-0.0047587621957063675,0.027
EOF4,15.0,20.0,-0.002814005594700575,0.027
EOF4,15.0,20.5,-0.0008457310614176095,0.027
EOF4,15.0,21.0,-0.0023746334481984377,0.027
EOF4,15.0,21.5,-0.005134782288223505,0.027
EOF4,15.0,22.0,-0.007909907028079033,0.027
EOF4,15.0,22.5,-0.010688127018511295,0.027
EOF4,15.0,23.0,-0.010106080211699009,0.027
EOF4,15.0,23.5,-0.009514606557786465,0.027
EOF4,15.0,24.0,-0.00892098993062973,0.027
EOF4,15.0,24.5,-0.009994755499064922,0.027
EOF4,15.0,25.0,-0.01594685949385166,0.027
EOF4,15.0,25.5,-0.02174149453639984,0.027
EOF4,15.0,26.0,-0.027379123494029045,0.027
EOF4,15.0,26.5,-0.03238328546285629,0.027
EOF4,15.0,27.0,-0.03693829104304314,0.027
EOF4,15.0,27.5,-0.04135662689805031,0.027
EOF4,15.0,28.0,-0.04564376175403595,0.027
EOF4,15.0,28.5,-0.04384435713291168,0.027
EOF4,15.0,29.0,-0.03994213044643402,0.027
EOF4,15.0,29.5,-0.035979993641376495,0.027
EOF4,15.0,30.0,-0.03192898631095886,0.027
EOF4,15.0,30.5,-0.02660488337278366,0.027
EOF4,15.0,31.0,-0.02114740200340748,0.027
EOF4,15.0,31.5,-0.01557300053536892,0.027
EOF4,15.0,32.0,-0.01081395149230957,0.027
EOF4,15.0,32.5,-0.008479398675262928,0.027
EOF4,15.0,33.0,-0.006147246807813644,0.027
EOF4,15.0,33.5,-0.0038198872935026884,0.027
EOF4,15.0,34.0,-0.002397534903138876,0.027
EOF4,15.0,34.5,-0.001818916411139071,0.027
EOF4,15.5,0.5,-0.014736557379364967,0.027
EOF4,15.5,1.0,-0.01437253039330244,0.027
EOF4,15.5,1.5,-0.014332129620015621,0.027
EOF4,15.5,2.0,-0.014342785812914371,0.027
EOF4,15.5,2.5,-0.014511304907500744,0.027
EOF4,15.5,3.0,-0.014679054729640484,0.027
EOF4,15.5,3.5,-0.014228456653654575,0.027
EOF4,15.5,4.0,-0.013829939067363739,0.027
EOF4,15.5,4.5,-0.013498588465154171,0.027
EOF4,15.5,5.0,-0.013330982066690922,0.027
EOF4,15.5,5.5,-0.01368198823183775,0.027
EOF4,15.5,6.0,-0.013461634516716003,0.027
EOF4,15.5,6.5,-0.01300895120948553,0.027
EOF4,15.5,7.0,-0.012413202784955502,0.027
EOF4,15.5,7.5,-0.011824514716863632,0.027
EOF4,15.5,8.0,-0.012528379447758198,0.027
EOF4,15.5,8.5,-0.013296093791723251,0.027
EOF4,15.5,9.0,-0.01411417406052351,0.027
EOF4,15.5,9.5,-0.014461818151175976,0.027
EOF4,15.5,10.0,-0.013371654786169529,0.027
EOF4,15.5,10.5,-0.012314888648688793,0.027
EOF4,15.5,11.0,-0.01902756653726101,0.027
EOF4,15.5,11.5,-0.015707120299339294,0.027
EOF4,15.5,12.0,-0.002207228448241949,0.027
EOF4,15.5,12.5,-0.0029042644891887903,0.027
EOF4,15.5,13.0,-0.003669930389150977,0.027
EOF4,15.5,13.5,-0.0035826212260872126,0.027
EOF4,15.5,14.0,-0.003210087539628148,0.027
EOF4,15.5,14.5,-0.0029436801560223103,0.027
EOF4,15.5,15.0,-0.002790166065096855,0.027
EOF4,15.5,15.5,-0.0015011562500149012,0.027
EOF4,15.5,16.0,-0.00013836970902048051,0.027
EOF4,15.5,16.5,-0.00376380467787385,0.027
EOF4,15.5,17.0,-0.008952945470809937,0.027
EOF4,15.5,17.5,-0.014117950573563576,0.027
EOF4,15.5,18.0,-0.01572772115468979,0.027
EOF4,15.5,18.5,-0.016078902408480644,0.027
EOF4,15.5,19.0,-0.015291278250515461,0.027
EOF4,15.5,19.5,-0.01337099727243185,0.027
EOF4,15.5,20.0,-0.01108753215521574,0.027
EOF4,15.5,20.5,-0.00778169184923172,0.027
EOF4,15.5,21.0,-0.006491284817457199,0.027
EOF4,15.5,21.5,-0.006715456489473581,0.027
EOF4,15.5,22.0,-0.009520269930362701,0.027
EOF4,15.5,22.5,-0.012316497042775154,0.027
EOF4,15.5,23.0,-0.008225420489907265,0.027
EOF4,15.5,23.5,-0.005902701988816261,0.027
EOF4,15.5,24.0,-0.005308465100824833,0.027
EOF4,15.5,24.5,-0.0063665276393294334,0.027
EOF4,15.5,25.0,-0.012294726446270943,0.027
EOF4,15.5,25.5,-0.017995404079556465,0.027
EOF4,15.5,26.0,-0.01261940784752369,0.027
EOF4,15.5,26.5,-0.01703079789876938,0.027
EOF4,15.5,27.0,-0.031345367431640625,0.027
EOF4,15.5,27.5,-0.03597838431596756,0.027
EOF4,15.5,28.0,-0.0404050275683403,0.027
EOF4,15.5,28.5,-0.03853824734687805,0.027
EOF4,15.5,29.0,-0.03453638777136803,0.027
EOF4,15.5,29.5,-0.02994641475379467,0.027
EOF4,15.5,30.0,-0.02482806332409382,0.027
EOF4,15.5,30.5,-0.01940859854221344,0.027
EOF4,15.5,31.0,-0.013874240219593048,0.027
EOF4,15.5,31.5,-0.013752847909927368,0.027
EOF4,15.5,32.0,-0.014463798142969608,0.027
EOF4,15.5,32.5,-0.012126851826906204,0.027
EOF4,15.5,33.0,-0.009799032472074032,0.027
EOF4,15.5,33.5,-0.006626342888921499,0.027
EOF4,15.5,34.0,-0.0061518470756709576,0.027
EOF4,15.5,34.5,-0.008332925848662853,0.027
EOF4,16.0,0.5,-0.016987023875117302,0.027
EOF4,16.0,1.0,-0.016305692493915558,0.027
EOF4,16.0,1.5,-0.015630360692739487,0.027
EOF4,16.0,2.0,-0.015642806887626648,0.027
EOF4,16.0,2.5,-0.015507242642343044,0.027
EOF4,16.0,3.0,-0.015060176141560078,0.027
EOF4,16.0,3.5,-0.014609753154218197,0.027
EOF4,16.0,4.0,-0.014211847446858883,0.027
EOF4,16.0,4.5,-0.01439046859741211,0.027
EOF4,16.0,5.0,-0.014729466289281845,0.027
EOF4,16.0,5.5,-0.015062686987221241,0.027
EOF4,16.0,6.0,-0.014847449958324432,0.027
EOF4,16.0,6.5,-0.014450940303504467,0.027
EOF4,16.0,7.0,-0.014048127457499504,0.027
EOF4,16.0,7.5,-0.01351374201476574,0.027
EOF4,16.0,8.0,-0.014201675541698933,0.027
EOF4,16.0,8.5,-0.01489887572824955,0.027
EOF4,16.0,9.0,-0.015596449375152588,0.027
EOF4,16.0,9.5,-0.015936220064759254,0.027
EOF4,16.0,10.0,-0.01871189847588539,0.027
EOF4,16.0,10.5,-0.02533629722893238,0.027
EOF4,16.0,11.0,-0.03198930621147156,0.027
EOF4,16.0,11.5,-0.028805367648601532,0.027
EOF4,16.0,12.0,-0.015601120889186859,0.027
EOF4,16.0,12.5,-0.002185646677389741,0.027
EOF4,16.0,13.0,0.004164771176874638,0.027
EOF4,16.0,13.5,0.004238856956362724,0.027
EOF4,16.0,14.0,0.004359392449259758,0.027
EOF4,16.0,14.5,0.004468056373298168,0.027
EOF4,16.0,15.0,0.00458592688664794,0.027
EOF4,16.0,15.5,0.0044017028994858265,0.027
EOF4,16.0,16.0,-0.0006828265613876283,0.027
EOF4,16.0,16.5,-0.005712423007935286,0.027
EOF4,16.0,17.0,-0.010635052807629108,0.027
EOF4,16.0,17.5,-0.015587412752211094,0.027
EOF4,16.0,18.0,-0.02080971747636795,0.027
EOF4,16.0,18.5,-0.02496502362191677,0.027
EOF4,16.0,19.0,-0.02412259764969349,0.027
EOF4,16.0,19.5,-0.02108767256140709,0.027
EOF4,16.0,20.0,-0.0177181176841259,0.027
EOF4,16.0,20.5,-0.014380819164216518,0.027
EOF4,16.0,21.0,-0.013143806718289852,0.027
EOF4,16.0,21.5,-0.012587908655405045,0.027
EOF4,16.0,22.0,-0.012018520385026932,0.027
EOF4,16.0,22.5,-0.013982808217406273,0.027
EOF4,16.0,23.0,-0.00984349474310875,0.027
EOF4,16.0,23.5,-0.005762622691690922,0.027
EOF4,16.0,24.0,-0.0017964624566957355,0.027
EOF4,16.0,24.5,-0.0028274685610085726,0.027
EOF4,16.0,25.0,-0.003190555376932025,0.027
EOF4,16.0,25.5,0.0018044598400592804,0.027
EOF4,16.0,26.0,0.006528676953166723,0.027
EOF4,16.0,26.5,0.002169230254366994,0.027
EOF4,16.0,27.0,-0.011409422382712364,0.027
EOF4,16.0,27.5,-0.02544260583817959,0.027
EOF4,16.0,28.0,-0.034902602434158325,0.027
EOF4,16.0,28.5,-0.032984379678964615,0.027
EOF4,16.0,29.0,-0.027857426553964615,0.027
EOF4,16.0,29.5,-0.02273605577647686,0.027
EOF4,16.0,30.0,-0.017613790929317474,0.027
EOF4,16.0,30.5,-0.01392646785825491,0.027
EOF4,16.0,31.0,-0.015633897855877876,0.027
EOF4,16.0,31.5,-0.017350934445858,0.027
EOF4,16.0,32.0,-0.018069325014948845,0.027
EOF4,16.0,32.5,-0.015312683768570423,0.027
EOF4,16.0,33.0,-0.012137187644839287,0.027
EOF4,16.0,33.5,-0.008975732140243053,0.027
EOF4,16.0,34.0,-0.008500901982188225,0.027
EOF4,16.0,34.5,-0.010686197318136692,0.027
EOF4,16.5,0.5,-0.018593933433294296,0.027
EOF4,16.5,1.0,-0.01791594922542572,0.027
EOF4,16.5,1.5,-0.01727515086531639,0.027
EOF4,16.5,2.0,-0.019558658823370934,0.027
EOF4,16.5,2.5,-0.016838781535625458,0.027
EOF4,16.5,3.0,-0.01640164665877819,0.027
EOF4,16.5,3.5,-0.01595526933670044,0.027
EOF4,16.5,4.0,-0.009049728512763977,0.027
EOF4,16.5,4.5,-0.005939960945397615,0.027
EOF4,16.5,5.0,-0.006311594508588314,0.027
EOF4,16.5,5.5,-0.00668224086984992,0.027
EOF4,16.5,6.0,-0.006473137065768242,0.027
EOF4,16.5,6.5,-0.006066957488656044,0.027
EOF4,16.5,7.0,-0.0056642526760697365,0.027
EOF4,16.5,7.5,-0.008659926243126392,0.027
EOF4,16.5,8.0,-0.009378057904541492,0.027
EOF4,16.5,8.5,-0.010083885863423347,0.027
EOF4,16.5,9.0,-0.01084180362522602,0.027
EOF4,16.5,9.5,-0.01712140627205372,0.027
EOF4,16.5,10.0,-0.020079592242836952,0.027
EOF4,16.5,10.5,-0.026581166312098503,0.027
EOF4,16.5,11.0,-0.03310902789235115,0.027
EOF4,16.5,11.5,-0.029991425573825836,0.027
EOF4,16.5,12.0,-0.017064549028873444,0.027
EOF4,16.5,12.5,-0.0039269402623176575,0.027
EOF4,16.5,13.0,0.009102276526391506,0.027
EOF4,16.5,13.5,0.00025820135488174856,0.027
EOF4,16.5,14.0,0.00029709466616623104,0.027
EOF4,16.5,14.5,0.00043078642920590937,0.027
EOF4,16.5,15.0,0.0005444656126201153,0.027
EOF4,16.5,15.5,-0.0043607414700090885,0.027
EOF4,16.5,16.0,-0.00921713188290596,0.027
EOF4,16.5,16.5,-0.014010359533131123,0.027
EOF4,16.5,17.0,-0.019168326631188393,0.027
EOF4,16.5,17.5,-0.024278756231069565,0.027
EOF4,16.5,18.0,-0.029667314141988754,0.027
EOF4,16.5,18.5,-0.03300418704748154,0.027
EOF4,16.5,19.0,-0.02664688602089882,0.027
EOF4,16.5,19.5,-0.021743182092905045,0.027
EOF4,16.5,20.0,-0.018331149592995644,0.027
EOF4,16.5,20.5,-0.014956616796553135,0.027
EOF4,16.5,21.0,-0.014323811046779156,0.027
EOF4,16.5,21.5,-0.01379065029323101,0.027
EOF4,16.5,22.0,-0.013238916173577309,0.027
EOF4,16.5,22.5,-0.012683695182204247,0.027
EOF4,16.5,23.0,-0.014515923336148262,0.027
EOF4,16.5,23.5,-0.010411703959107399,0.027
EOF4,16.5,24.0,-0.006397353485226631,0.027
EOF4,16.5,24.5,-0.002162581542506814,0.027
EOF4,16.5,25.0,0.0028090837877243757,0.027
EOF4,16.5,25.5,0.00750268530100584,0.027
EOF4,16.5,26.0,0.01444594468921423,0.027
EOF4,16.5,26.5,0.015164807438850403,0.027
EOF4,16.5,27.0,0.001950951642356813,0.027
EOF4,16.5,27.5,-0.011715929955244064,0.027
EOF4,16.5,28.0,-0.02403165027499199,0.027
EOF4,16.5,28.5,-0.022850723937153816,0.027
EOF4,16.5,29.0,-0.017734786495566368,0.027
EOF4,16.5,29.5,-0.012637792155146599,0.027
EOF4,16.5,30.0,-0.01305807288736105,0.027
EOF4,16.5,30.5,-0.01473988126963377,0.027
EOF4,16.5,31.0,-0.016439717262983322,0.027
EOF4,16.5,31.5,-0.01812966726720333,0.027
EOF4,16.5,32.0,-0.014936788007616997,0.027
EOF4,16.5,32.5,-0.011774951592087746,0.027
EOF4,16.5,33.0,-0.008640051819384098,0.027
EOF4,16.5,33.5,-0.0073014553636312485,0.027
EOF4,16.5,34.0,-0.011187562718987465,0.027
EOF4,16.5,34.5,-0.013769948855042458,0.027
EOF4,17.0,0.5,-0.019551806151866913,0.027
EOF4,17.0,1.0,-0.02158290706574917,0.027
EOF4,17.0,1.5,-0.026305168867111206,0.027
EOF4,17.0,2.0,-0.02860637754201889,0.027
EOF4,17.0,2.5,-0.023625904694199562,0.027
EOF4,17.0,3.0,-0.01869254931807518,0.027
EOF4,17.0,3.5,-0.01823483407497406,0.027
EOF4,17.0,4.0,-0.011454693973064423,0.027
EOF4,17.0,4.5,0.0020512151531875134,0.027
EOF4,17.0,5.0,0.01239593606442213,0.027
EOF4,17.0,5.5,0.011949247680604458,0.027
EOF4,17.0,6.0,0.012152217328548431,0.027
EOF4,17.0,6.5,0.011499342508614063,0.027
EOF4,17.0,7.0,0.0075453780591487885,0.027
EOF4,17.0,7.5,0.0034599436912685633,0.027
EOF4,17.0,8.0,0.002704258542507887,0.027
EOF4,17.0,8.5,-0.0024486116599291563,0.027
EOF4,17.0,9.0,-0.011532265692949295,0.027
EOF4,17.0,9.5,-0.01779467798769474,0.027
EOF4,17.0,10.0,-0.017233621329069138,0.027
EOF4,17.0,10.5,-0.016721617430448532,0.027
EOF4,17.0,11.0,-0.023068103939294815,0.027
EOF4,17.0,11.5,-0.019966118037700653,0.027
EOF4,17.0,12.0,-0.007199934683740139,0.027
EOF4,17.0,12.5,0.0051498147659003735,0.027
EOF4,17.0,13.0,0.0178188718855381,0.027
EOF4,17.0,13.5,0.008908514864742756,0.027
EOF4,17.0,14.0,-0.006898750085383654,0.027
EOF4,17.0,14.5,-0.01454566977918148,0.027
EOF4,17.0,15.0,-0.014367131516337395,0.027
EOF4,17.0,15.5,-0.019068460911512375,0.027
EOF4,17.0,16.0,-0.02405364438891411,0.027
EOF4,17.0,16.5,-0.029533587396144867,0.027
EOF4,17.0,17.0,-0.035142507404088974,0.027
EOF4,17.0,17.5,-0.04079831391572952,0.027
EOF4,17.0,18.0,-0.03967948630452156,0.027
EOF4,17.0,18.5,-0.036187175661325455,0.027
EOF4,17.0,19.0,-0.02998209185898304,0.027
EOF4,17.0,19.5,-0.02077801525592804,0.027
EOF4,17.0,20.0,-0.012741266749799252,0.027
EOF4,17.0,20.5,-0.00931521039456129,0.027
EOF4,17.0,21.0,-0.008732437156140804,0.027
EOF4,17.0,21.5,-0.009082356467843056,0.027
EOF4,17.0,22.0,-0.008956804871559143,0.027
EOF4,17.0,22.5,-0.008367284201085567,0.027
EOF4,17.0,23.0,-0.01222541555762291,0.027
EOF4,17.0,23.5,-0.015957392752170563,0.027
EOF4,17.0,24.0,-0.013865585438907146,0.027
EOF4,17.0,24.5,-0.009598342701792717,0.027
EOF4,17.0,25.0,-0.004529319703578949,0.027
EOF4,17.0,25.5,0.007740629371255636,0.027
EOF4,17.0,26.0,0.02232091687619686,0.027
EOF4,17.0,26.5,0.023095116019248962,0.027
EOF4,17.0,27.0,0.009861682541668415,0.027
EOF4,17.0,27.5,-0.0005925989826209843,0.027
EOF4,17.0,28.0,-0.011088764294981956,0.027
EOF4,17.0,28.5,-0.009919160977005959,0.027
EOF4,17.0,29.0,-0.00667154137045145,0.027
EOF4,17.0,29.5,-0.008903201669454575,0.027
EOF4,17.0,30.0,-0.011145368218421936,0.027
EOF4,17.0,30.5,-0.012812294997274876,0.027
EOF4,17.0,31.0,-0.012049565091729164,0.027
EOF4,17.0,31.5,-0.008834639564156532,0.027
EOF4,17.0,32.0,-0.005652287043631077,0.027
EOF4,17.0,32.5,-0.0025560311041772366,0.027
EOF4,17.0,33.0,-0.0047947075217962265,0.027
EOF4,17.0,33.5,-0.008791434578597546,0.027
EOF4,17.0,34.0,-0.01265683677047491,0.027
EOF4,17.0,34.5,-0.016428349539637566,0.027
EOF4,17.5,0.5,-0.02578464336693287,0.027
EOF4,17.5,1.0,-0.030485989525914192,0.027
EOF4,17.5,1.5,-0.03519703075289726,0.027
EOF4,17.5,2.0,-0.03748847544193268,0.027
EOF4,17.5,2.5,-0.03251964971423149,0.027
EOF4,17.5,3.0,-0.02756829746067524,0.027
EOF4,17.5,3.5,-0.022635769098997116,0.027
EOF4,17.5,4.0,-0.013746901415288448,0.027
EOF4,17.5,4.5,-0.00046761849080212414,0.027
EOF4,17.5,5.0,0.013275310397148132,0.027
EOF4,17.5,5.5,0.027479322627186775,0.027
EOF4,17.5,6.0,0.028251852840185165,0.027
EOF4,17.5,6.5,0.024522844702005386,0.027
EOF4,17.5,7.0,0.02064407616853714,0.027
EOF4,17.5,7.5,0.016636831685900688,0.027
EOF4,17.5,8.0,0.006440873723477125,0.027
EOF4,17.5,8.5,-0.0032000630162656307,0.027
EOF4,17.5,9.0,-0.012187575921416283,0.027
EOF4,17.5,9.5,-0.018381159752607346,0.027
EOF4,17.5,10.0,-0.0178227461874485,0.027
EOF4,17.5,10.5,-0.01727655716240406,0.027
EOF4,17.5,11.0,-0.016727177426218987,0.027
EOF4,17.5,11.5,-0.010738566517829895,0.027
EOF4,17.5,12.0,0.0012798700481653214,0.027
EOF4,17.5,12.5,0.013599999248981476,0.027
EOF4,17.5,13.0,0.02620420977473259,0.027
EOF4,17.5,13.5,0.01735532097518444,0.027
EOF4,17.5,14.0,0.0016241222620010376,0.027
EOF4,17.5,14.5,-0.013715718872845173,0.027
EOF4,17.5,15.0,-0.02848522737622261,0.027
EOF4,17.5,15.5,-0.0339437760412693,0.027
EOF4,17.5,16.0,-0.03963058441877365,0.027
EOF4,17.5,16.5,-0.045549992471933365,0.027
EOF4,17.5,17.0,-0.04937277361750603,0.027
EOF4,17.5,17.5,-0.046060796827077866,0.027
EOF4,17.5,18.0,-0.042678140103816986,0.027
EOF4,17.5,18.5,-0.03924352675676346,0.027
EOF4,17.5,19.0,-0.03314629942178726,0.027
EOF4,17.5,19.5,-0.02417447231709957,0.027
EOF4,17.5,20.0,-0.01479251030832529,0.027
EOF4,17.5,20.5,-0.004967729095369577,0.027
EOF4,17.5,21.0,-0.0028952176216989756,0.027
EOF4,17.5,21.5,-0.0033363737165927887,0.027
EOF4,17.5,22.0,-0.0037620386574417353,0.027
EOF4,17.5,22.5,-0.004151050932705402,0.027
EOF4,17.5,23.0,-0.008033832535147667,0.027
EOF4,17.5,23.5,-0.011810097843408585,0.027
EOF4,17.5,24.0,-0.015437329187989235,0.027
EOF4,17.5,24.5,-0.014383690431714058,0.027
EOF4,17.5,25.0,0.0006724991253577173,0.027
EOF4,17.5,25.5,0.015579747967422009,0.027
EOF4,17.5,26.0,0.03031541407108307,0.027
EOF4,17.5,26.5,0.032580237835645676,0.027
EOF4,17.5,27.0,0.022336408495903015,0.027
EOF4,17.5,27.5,0.012025478295981884,0.027
EOF4,17.5,28.0,0.0016414052806794643,0.027
EOF4,17.5,28.5,-0.002598503604531288,0.027
EOF4,17.5,29.0,-0.004809014033526182,0.027
EOF4,17.5,29.5,-0.007031339220702648,0.027
EOF4,17.5,30.0,-0.009251417592167854,0.027
EOF4,17.5,30.5,-0.006119185592979193,0.027
EOF4,17.5,31.0,-0.0029395248275250196,0.027
EOF4,17.5,31.5,0.00024037442926783115,0.027
EOF4,17.5,32.0,0.0016858085291460156,0.027
EOF4,17.5,32.5,-0.0023155598901212215,0.027
EOF4,17.5,33.0,-0.006295033264905214,0.027
EOF4,17.5,33.5,-0.010265053249895573,0.027
EOF4,17.5,34.0,-0.014105618000030518,0.027
EOF4,17.5,34.5,-0.017872262746095657,0.027
EOF4,18.0,0.5,-0.01946067065000534,0.027
EOF4,18.0,1.0,-0.021061450242996216,0.027
EOF4,18.0,1.5,-0.025863470509648323,0.027
EOF4,18.0,2.0,-0.028540542349219322,0.027
EOF4,18.0,2.5,-0.024860497564077377,0.027
EOF4,18.0,3.0,-0.020229902118444443,0.027
EOF4,18.0,3.5,-0.015283875167369843,0.027
EOF4,18.0,4.0,-0.0062414114363491535,0.027
EOF4,18.0,4.5,0.007247524335980415,0.027
EOF4,18.0,5.0,0.016901932656764984,0.027
EOF4,18.0,5.5,0.013849441893398762,0.027
EOF4,18.0,6.0,0.014801624231040478,0.027
EOF4,18.0,6.5,0.015594791620969772,0.027
EOF4,18.0,7.0,0.011578711681067944,0.027
EOF4,18.0,7.5,0.007455738727003336,0.027
EOF4,18.0,8.0,0.016360897570848465,0.027
EOF4,18.0,8.5,0.015532775782048702,0.027
EOF4,18.0,9.0,0.005597630050033331,0.027
EOF4,18.0,9.5,-0.0012926332419738173,0.027
EOF4,18.0,10.0,-0.000806352065410465,0.027
EOF4,18.0,10.5,-0.0003483964246697724,0.027
EOF4,18.0,11.0,-0.004073087591677904,0.027
EOF4,18.0,11.5,-0.008329798467457294,0.027
EOF4,18.0,12.0,-0.013214432634413242,0.027
EOF4,18.0,12.5,-0.001285338425077498,0.027
EOF4,18.0,13.0,0.011061250232160091,0.027
EOF4,18.0,13.5,0.0023609178606420755,0.027
EOF4,18.0,14.0,-0.013080650009214878,0.027
EOF4,18.0,14.5,-0.021815355867147446,0.027
EOF4,18.0,15.0,-0.024077465757727623,0.027
EOF4,18.0,15.5,-0.03189051151275635,0.027
EOF4,18.0,16.0,-0.03865833580493927,0.027
EOF4,18.0,16.5,-0.044449519366025925,0.027
EOF4,18.0,17.0,-0.048133280128240585,0.027
EOF4,18.0,17.5,-0.044867463409900665,0.027
EOF4,18.0,18.0,-0.041517797857522964,0.027
EOF4,18.0,18.5,-0.03420914337038994,0.027
EOF4,18.0,19.0,-0.025899359956383705,0.027
EOF4,18.0,19.5,-0.016623271629214287,0.027
EOF4,18.0,20.0,-0.00969762448221445,0.027
EOF4,18.0,20.5,-0.010981838218867779,0.027
EOF4,18.0,21.0,-0.01157086156308651,0.027
EOF4,18.0,21.5,-0.011901939287781715,0.027
EOF4,18.0,22.0,-0.00795849971473217,0.027
EOF4,18.0,22.5,-0.00011522833665367216,0.027
EOF4,18.0,23.0,-0.003997316118329763,0.027
EOF4,18.0,23.5,-0.007782919332385063,0.027
EOF4,18.0,24.0,-0.015397943556308746,0.027
EOF4,18.0,24.5,-0.02029377780854702,0.027
EOF4,18.0,25.0,-0.013384778052568436,0.027
EOF4,18.0,25.5,-0.00027129024965688586,0.027
EOF4,18.0,26.0,0.014767956919968128,0.027
EOF4,18.0,26.5,0.022810565307736397,0.027
EOF4,18.0,27.0,0.02391725778579712,0.027
EOF4,18.0,27.5,0.013629826717078686,0.027
EOF4,18.0,28.0,0.0032014260068535805,0.027
EOF4,18.0,28.5,-0.00439760135486722,0.027
EOF4,18.0,29.0,-0.00996411219239235,0.027
EOF4,18.0,29.5,-0.012208493426442146,0.027
EOF4,18.0,30.0,-0.014443984255194664,0.027
EOF4,18.0,30.5,-0.011284985579550266,0.027
EOF4,18.0,31.0,-0.008101333864033222,0.027
EOF4,18.0,31.5,-0.0022689998149871826,0.027
EOF4,18.0,32.0,0.0011669734958559275,0.027
EOF4,18.0,32.5,-0.004959688521921635,0.027
EOF4,18.0,33.0,-0.009487902745604515,0.027
EOF4,18.0,33.5,-0.013454184867441654,0.027
EOF4,18.0,34.0,-0.017303206026554108,0.027
EOF4,18.0,34.5,-0.021097734570503235,0.027
EOF4,18.5,0.5,-0.01930168643593788,0.027
EOF4,18.5,1.0,-0.01768786832690239,0.027
EOF4,18.5,1.5,-0.016066551208496094,0.027
EOF4,18.5,2.0,-0.018788158893585205,0.027
EOF4,18.5,2.5,-0.015156281180679798,0.027
EOF4,18.5,3.0,-0.011603065766394138,0.027
EOF4,18.5,3.5,-0.007749627344310284,0.027
EOF4,18.5,4.0,0.0013921796344220638,0.027
EOF4,18.5,4.5,0.0024981193710118532,0.027
EOF4,18.5,5.0,-0.000564990215934813,0.027
EOF4,18.5,5.5,-0.0036499619018286467,0.027
EOF4,18.5,6.0,-0.003028377192094922,0.027
EOF4,18.5,6.5,-0.0010808220831677318,0.027
EOF4,18.5,7.0,0.0009517654543742537,0.027
EOF4,18.5,7.5,-0.0017219358123838902,0.027
EOF4,18.5,8.0,0.0071987975388765335,0.027
EOF4,18.5,8.5,0.016026142984628677,0.027
EOF4,18.5,9.0,0.02455313876271248,0.027
EOF4,18.5,9.5,0.017033400014042854,0.027
EOF4,18.5,10.0,0.015021263621747494,0.027
EOF4,18.5,10.5,0.010747225023806095,0.027
EOF4,18.5,11.0,0.006703241262584925,0.027
EOF4,18.5,11.5,0.0023453840985894203,0.027
EOF4,18.5,12.0,-0.002537315944209695,0.027
EOF4,18.5,12.5,-0.007507499773055315,0.027
EOF4,18.5,13.0,-0.003964629489928484,0.027
EOF4,18.5,13.5,-0.012416343204677105,0.027
EOF4,18.5,14.0,-0.014927360229194164,0.027
EOF4,18.5,14.5,-0.0172765851020813,0.027
EOF4,18.5,15.0,-0.019557109102606773,0.027
EOF4,18.5,15.5,-0.027342522516846657,0.027
EOF4,18.5,16.0,-0.03526883199810982,0.027
EOF4,18.5,16.5,-0.043287623673677444,0.027
EOF4,18.5,17.0,-0.04690060019493103,0.027
EOF4,18.5,17.5,-0.04183702915906906,0.027
EOF4,18.5,18.0,-0.03461288660764694,0.027
EOF4,18.5,18.5,-0.026968836784362793,0.027
EOF4,18.5,19.0,-0.018358418717980385,0.027
EOF4,18.5,19.5,-0.01702767424285412,0.027
EOF4,18.5,20.0,-0.018445225432515144,0.027
EOF4,18.5,20.5,-0.019918791949748993,0.027
EOF4,18.5,21.0,-0.020415877923369408,0.027
EOF4,18.5,21.5,-0.011894446797668934,0.027
EOF4,18.5,22.0,-0.0037846805062144995,0.027
EOF4,18.5,22.5,0.0038246354088187218,0.027
EOF4,18.5,23.0,-0.0013876702869310975,0.027
EOF4,18.5,23.5,-0.010443183593451977,0.027
EOF4,18.5,24.0,-0.019361276179552078,0.027
EOF4,18.5,24.5,-0.024237889796495438,0.027
EOF4,18.5,25.0,-0.017337406054139137,0.027
EOF4,18.5,25.5,-0.010391931980848312,0.027
EOF4,18.5,26.0,-0.0013314341194927692,0.027
EOF4,18.5,26.5,0.006900351494550705,0.027
EOF4,18.5,27.0,0.008134695701301098,0.027
EOF4,18.5,27.5,0.009361045435070992,0.027
EOF4,18.5,28.0,0.004730273969471455,0.027
EOF4,18.5,28.5,-0.0029076896607875824,0.027
EOF4,18.5,29.0,-0.00961235724389553,0.027
EOF4,18.5,29.5,-0.016328642144799232,0.027
EOF4,18.5,30.0,-0.01970161683857441,0.027
EOF4,18.5,30.5,-0.015617521479725838,0.027
EOF4,18.5,31.0,-0.008832253515720367,0.027
EOF4,18.5,31.5,-0.002207653596997261,0.027
EOF4,18.5,32.0,0.0011767505202442408,0.027
EOF4,18.5,32.5,-0.004853350110352039,0.027
EOF4,18.5,33.0,-0.010986177250742912,0.027
EOF4,18.5,33.5,-0.016652820631861687,0.027
EOF4,18.5,34.0,-0.0205177441239357,0.027
EOF4,18.5,34.5,-0.018707435578107834,0.027
EOF4,19.0,0.5,-0.01047100592404604,0.027
EOF4,19.0,1.0,-0.008722526021301746,0.027
EOF4,19.0,1.5,-0.0069220056757330894,0.027
EOF4,19.0,2.0,-0.007568957284092903,0.027
EOF4,19.0,2.5,-0.01044234074652195,0.027
EOF4,19.0,3.0,-0.006928328424692154,0.027
EOF4,19.0,3.5,-0.0035049656871706247,0.027
EOF4,19.0,4.0,-0.0033353783655911684,0.027
EOF4,19.0,4.5,-0.006367381662130356,0.027
EOF4,19.0,5.0,-0.009417355060577393,0.027
EOF4,19.0,5.5,-0.01235746406018734,0.027
EOF4,19.0,6.0,-0.012369205243885517,0.027
EOF4,19.0,6.5,-0.010698751546442509,0.027
EOF4,19.0,7.0,-0.00893349014222622,0.027
EOF4,19.0,7.5,-0.007047875318676233,0.027
EOF4,19.0,8.0,0.0017839440843090415,0.027
EOF4,19.0,8.5,0.01049727201461792,0.027
EOF4,19.0,9.0,0.018982935696840286,0.027
EOF4,19.0,9.5,0.017183154821395874,0.027
EOF4,19.0,10.0,0.015426699072122574,0.027
EOF4,19.0,10.5,0.011109542101621628,0.027
EOF4,19.0,11.0,0.0070164320059120655,0.027
EOF4,19.0,11.5,0.0026256556157022715,0.027
EOF4,19.0,12.0,-0.0022960584610700607,0.027
EOF4,19.0,12.5,-0.007301121484488249,0.027
EOF4,19.0,13.0,-0.012548104859888554,0.027
EOF4,19.0,13.5,-0.01508359145373106,0.027
EOF4,19.0,14.0,-0.01758153736591339,0.027
EOF4,19.0,14.5,-0.02000986598432064,0.027
EOF4,19.0,15.0,-0.022355077788233757,0.027
EOF4,19.0,15.5,-0.030402163043618202,0.027
EOF4,19.0,16.0,-0.038591962307691574,0.027
EOF4,19.0,16.5,-0.046789683401584625,0.027
EOF4,19.0,17.0,-0.0425720252096653,0.027
EOF4,19.0,17.5,-0.03976375237107277,0.027
EOF4,19.0,18.0,-0.032412007451057434,0.027
EOF4,19.0,18.5,-0.024640310555696487,0.027
EOF4,19.0,19.0,-0.02130863256752491,0.027
EOF4,19.0,19.5,-0.02279328927397728,0.027
EOF4,19.0,20.0,-0.024325823411345482,0.027
EOF4,19.0,20.5,-0.028093282133340836,0.027
EOF4,19.0,21.0,-0.021355262026190758,0.027
EOF4,19.0,21.5,-0.012803417630493641,0.027
EOF4,19.0,22.0,-0.004720520228147507,0.027
EOF4,19.0,22.5,0.002868085168302059,0.027
EOF4,19.0,23.0,-0.003344951895996928,0.027
EOF4,19.0,23.5,-0.012445282191038132,0.027
EOF4,19.0,24.0,-0.021397912874817848,0.027
EOF4,19.0,24.5,-0.026441186666488647,0.027
EOF4,19.0,25.0,-0.01980159804224968,0.027
EOF4,19.0,25.5,-0.012835271656513214,0.027
EOF4,19.0,26.0,-0.005811486393213272,0.027
EOF4,19.0,26.5,-0.0016319878632202744,0.027
EOF4,19.0,27.0,-0.0003620021161623299,0.027
EOF4,19.0,27.5,0.000910770264454186,0.027
EOF4,19.0,28.0,-2.784085700113792e-05,0.027
EOF4,19.0,28.5,-0.005844961851835251,0.027
EOF4,19.0,29.0,-0.0125933438539505,0.027
EOF4,19.0,29.5,-0.019360622391104698,0.027
EOF4,19.0,30.0,-0.02208748832345009,0.027
EOF4,19.0,30.5,-0.020423084497451782,0.027
EOF4,19.0,31.0,-0.013597402721643448,0.027
EOF4,19.0,31.5,-0.006933604832738638,0.027
EOF4,19.0,32.0,-0.0035318387672305107,0.027
EOF4,19.0,32.5,-0.009584558196365833,0.027
EOF4,19.0,33.0,-0.01575448364019394,0.027
EOF4,19.0,33.5,-0.017502376809716225,0.027
EOF4,19.0,34.0,-0.015724651515483856,0.027
EOF4,19.0,34.5,-0.014996018260717392,0.027
EOF4,19.5,0.5,0.007329391781240702,0.027
EOF4,19.5,1.0,0.009373463690280914,0.027
EOF4,19.5,1.5,0.011438787914812565,0.027
EOF4,19.5,2.0,0.010663026012480259,0.027
EOF4,19.5,2.5,0.0015129478415474296,0.027
EOF4,19.5,3.0,-0.00749058136716485,0.027
EOF4,19.5,3.5,-0.004174572415649891,0.027
EOF4,19.5,4.0,-0.004001662600785494,0.027
EOF4,19.5,4.5,-0.006999865639954805,0.027
EOF4,19.5,5.0,-0.009712434373795986,0.027
EOF4,19.5,5.5,-0.012492651119828224,0.027
EOF4,19.5,6.0,-0.012512884102761745,0.027
EOF4,19.5,6.5,-0.011596114374697208,0.027
EOF4,19.5,7.0,-0.010286102071404457,0.027
EOF4,19.5,7.5,-0.008494004607200623,0.027
EOF4,19.5,8.0,9.436698746867478e-05,0.027
EOF4,19.5,8.5,0.0030080813448876143,0.027
EOF4,19.5,9.0,0.0003404108574613929,0.027
EOF4,19.5,9.5,-0.0014076244551688433,0.027
EOF4,19.5,10.0,-0.00045649861567653716,0.027
EOF4,19.5,10.5,0.0004677387187257409,0.027
EOF4,19.5,11.0,-0.0033640656620264053,0.027
EOF4,19.5,11.5,-0.007736888714134693,0.027
EOF4,19.5,12.0,-0.01283655222505331,0.027
EOF4,19.5,12.5,-0.0182730033993721,0.027
EOF4,19.5,13.0,-0.02366071194410324,0.027
EOF4,19.5,13.5,-0.026451582089066505,0.027
EOF4,19.5,14.0,-0.02848714590072632,0.027
EOF4,19.5,14.5,-0.030843866989016533,0.027
EOF4,19.5,15.0,-0.03335631638765335,0.027
EOF4,19.5,15.5,-0.041960809379816055,0.027
EOF4,19.5,16.0,-0.04306473955512047,0.027
EOF4,19.5,16.5,-0.0367327444255352,0.027
EOF4,19.5,17.0,-0.032437629997730255,0.027
EOF4,19.5,17.5,-0.03374985232949257,0.027
EOF4,19.5,18.0,-0.03504690155386925,0.027
EOF4,19.5,18.5,-0.027372904121875763,0.027
EOF4,19.5,19.0,-0.024087602272629738,0.027
EOF4,19.5,19.5,-0.025643620640039444,0.027
EOF4,19.5,20.0,-0.031488362699747086,0.027
EOF4,19.5,20.5,-0.03750770166516304,0.027
EOF4,19.5,21.0,-0.030649878084659576,0.027
EOF4,19.5,21.5,-0.019927628338336945,0.027
EOF4,19.5,22.0,-0.01069268211722374,0.027
EOF4,19.5,22.5,-0.0029277647845447063,0.027
EOF4,19.5,23.0,-0.008159779943525791,0.027
EOF4,19.5,23.5,-0.013419733382761478,0.027
EOF4,19.5,24.0,-0.021508416160941124,0.027
EOF4,19.5,24.5,-0.026611244305968285,0.027
EOF4,19.5,25.0,-0.020208220928907394,0.027
EOF4,19.5,25.5,-0.013759796507656574,0.027
EOF4,19.5,26.0,-0.006670295726507902,0.027
EOF4,19.5,26.5,-0.002458487171679735,0.027
EOF4,19.5,27.0,-0.0011960548581555486,0.027
EOF4,19.5,27.5,-0.004317437298595905,0.027
EOF4,19.5,28.0,-0.007440012879669666,0.027
EOF4,19.5,28.5,-0.013304585590958595,0.027
EOF4,19.5,29.0,-0.0187566876411438,0.027
EOF4,19.5,29.5,-0.020158274099230766,0.027
EOF4,19.5,30.0,-0.021539589390158653,0.027
EOF4,19.5,30.5,-0.02162349782884121,0.027
EOF4,19.5,31.0,-0.02170504257082939,0.027
EOF4,19.5,31.5,-0.016596855595707893,0.027
EOF4,19.5,32.0,-0.013101106509566307,0.027
EOF4,19.5,32.5,-0.019313994795084,0.027
EOF4,19.5,33.0,-0.012063472531735897,0.027
EOF4,19.5,33.5,-0.00031124395900405943,0.027
EOF4,19.5,34.0,0.0015041730366647243,0.027
EOF4,19.5,34.5,-0.00667741009965539,0.027
EOF4,20.0,0.5,0.025010593235492706,0.027
EOF4,20.0,1.0,0.026867875829339027,0.027
EOF4,20.0,1.5,0.028687816113233566,0.027
EOF4,20.0,2.0,0.027783691883087158,0.027
EOF4,20.0,2.5,0.018847934901714325,0.027
EOF4,20.0,3.0,0.009938886389136314,0.027
EOF4,20.0,3.5,0.0010895878076553345,0.027
EOF4,20.0,4.0,-0.00438353419303894,0.027
EOF4,20.0,4.5,-0.0070349909365177155,0.027
EOF4,20.0,5.0,-0.009747845120728016,0.027
EOF4,20.0,5.5,-0.012518036179244518,0.027
EOF4,20.0,6.0,-0.012539802119135857,0.027
EOF4,20.0,6.5,-0.011627093888819218,0.027
EOF4,20.0,7.0,-0.010697785764932632,0.027
EOF4,20.0,7.5,-0.009841376915574074,0.027
EOF4,20.0,8.0,-0.01239196676760912,0.027
EOF4,20.0,8.5,-0.014923810958862305,0.027
EOF4,20.0,9.0,-0.017433492466807365,0.027
EOF4,20.0,9.5,-0.019064022228121758,0.027
EOF4,20.0,10.0,-0.01815912127494812,0.027
EOF4,20.0,10.5,-0.01722940057516098,0.027
EOF4,20.0,11.0,-0.016283083707094193,0.027
EOF4,20.0,11.5,-0.018489882349967957,0.027
EOF4,20.0,12.0,-0.023924631997942924,0.027
EOF4,20.0,12.5,-0.029300417751073837,0.027
EOF4,20.0,13.0,-0.03461866453289986,0.027
EOF4,20.0,13.5,-0.03764474391937256,0.027
EOF4,20.0,14.0,-0.04006733372807503,0.027
EOF4,20.0,14.5,-0.042627207934856415,0.027
EOF4,20.0,15.0,-0.04531585052609444,0.027
EOF4,20.0,15.5,-0.038757406175136566,0.027
EOF4,20.0,16.0,-0.032306067645549774,0.027
EOF4,20.0,16.5,-0.026057304814457893,0.027
EOF4,20.0,17.0,-0.021823814138770103,0.027
EOF4,20.0,17.5,-0.022998064756393433,0.027
EOF4,20.0,18.0,-0.024200422689318657,0.027
EOF4,20.0,18.5,-0.02543957345187664,0.027
EOF4,20.0,19.0,-0.028849517926573753,0.027
EOF4,20.0,19.5,-0.03464725986123085,0.027
EOF4,20.0,20.0,-0.040586113929748535,0.027
EOF4,20.0,20.5,-0.04665675014257431,0.027
EOF4,20.0,21.0,-0.03979272022843361,0.027
EOF4,20.0,21.5,-0.02893264777958393,0.027
EOF4,20.0,22.0,-0.018562883138656616,0.027
EOF4,20.0,22.5,-0.008739008568227291,0.027
EOF4,20.0,23.0,-0.013963814824819565,0.027
EOF4,20.0,23.5,-0.019228821620345116,0.027
EOF4,20.0,24.0,-0.02446918562054634,0.027
EOF4,20.0,24.5,-0.026729021221399307,0.027
EOF4,20.0,25.0,-0.02026340365409851,0.027
EOF4,20.0,25.5,-0.01375022903084755,0.027
EOF4,20.0,26.0,-0.007197290193289518,0.027
EOF4,20.0,26.5,-0.005496523808687925,0.027
EOF4,20.0,27.0,-0.008671495132148266,0.027
EOF4,20.0,27.5,-0.011804468929767609,0.027
EOF4,20.0,28.0,-0.014904334209859371,0.027
EOF4,20.0,28.5,-0.016780083999037743,0.027
EOF4,20.0,29.0,-0.018191037699580193,0.027
EOF4,20.0,29.5,-0.019592441618442535,0.027
EOF4,20.0,30.0,-0.020936446264386177,0.027
EOF4,20.0,30.5,-0.021020278334617615,0.027
EOF4,20.0,31.0,-0.02110128477215767,0.027
EOF4,20.0,31.5,-0.02117934077978134,0.027
EOF4,20.0,32.0,-0.018445979803800583,0.027
EOF4,20.0,32.5,-0.006720791570842266,0.027
EOF4,20.0,33.0,0.00498441606760025,0.027
EOF4,20.0,33.5,0.016654718667268753,0.027
EOF4,20.0,34.0,0.018515558913350105,0.027
EOF4,20.0,34.5,0.010507390834391117,0.027
EOF4,20.5,0.5,0.010544166900217533,0.027
EOF4,20.5,1.0,0.012516024522483349,0.027
EOF4,20.5,1.5,0.01395420078188181,0.027
EOF4,20.5,2.0,0.012683231383562088,0.027
EOF4,20.5,2.5,0.003865954000502825,0.027
EOF4,20.5,3.0,-0.004723327234387398,0.027
EOF4,20.5,3.5,0.012546379119157791,0.027
EOF4,20.5,4.0,0.019510110840201378,0.027
EOF4,20.5,4.5,0.01579335890710354,0.027
EOF4,20.5,5.0,0.01335185393691063,0.027
EOF4,20.5,5.5,0.010861883871257305,0.027
EOF4,20.5,6.0,0.010977387428283691,0.027
EOF4,20.5,6.5,0.011990700848400593,0.027
EOF4,20.5,7.0,0.0023397812619805336,0.027
EOF4,20.5,7.5,-0.018010709434747696,0.027
EOF4,20.5,8.0,-0.02031208761036396,0.027
EOF4,20.5,8.5,-0.022667553275823593,0.027
EOF4,20.5,9.0,-0.025135932490229607,0.027
EOF4,20.5,9.5,-0.026745468378067017,0.027
EOF4,20.5,10.0,-0.025830797851085663,0.027
EOF4,20.5,10.5,-0.02486686035990715,0.027
EOF4,20.5,11.0,-0.019597388803958893,0.027
EOF4,20.5,11.5,-0.015765385702252388,0.027
EOF4,20.5,12.0,-0.013475744053721428,0.027
EOF4,20.5,12.5,-0.018920578062534332,0.027
EOF4,20.5,13.0,-0.024371538311243057,0.027
EOF4,20.5,13.5,-0.02433084510266781,0.027
EOF4,20.5,14.0,-0.023402173072099686,0.027
EOF4,20.5,14.5,-0.025365710258483887,0.027
EOF4,20.5,15.0,-0.02740362472832203,0.027
EOF4,20.5,15.5,-0.02123614400625229,0.027
EOF4,20.5,16.0,-0.015238315798342228,0.027
EOF4,20.5,16.5,-0.012452592141926289,0.027
EOF4,20.5,17.0,-0.011350427754223347,0.027
EOF4,20.5,17.5,-0.012380227446556091,0.027
EOF4,20.5,18.0,-0.013489964418113232,0.027
EOF4,20.5,18.5,-0.020783929154276848,0.027
EOF4,20.5,19.0,-0.025233736261725426,0.027
EOF4,20.5,19.5,-0.026715658605098724,0.027
EOF4,20.5,20.0,-0.03236749768257141,0.027
EOF4,20.5,20.5,-0.03817884251475334,0.027
EOF4,20.5,21.0,-0.0387335941195488,0.027
EOF4,20.5,21.5,-0.03510448709130287,0.027
EOF4,20.5,22.0,-0.024594878777861595,0.027
EOF4,20.5,22.5,-0.014614872634410858,0.027
EOF4,20.5,23.0,-0.019830945879220963,0.027
EOF4,20.5,23.5,-0.025080684572458267,0.027
EOF4,20.5,24.0,-0.02243082970380783,0.027
EOF4,20.5,24.5,-0.016793912276625633,0.027
EOF4,20.5,25.0,-0.010220391675829887,0.027
EOF4,20.5,25.5,-0.0035870105493813753,0.027
EOF4,20.5,26.0,0.006508857477456331,0.027
EOF4,20.5,26.5,0.006129017565399408,0.027
EOF4,20.5,27.0,-0.004566099029034376,0.027
EOF4,20.5,27.5,-0.007764278911054134,0.027
EOF4,20.5,28.0,-0.010888251475989819,0.027
EOF4,20.5,28.5,-0.012740042060613632,0.027
EOF4,20.5,29.0,-0.014159643091261387,0.027
EOF4,20.5,29.5,-0.01165408082306385,0.027
EOF4,20.5,30.0,-0.00520629296079278,0.027
EOF4,20.5,30.5,-0.005315602291375399,0.027
EOF4,20.5,31.0,-0.005461135413497686,0.027
EOF4,20.5,31.5,-0.012646764516830444,0.027
EOF4,20.5,32.0,-0.017110703513026237,0.027
EOF4,20.5,32.5,-0.006863172631710768,0.027
EOF4,20.5,33.0,0.004484114237129688,0.027
EOF4,20.5,33.5,0.01616711914539337,0.027
EOF4,20.5,34.0,0.018025321885943413,0.027
EOF4,20.5,34.5,0.00999896228313446,0.027
EOF4,21.0,0.5,-0.00364971742965281,0.027
EOF4,21.0,1.0,-0.0023397691547870636,0.027
EOF4,21.0,1.5,-0.0010446709347888827,0.027
EOF4,21.0,2.0,-0.002250978024676442,0.027
EOF4,21.0,2.5,0.002039483515545726,0.027
EOF4,21.0,3.0,0.019468609243631363,0.027
EOF4,21.0,3.5,0.03711153194308281,0.027
EOF4,21.0,4.0,0.04422799497842789,0.027
EOF4,21.0,4.5,0.040651269257068634,0.027
EOF4,21.0,5.0,0.037024758756160736,0.027
EOF4,21.0,5.5,0.03408590331673622,0.027
EOF4,21.0,6.0,0.03422003239393234,0.027
EOF4,21.0,6.5,0.014372779056429863,0.027
EOF4,21.0,7.0,-0.0058752321638166904,0.027
EOF4,21.0,7.5,-0.0261631291359663,0.027
EOF4,21.0,8.0,-0.02844236046075821,0.027
EOF4,21.0,8.5,-0.03063315898180008,0.027
EOF4,21.0,9.0,-0.03280532360076904,0.027
EOF4,21.0,9.5,-0.034382689744234085,0.027
EOF4,21.0,10.0,-0.03129604086279869,0.027
EOF4,21.0,10.5,-0.026021793484687805,0.027
EOF4,21.0,11.0,-0.020699847489595413,0.027
EOF4,21.0,11.5,-0.0168463084846735,0.027
EOF4,21.0,12.0,-0.014490319415926933,0.027
EOF4,21.0,12.5,-0.01213702280074358,0.027
EOF4,21.0,13.0,-0.013738416135311127,0.027
EOF4,21.0,13.5,-0.013661764562129974,0.027
EOF4,21.0,14.0,-0.011702868156135082,0.027
EOF4,21.0,14.5,-0.009718496352434158,0.027
EOF4,21.0,15.0,-0.010310894809663296,0.027
EOF4,21.0,15.5,-0.005548897664994001,0.027
EOF4,21.0,16.0,-0.0036386989522725344,0.027
EOF4,21.0,16.5,-0.0016562036471441388,0.027
EOF4,21.0,17.0,-0.0003484654880594462,0.027
EOF4,21.0,17.5,-0.004400075878947973,0.027
EOF4,21.0,18.0,-0.011713308282196522,0.027
EOF4,21.0,18.5,-0.0191207155585289,0.027
EOF4,21.0,19.0,-0.023627759888768196,0.027
EOF4,21.0,19.5,-0.02512206695973873,0.027
EOF4,21.0,20.0,-0.026565702632069588,0.027
EOF4,21.0,20.5,-0.030073590576648712,0.027
EOF4,21.0,21.0,-0.030612953007221222,0.027
EOF4,21.0,21.5,-0.029462529346346855,0.027
EOF4,21.0,22.0,-0.02830604836344719,0.027
EOF4,21.0,22.5,-0.02049136906862259,0.027
EOF4,21.0,23.0,-0.02306048758327961,0.027
EOF4,21.0,23.5,-0.017715130001306534,0.027
EOF4,21.0,24.0,-0.012332221493124962,0.027
EOF4,21.0,24.5,-0.006593584083020687,0.027
EOF4,21.0,25.0,0.0018958350410684943,0.027
EOF4,21.0,25.5,0.011814678087830544,0.027
EOF4,21.0,26.0,0.02123931422829628,0.027
EOF4,21.0,26.5,0.020786026492714882,0.027
EOF4,21.0,27.0,0.010599160566926003,0.027
EOF4,21.0,27.5,9.423815936315805e-05,0.027
EOF4,21.0,28.0,-0.006836669985204935,0.027
EOF4,21.0,28.5,-0.00864663626998663,0.027
EOF4,21.0,29.0,-0.002196241170167923,0.027
EOF4,21.0,29.5,0.004379295744001865,0.027
EOF4,21.0,30.0,0.011002669110894203,0.027
EOF4,21.0,30.5,0.00839658360928297,0.027
EOF4,21.0,31.0,-0.0014264370547607541,0.027
EOF4,21.0,31.5,-0.010995879769325256,0.027
EOF4,21.0,32.0,-0.015476243570446968,0.027
EOF4,21.0,32.5,-0.005241484381258488,0.027
EOF4,21.0,33.0,0.004998038522899151,0.027
EOF4,21.0,33.5,0.015592190437018871,0.027
EOF4,21.0,34.0,0.01745576225221157,0.027
EOF4,21.0,34.5,0.01064398791640997,0.027
EOF4,21.5,0.5,-0.004285306669771671,0.027
EOF4,21.5,1.0,-0.002985229017212987,0.027
EOF4,21.5,1.5,-0.0016984462272375822,0.027
EOF4,21.5,2.0,0.0014566534664481878,0.027
EOF4,21.5,2.5,0.014410194009542465,0.027
EOF4,21.5,3.0,0.03173862397670746,0.027
EOF4,21.5,3.5,0.04925750568509102,0.027
EOF4,21.5,4.0,0.056355323642492294,0.027
EOF4,21.5,4.5,0.052903689444065094,0.027
EOF4,21.5,5.0,0.04939653351902962,0.027
EOF4,21.5,5.5,0.040942415595054626,0.027
EOF4,21.5,6.0,0.030515480786561966,0.027
EOF4,21.5,6.5,0.010494411922991276,0.027
EOF4,21.5,7.0,-0.00985422171652317,0.027
EOF4,21.5,7.5,-0.030184753239154816,0.027
EOF4,21.5,8.0,-0.02664867974817753,0.027
EOF4,21.5,8.5,-0.028850074857473373,0.027
EOF4,21.5,9.0,-0.031037909910082817,0.027
EOF4,21.5,9.5,-0.03135104477405548,0.027
EOF4,21.5,10.0,-0.026056360453367233,0.027
EOF4,21.5,10.5,-0.02071739360690117,0.027
EOF4,21.5,11.0,-0.016609996557235718,0.027
EOF4,21.5,11.5,-0.015275389887392521,0.027
EOF4,21.5,12.0,-0.012894039042294025,0.027
EOF4,21.5,12.5,-0.010520381852984428,0.027
EOF4,21.5,13.0,-0.009686238132417202,0.027
EOF4,21.5,13.5,-0.013008881360292435,0.027
EOF4,21.5,14.0,-0.011067763902246952,0.027
EOF4,21.5,14.5,-0.009068929590284824,0.027
EOF4,21.5,15.0,-0.007038195617496967,0.027
EOF4,21.5,15.5,-0.005159798078238964,0.027
EOF4,21.5,16.0,-0.003208024660125375,0.027
EOF4,21.5,16.5,-0.0011646348284557462,0.027
EOF4,21.5,17.0,0.0034999127965420485,0.027
EOF4,21.5,17.5,-0.0013961407821625471,0.027
EOF4,21.5,18.0,-0.008734780363738537,0.027
EOF4,21.5,18.5,-0.016170131042599678,0.027
EOF4,21.5,19.0,-0.020715124905109406,0.027
EOF4,21.5,19.5,-0.022259743884205818,0.027
EOF4,21.5,20.0,-0.023762142285704613,0.027
EOF4,21.5,20.5,-0.02706053853034973,0.027
EOF4,21.5,21.0,-0.027495061978697777,0.027
EOF4,21.5,21.5,-0.026358800008893013,0.027
EOF4,21.5,22.0,-0.025221772491931915,0.027
EOF4,21.5,22.5,-0.025398267433047295,0.027
EOF4,21.5,23.0,-0.022126827389001846,0.027
EOF4,21.5,23.5,-0.016710784286260605,0.027
EOF4,21.5,24.0,-0.011237786151468754,0.027
EOF4,21.5,24.5,-0.004461643286049366,0.027
EOF4,21.5,25.0,0.005813638214021921,0.027
EOF4,21.5,25.5,0.01556693110615015,0.027
EOF4,21.5,26.0,0.023037927225232124,0.027
EOF4,21.5,26.5,0.01900443062186241,0.027
EOF4,21.5,27.0,0.008732890710234642,0.027
EOF4,21.5,27.5,-0.0018549838569015265,0.027
EOF4,21.5,28.0,-0.010119195096194744,0.027
EOF4,21.5,28.5,-0.008262744173407555,0.027
EOF4,21.5,29.0,-0.0017531273188069463,0.027
EOF4,21.5,29.5,0.004844115115702152,0.027
EOF4,21.5,30.0,0.011502647772431374,0.027
EOF4,21.5,30.5,0.01199425756931305,0.027
EOF4,21.5,31.0,0.002105728955939412,0.027
EOF4,21.5,31.5,-0.0075442129746079445,0.027
EOF4,21.5,32.0,-0.012061170302331448,0.027
EOF4,21.5,32.5,-0.0017967276507988572,0.027
EOF4,21.5,33.0,0.008477206341922283,0.027
EOF4,21.5,33.5,0.01661263220012188,0.027
EOF4,21.5,34.0,0.014292716048657894,0.027
EOF4,21.5,34.5,0.007821433246135712,0.027
EOF4,22.0,0.5,0.016426878049969673,0.027
EOF4,22.0,1.0,0.011802803725004196,0.027
EOF4,22.0,1.5,0.011562422849237919,0.027
EOF4,22.0,2.0,0.014655724167823792,0.027
EOF4,22.0,2.5,0.023272676393389702,0.027
EOF4,22.0,3.0,0.03184768930077553,0.027
EOF4,22.0,3.5,0.048917148262262344,0.027
EOF4,22.0,4.0,0.05588046833872795,0.027
EOF4,22.0,4.5,0.05245090648531914,0.027
EOF4,22.0,5.0,0.039571553468704224,0.027
EOF4,22.0,5.5,0.02582431025803089,0.027
EOF4,22.0,6.0,0.015132374130189419,0.027
EOF4,22.0,6.5,0.005529462825506926,0.027
EOF4,22.0,7.0,-0.009620504453778267,0.027
EOF4,22.0,7.5,-0.030197445303201675,0.027
EOF4,22.0,8.0,-0.024661080911755562,0.027
EOF4,22.0,8.5,-0.019038770347833633,0.027
EOF4,22.0,9.0,-0.019316598773002625,0.027
EOF4,22.0,9.5,-0.019636783748865128,0.027
EOF4,22.0,10.0,-0.014244111254811287,0.027
EOF4,22.0,10.5,-0.012649085372686386,0.027
EOF4,22.0,11.0,-0.012332787737250328,0.027
EOF4,22.0,11.5,-0.010970461182296276,0.027
EOF4,22.0,12.0,-0.00857884157449007,0.027
EOF4,22.0,12.5,-0.00926660280674696,0.027
EOF4,22.0,13.0,-0.009977004490792751,0.027
EOF4,22.0,13.5,-0.013369003310799599,0.027
EOF4,22.0,14.0,-0.017686789855360985,0.027
EOF4,22.0,14.5,-0.018880704417824745,0.027
EOF4,22.0,15.0,-0.016903014853596687,0.027
EOF4,22.0,15.5,-0.015170031227171421,0.027
EOF4,22.0,16.0,-0.010873787105083466,0.027
EOF4,22.0,16.5,-0.003950739279389381,0.027
EOF4,22.0,17.0,0.0006920406594872475,0.027
EOF4,22.0,17.5,-0.001894482527859509,0.027
EOF4,22.0,18.0,-0.004565942566841841,0.027
EOF4,22.0,18.5,-0.011955074965953827,0.027
EOF4,22.0,19.0,-0.016520867124199867,0.027
EOF4,22.0,19.5,-0.018155597150325775,0.027
EOF4,22.0,20.0,-0.02338601090013981,0.027
EOF4,22.0,20.5,-0.028674094006419182,0.027
EOF4,22.0,21.0,-0.029114635661244392,0.027
EOF4,22.0,21.5,-0.02839464694261551,0.027
EOF4,22.0,22.0,-0.029034746810793877,0.027
EOF4,22.0,22.5,-0.029643181711435318,0.027
EOF4,22.0,23.0,-0.027008527889847755,0.027
EOF4,22.0,23.5,-0.02435128018260002,0.027
EOF4,22.0,24.0,-0.019536655396223068,0.027
EOF4,22.0,24.5,-0.012611771002411842,0.027
EOF4,22.0,25.0,-0.0019511892460286617,0.027
EOF4,22.0,25.5,0.0023419917561113834,0.027
EOF4,22.0,26.0,0.004582257475703955,0.027
EOF4,22.0,26.5,0.00031138138729147613,0.027
EOF4,22.0,27.0,-0.010662443935871124,0.027
EOF4,22.0,27.5,-0.01646886020898819,0.027
EOF4,22.0,28.0,-0.022125080227851868,0.027
EOF4,22.0,28.5,-0.02022648975253105,0.027
EOF4,22.0,29.0,-0.0158474650233984,0.027
EOF4,22.0,29.5,-0.010416990146040916,0.027
EOF4,22.0,30.0,-0.0038817499298602343,0.027
EOF4,22.0,30.5,0.00013170628517400473,0.027
EOF4,22.0,31.0,0.004111539106816053,0.027
EOF4,22.0,31.5,-0.002216245513409376,0.027
EOF4,22.0,32.0,-0.006821248214691877,0.027
EOF4,22.0,32.5,0.0035276098642498255,0.027
EOF4,22.0,33.0,0.007438082247972488,0.027
EOF4,22.0,33.5,0.009182332083582878,0.027
EOF4,22.0,34.0,0.006806934718042612,0.027
EOF4,22.0,34.5,0.00025586827541701496,0.027
EOF4,22.5,0.5,0.03787785395979881,0.027
EOF4,22.5,1.0,0.03340362012386322,0.027
EOF4,22.5,1.5,0.02889520302414894,0.027
EOF4,22.5,2.0,0.027698200196027756,0.027
EOF4,22.5,2.5,0.036206796765327454,0.027
EOF4,22.5,3.0,0.044617779552936554,0.027
EOF4,22.5,3.5,0.05291605740785599,0.027
EOF4,22.5,4.0,0.050990860909223557,0.027
EOF4,22.5,4.5,0.03828195482492447,0.027
EOF4,22.5,5.0,0.024781791493296623,0.027
EOF4,22.5,5.5,0.010450384579598904,0.027
EOF4,22.5,6.0,-0.0005378359346650541,0.027
EOF4,22.5,6.5,-0.010324773378670216,0.027
EOF4,22.5,7.0,-0.02020818181335926,0.027
EOF4,22.5,7.5,-0.03012610785663128,0.027
EOF4,22.5,8.0,-0.02449691668152809,0.027
EOF4,22.5,8.5,-0.018824942409992218,0.027
EOF4,22.5,9.0,-0.013185176998376846,0.027
EOF4,22.5,9.5,-0.009010083973407745,0.027
EOF4,22.5,10.0,-0.008668782189488411,0.027
EOF4,22.5,10.5,-0.00831891130656004,0.027
EOF4,22.5,11.0,-0.007970045320689678,0.027
EOF4,22.5,11.5,-0.008141724392771721,0.027
EOF4,22.5,12.0,-0.008867413736879826,0.027
EOF4,22.5,12.5,-0.00957995094358921,0.027
EOF4,22.5,13.0,-0.010292263701558113,0.027
EOF4,22.5,13.5,-0.013703063130378723,0.027
EOF4,22.5,14.0,-0.01805250532925129,0.027
EOF4,22.5,14.5,-0.022438151761889458,0.027
EOF4,22.5,15.0,-0.02678775228559971,0.027
EOF4,22.5,15.5,-0.02026236057281494,0.027
EOF4,22.5,16.0,-0.013541310094296932,0.027
EOF4,22.5,16.5,-0.006689407862722874,0.027
EOF4,22.5,17.0,-0.002089664340019226,0.027
EOF4,22.5,17.5,-0.0046855490654706955,0.027
EOF4,22.5,18.0,-0.007345471531152725,0.027
EOF4,22.5,18.5,-0.010066787712275982,0.027
EOF4,22.5,19.0,-0.014133140444755554,0.027
EOF4,22.5,19.5,-0.019511546939611435,0.027
EOF4,22.5,20.0,-0.024930959567427635,0.027
EOF4,22.5,20.5,-0.03037368319928646,0.027
EOF4,22.5,21.0,-0.03217656910419464,0.027
EOF4,22.5,21.5,-0.03282112628221512,0.027
EOF4,22.5,22.0,-0.03344239667057991,0.027
EOF4,22.5,22.5,-0.034037403762340546,0.027
EOF4,22.5,23.0,-0.03134319558739662,0.027
EOF4,22.5,23.5,-0.028628436848521233,0.027
EOF4,22.5,24.0,-0.025901898741722107,0.027
EOF4,22.5,24.5,-0.02318705804646015,0.027
EOF4,22.5,25.0,-0.020559629425406456,0.027
EOF4,22.5,25.5,-0.01798829436302185,0.027
EOF4,22.5,26.0,-0.015460047870874405,0.027
EOF4,22.5,26.5,-0.017142273485660553,0.027
EOF4,22.5,27.0,-0.02294134721159935,0.027
EOF4,22.5,27.5,-0.02861618436872959,0.027
EOF4,22.5,28.0,-0.03416437655687332,0.027
EOF4,22.5,28.5,-0.03226877748966217,0.027
EOF4,22.5,29.0,-0.027855321764945984,0.027
EOF4,22.5,29.5,-0.023446233943104744,0.027
EOF4,22.5,30.0,-0.019043300300836563,0.027
EOF4,22.5,30.5,-0.015019319020211697,0.027
EOF4,22.5,31.0,-0.011019716039299965,0.027
EOF4,22.5,31.5,-0.007037792820483446,0.027
EOF4,22.5,32.0,-0.003600309370085597,0.027
EOF4,22.5,32.5,-0.0018390186596661806,0.027
EOF4,22.5,33.0,-7.502204971387982e-05,0.027
EOF4,22.5,33.5,0.0016904090298339725,0.027
EOF4,22.5,34.0,0.0033535428810864687,0.027
EOF4,22.5,34.5,0.005032940302044153,0.027
EOF4,23.0,0.5,0.05291397497057915,0.027
EOF4,23.0,1.0,0.048495206981897354,0.027
EOF4,23.0,1.5,0.04806230217218399,0.027
EOF4,23.0,2.0,0.05080113559961319,0.027
EOF4,23.0,2.5,0.05904101952910423,0.027
EOF4,23.0,3.0,0.06709722429513931,0.027
EOF4,23.0,3.5,0.0648321583867073,0.027
EOF4,23.0,4.0,0.05789198353886604,0.027
EOF4,23.0,4.5,0.04623815417289734,0.027
EOF4,23.0,5.0,0.033361051231622696,0.027
EOF4,23.0,5.5,0.019684642553329468,0.027
EOF4,23.0,6.0,0.009120461530983448,0.027
EOF4,23.0,6.5,-0.0003324371064081788,0.027
EOF4,23.0,7.0,-0.006225107703357935,0.027
EOF4,23.0,7.5,-0.008517122827470303,0.027
EOF4,23.0,8.0,-0.00298021431080997,0.027
EOF4,23.0,8.5,0.002555818995460868,0.027
EOF4,23.0,9.0,-0.003311587031930685,0.027
EOF4,23.0,9.5,-0.01058913767337799,0.027
EOF4,23.0,10.0,-0.010459918528795242,0.027
EOF4,23.0,10.5,-0.010177971795201302,0.027
EOF4,23.0,11.0,-0.009832412004470825,0.027
EOF4,23.0,11.5,-0.010606648400425911,0.027
EOF4,23.0,12.0,-0.012493731454014778,0.027
EOF4,23.0,12.5,-0.013209456577897072,0.027
EOF4,23.0,13.0,-0.013906970620155334,0.027
EOF4,23.0,13.5,-0.017351359128952026,0.027
EOF4,23.0,14.0,-0.021747877821326256,0.027
EOF4,23.0,14.5,-0.02375814877450466,0.027
EOF4,23.0,15.0,-0.023376507684588432,0.027
EOF4,23.0,15.5,-0.02283930405974388,0.027
EOF4,23.0,16.0,-0.019243689253926277,0.027
EOF4,23.0,16.5,-0.012493458576500416,0.027
EOF4,23.0,17.0,-0.007134260609745979,0.027
EOF4,23.0,17.5,-0.006285698618739843,0.027
EOF4,23.0,18.0,-0.008026915602385998,0.027
EOF4,23.0,18.5,-0.010685833171010017,0.027
EOF4,23.0,19.0,-0.014654750935733318,0.027
EOF4,23.0,19.5,-0.019893430173397064,0.027
EOF4,23.0,20.0,-0.024004509672522545,0.027
EOF4,23.0,20.5,-0.024622073397040367,0.027
EOF4,23.0,21.0,-0.024451028555631638,0.027
EOF4,23.0,21.5,-0.02429845929145813,0.027
EOF4,23.0,22.0,-0.024998003616929054,0.027
EOF4,23.0,22.5,-0.02567308023571968,0.027
EOF4,23.0,23.0,-0.02291087806224823,0.027
EOF4,23.0,23.5,-0.02011733129620552,0.027
EOF4,23.0,24.0,-0.021920740604400635,0.027
EOF4,23.0,24.5,-0.024708280339837074,0.027
EOF4,23.0,25.0,-0.02600240521132946,0.027
EOF4,23.0,25.5,-0.024344053119421005,0.027
EOF4,23.0,26.0,-0.021743757650256157,0.027
EOF4,23.0,26.5,-0.01988338865339756,0.027
EOF4,23.0,27.0,-0.018769050016999245,0.027
EOF4,23.0,27.5,-0.024541722610592842,0.027
EOF4,23.0,28.0,-0.03023940697312355,0.027
EOF4,23.0,28.5,-0.03467747941613197,0.027
EOF4,23.0,29.0,-0.03654799237847328,0.027
EOF4,23.0,29.5,-0.03212366998195648,0.027
EOF4,23.0,30.0,-0.027711864560842514,0.027
EOF4,23.0,30.5,-0.023658305406570435,0.027
EOF4,23.0,31.0,-0.019624819979071617,0.027
EOF4,23.0,31.5,-0.012944351881742477,0.027
EOF4,23.0,32.0,-0.0051729087717831135,0.027
EOF4,23.0,32.5,0.0027427268214523792,0.027
EOF4,23.0,33.0,0.006000238005071878,0.027
EOF4,23.0,33.5,0.007749772630631924,0.027
EOF4,23.0,34.0,0.009471861645579338,0.027
EOF4,23.0,34.5,0.01118975505232811,0.027
EOF4,23.5,0.5,0.06888534128665924,0.027
EOF4,23.5,1.0,0.06968588382005692,0.027
EOF4,23.5,1.5,0.07047068327665329,0.027
EOF4,23.5,2.0,0.07305305451154709,0.027
EOF4,23.5,2.5,0.07596909254789352,0.027
EOF4,23.5,3.0,0.07376942783594131,0.027
EOF4,23.5,3.5,0.0715068131685257,0.027
EOF4,23.5,4.0,0.06460493057966232,0.027
EOF4,23.5,4.5,0.052952490746974945,0.027
EOF4,23.5,5.0,0.041100237518548965,0.027
EOF4,23.5,5.5,0.02849452570080757,0.027
EOF4,23.5,6.0,0.018372174352407455,0.027
EOF4,23.5,6.5,0.01650461181998253,0.027
EOF4,23.5,7.0,0.014614816755056381,0.027
EOF4,23.5,7.5,0.012692290358245373,0.027
EOF4,23.5,8.0,0.014373247511684895,0.027
EOF4,23.5,8.5,0.004803672432899475,0.027
EOF4,23.5,9.0,-0.004860274493694305,0.027
EOF4,23.5,9.5,-0.012142513878643513,0.027
EOF4,23.5,10.0,-0.012032974511384964,0.027
EOF4,23.5,10.5,-0.011922743171453476,0.027
EOF4,23.5,11.0,-0.011750198900699615,0.027
EOF4,23.5,11.5,-0.012535683810710907,0.027
EOF4,23.5,12.0,-0.014428460970520973,0.027
EOF4,23.5,12.5,-0.01630525104701519,0.027
EOF4,23.5,13.0,-0.017585089430212975,0.027
EOF4,23.5,13.5,-0.02102719433605671,0.027
EOF4,23.5,14.0,-0.02069833315908909,0.027
EOF4,23.5,14.5,-0.020337257534265518,0.027
EOF4,23.5,15.0,-0.019983582198619843,0.027
EOF4,23.5,15.5,-0.019416039809584618,0.027
EOF4,23.5,16.0,-0.018832676112651825,0.027
EOF4,23.5,16.5,-0.018185287714004517,0.027
EOF4,23.5,17.0,-0.012951908633112907,0.027
EOF4,23.5,17.5,-0.012099913321435452,0.027
EOF4,23.5,18.0,-0.011250271461904049,0.027
EOF4,23.5,18.5,-0.011263453401625156,0.027
EOF4,23.5,19.0,-0.015137412585318089,0.027
EOF4,23.5,19.5,-0.016782034188508987,0.027
EOF4,23.5,20.0,-0.01728248782455921,0.027
EOF4,23.5,20.5,-0.017793046310544014,0.027
EOF4,23.5,21.0,-0.0175305288285017,0.027
EOF4,23.5,21.5,-0.016995666548609734,0.027
EOF4,23.5,22.0,-0.016438733786344528,0.027
EOF4,23.5,22.5,-0.016863491386175156,0.027
EOF4,23.5,23.0,-0.015604914166033268,0.027
EOF4,23.5,23.5,-0.01902388036251068,0.027
EOF4,23.5,24.0,-0.022382821887731552,0.027
EOF4,23.5,24.5,-0.02518782764673233,0.027
EOF4,23.5,25.0,-0.026492565870285034,0.027
EOF4,23.5,25.5,-0.02776154689490795,0.027
EOF4,23.5,26.0,-0.02803354524075985,0.027
EOF4,23.5,26.5,-0.026126354932785034,0.027
EOF4,23.5,27.0,-0.02494172751903534,0.027
EOF4,23.5,27.5,-0.023766325786709785,0.027
EOF4,23.5,28.0,-0.026084113866090775,0.027
EOF4,23.5,28.5,-0.030655112117528915,0.027
EOF4,23.5,29.0,-0.0347386933863163,0.027
EOF4,23.5,29.5,-0.038717612624168396,0.027
EOF4,23.5,30.0,-0.03637438639998436,0.027
EOF4,23.5,30.5,-0.031440384685993195,0.027
EOF4,23.5,31.0,-0.023896558210253716,0.027
EOF4,23.5,31.5,-0.016225654631853104,0.027
EOF4,23.5,32.0,-0.008330246433615685,0.027
EOF4,23.5,32.5,-0.000222362854401581,0.027
EOF4,23.5,33.0,0.0076056369580328465,0.027
EOF4,23.5,33.5,0.013716613873839378,0.027
EOF4,23.5,34.0,0.015443477779626846,0.027
EOF4,23.5,34.5,0.009992064908146858,0.027
EOF4,24.0,0.5,0.08382333815097809,0.027
EOF4,24.0,1.0,0.08457545936107635,0.027
EOF4,24.0,1.5,0.0853048637509346,0.027
EOF4,24.0,2.0,0.08532676845788956,0.027
EOF4,24.0,2.5,0.0832526758313179,0.027
EOF4,24.0,3.0,0.08110751956701279,0.027
EOF4,24.0,3.5,0.0806790366768837,0.027
EOF4,24.0,4.0,0.07741740345954895,0.027
EOF4,24.0,4.5,0.06589692831039429,0.027
EOF4,24.0,5.0,0.054159991443157196,0.027
EOF4,24.0,5.5,0.04275381937623024,0.027
EOF4,24.0,6.0,0.029481681063771248,0.027
EOF4,24.0,6.5,0.027791351079940796,0.027
EOF4,24.0,7.0,0.026125678792595863,0.027
EOF4,24.0,7.5,0.024395760148763657,0.027
EOF4,24.0,8.0,0.01984596624970436,0.027
EOF4,24.0,8.5,0.010304215364158154,0.027
EOF4,24.0,9.0,0.0006577478488907218,0.027
EOF4,24.0,9.5,-0.006600191351026297,0.027
EOF4,24.0,10.0,-0.006423160433769226,0.027
EOF4,24.0,10.5,-0.006249005440622568,0.027
EOF4,24.0,11.0,-0.007922789081931114,0.027
EOF4,24.0,11.5,-0.014745717868208885,0.027
EOF4,24.0,12.0,-0.017726842314004898,0.027
EOF4,24.0,12.5,-0.01958031952381134,0.027
EOF4,24.0,13.0,-0.0214137751609087,0.027
EOF4,24.0,13.5,-0.021591637283563614,0.027
EOF4,24.0,14.0,-0.02123330906033516,0.027
EOF4,24.0,14.5,-0.020873399451375008,0.027
EOF4,24.0,15.0,-0.013127400539815426,0.027
EOF4,24.0,15.5,-0.012432238087058067,0.027
EOF4,24.0,16.0,-0.01176475826650858,0.027
EOF4,24.0,16.5,-0.011032942682504654,0.027
EOF4,24.0,17.0,-0.006850475911051035,0.027
EOF4,24.0,17.5,-0.006012091413140297,0.027
EOF4,24.0,18.0,-0.0051734657026827335,0.027
EOF4,24.0,18.5,-0.003807259490713477,0.027
EOF4,24.0,19.0,-0.009272633120417595,0.027
EOF4,24.0,19.5,-0.013098512776196003,0.027
EOF4,24.0,20.0,-0.01354309543967247,0.027
EOF4,24.0,20.5,-0.013988105580210686,0.027
EOF4,24.0,21.0,-0.013677929528057575,0.027
EOF4,24.0,21.5,-0.013098328374326229,0.027
EOF4,24.0,22.0,-0.012501667253673077,0.027
EOF4,24.0,22.5,-0.007723021320998669,0.027
EOF4,24.0,23.0,-0.0181084293872118,0.027
EOF4,24.0,23.5,-0.021496212109923363,0.027
EOF4,24.0,24.0,-0.024826694279909134,0.027
EOF4,24.0,24.5,-0.027068164199590683,0.027
EOF4,24.0,25.0,-0.02728532813489437,0.027
EOF4,24.0,25.5,-0.02857295423746109,0.027
EOF4,24.0,26.0,-0.029821297153830528,0.027
EOF4,24.0,26.5,-0.029837287962436676,0.027
EOF4,24.0,27.0,-0.028625130653381348,0.027
EOF4,24.0,27.5,-0.027423452585935593,0.027
EOF4,24.0,28.0,-0.02402966469526291,0.027
EOF4,24.0,28.5,-0.025855984538793564,0.027
EOF4,24.0,29.0,-0.03004562295973301,0.027
EOF4,24.0,29.5,-0.034127190709114075,0.027
EOF4,24.0,30.0,-0.03673159331083298,0.027
EOF4,24.0,30.5,-0.029243048280477524,0.027
EOF4,24.0,31.0,-0.02158893086016178,0.027
EOF4,24.0,31.5,-0.01382831297814846,0.027
EOF4,24.0,32.0,-0.0073723867535591125,0.027
EOF4,24.0,32.5,0.0008068268070928752,0.027
EOF4,24.0,33.0,0.008694997057318687,0.027
EOF4,24.0,33.5,0.013096355833113194,0.027
EOF4,24.0,34.0,0.010418050922453403,0.027
EOF4,24.0,34.5,0.0044852811843156815,0.027
EOF4,24.5,0.5,0.07130341231822968,0.027
EOF4,24.5,1.0,0.08860590308904648,0.027
EOF4,24.5,1.5,0.0934537872672081,0.027
EOF4,24.5,2.0,0.09350165724754333,0.027
EOF4,24.5,2.5,0.09147483855485916,0.027
EOF4,24.5,3.0,0.09453926980495453,0.027
EOF4,24.5,3.5,0.09918323904275894,0.027
EOF4,24.5,4.0,0.09592138230800629,0.027
EOF4,24.5,4.5,0.08468012511730194,0.027
EOF4,24.5,5.0,0.07457192242145538,0.027
EOF4,24.5,5.5,0.06405335664749146,0.027
EOF4,24.5,6.0,0.05055565759539604,0.027
EOF4,24.5,6.5,0.036370228976011276,0.027
EOF4,24.5,7.0,0.02857610583305359,0.027
EOF4,24.5,7.5,0.026933474466204643,0.027
EOF4,24.5,8.0,0.024175962433218956,0.027
EOF4,24.5,8.5,0.021253474056720734,0.027
EOF4,24.5,9.0,0.013286511413753033,0.027
EOF4,24.5,9.5,0.006094207521528006,0.027
EOF4,24.5,10.0,0.0064081549644470215,0.027
EOF4,24.5,10.5,0.0011589768109843135,0.027
EOF4,24.5,11.0,-0.0060014487244188786,0.027
EOF4,24.5,11.5,-0.012790564447641373,0.027
EOF4,24.5,12.0,-0.019013701006770134,0.027
EOF4,24.5,12.5,-0.02400343492627144,0.027
EOF4,24.5,13.0,-0.02578241005539894,0.027
EOF4,24.5,13.5,-0.02592175453901291,0.027
EOF4,24.5,14.0,-0.023120693862438202,0.027
EOF4,24.5,14.5,-0.012933637946844101,0.027
EOF4,24.5,15.0,-0.00261728186160326,0.027
EOF4,24.5,15.5,-0.0017854653997346759,0.027
EOF4,24.5,16.0,0.0012740433448925614,0.027
EOF4,24.5,16.5,0.006647998932749033,0.027
EOF4,24.5,17.0,0.010926765389740467,0.027
EOF4,24.5,17.5,0.01174456998705864,0.027
EOF4,24.5,18.0,0.014166563749313354,0.027
EOF4,24.5,18.5,0.017108764499425888,0.027
EOF4,24.5,19.0,0.01178325992077589,0.027
EOF4,24.5,19.5,-0.002049376256763935,0.027
EOF4,24.5,20.0,-0.012714182026684284,0.027
EOF4,24.5,20.5,-0.013146772049367428,0.027
EOF4,24.5,21.0,-0.012828261591494083,0.027
EOF4,24.5,21.5,-0.010888167656958103,0.027
EOF4,24.5,22.0,-0.004754732362926006,0.027
EOF4,24.5,22.5,0.0014590106438845396,0.027
EOF4,24.5,23.0,-0.011144369840621948,0.027
EOF4,24.5,23.5,-0.023647326976060867,0.027
EOF4,24.5,24.0,-0.029179172590374947,0.027
EOF4,24.5,24.5,-0.03138614073395729,0.027
EOF4,24.5,25.0,-0.030575165525078773,0.027
EOF4,24.5,25.5,-0.029735738411545753,0.027
EOF4,24.5,26.0,-0.031001213937997818,0.027
EOF4,24.5,26.5,-0.03100411966443062,0.027
EOF4,24.5,27.0,-0.02973043918609619,0.027
EOF4,24.5,27.5,-0.024014411494135857,0.027
EOF4,24.5,28.0,-0.018431510776281357,0.027
EOF4,24.5,28.5,-0.020333105698227882,0.027
EOF4,24.5,29.0,-0.024150699377059937,0.027
EOF4,24.5,29.5,-0.026515882462263107,0.027
EOF4,24.5,30.0,-0.028778383508324623,0.027
EOF4,24.5,30.5,-0.021176956593990326,0.027
EOF4,24.5,31.0,-0.014451663941144943,0.027
EOF4,24.5,31.5,-0.00866260938346386,0.027
EOF4,24.5,32.0,-0.002192140556871891,0.027
EOF4,24.5,32.5,0.0059379939921200275,0.027
EOF4,24.5,33.0,0.003871902823448181,0.027
EOF4,24.5,33.5,-0.0014929156750440598,0.027
EOF4,24.5,34.0,-0.0042204586789011955,0.027
EOF4,24.5,34.5,-0.004369842354208231,0.027
